query_id,conversation_id
Q000001,wiki-zh/1081824#c0
Q000002,wiki-zh/1081824#c1
Q000003,wiki-zh/1081824#c1
Q000004,wiki-zh/1081824#c1
Q000005,wiki-zh/1081824#c2
Q000006,wiki-zh/1081824#c2
Q000007,wiki-zh/1081824#c3
Q000008,wiki-zh/1081824#c3
Q000009,wiki-zh/1081824#c3
Q000010,wiki-zh/1081824#c4
Q000011,wiki-zh/1081824#c4
Q000012,wiki-zh/1081824#c5
Q000013,wiki-zh/1081824#c5
Q000014,wiki-zh/1081824#c5
Q000015,wiki-zh/1081824#c6
Q000016,wiki-zh/1081824#c6
Q000017,wiki-zh/1081824#c7
Q000018,wiki-zh/1081824#c7
Q000019,wiki-zh/1081824#c7
Q000020,wiki-zh/1081824#c7
Q000021,wiki-zh/1081824#c8
Q000022,wiki-zh/1081824#c7
Q000023,wiki-zh/1081824#c8
Q000024,wiki-zh/1081824#c9
Q000025,wiki-zh/1081824#c10
Q000026,wiki-zh/1081824#c11
Q000027,wiki-zh/1081824#c11
Q000028,wiki-zh/1081824#c11
Q000029,wiki-zh/1081824#c11
Q000030,wiki-zh/1081824#c11
Q000031,wiki-zh/1081824#c11
Q000032,wiki-zh/1081824#c11
Q000033,wiki-zh/1081824#c11
Q000034,wiki-zh/1081824#c11
Q000035,wiki-zh/1081824#c12
Q000036,wiki-zh/1081824#c12
Q000037,wiki-zh/1081824#c13
Q000038,wiki-zh/1081824#c13
Q000039,wiki-zh/1081824#c14
Q000040,wiki-zh/1081824#c14
Q000041,wiki-zh/1081824#c14
Q000042,wiki-zh/1081824#c14
Q000043,wiki-zh/1081824#c14
Q000044,wiki-zh/1081824#c15
Q000045,wiki-zh/1081824#c15
Q000046,wiki-zh/1081824#c14
Q000047,wiki-zh/1081824#c14
Q000048,wiki-zh/1081824#c14
Q000049,wiki-zh/1081824#c15
Q000050,wiki-zh/1081824#c16
Q000051,wiki-zh/1081824#c16
Q000052,wiki-zh/1081824#c17
Q000053,wiki-zh/1081824#c17
Q000054,wiki-zh/1081824#c17
Q000055,wiki-zh/1081824#c17
Q000056,wiki-zh/1081824#c18
Q000057,wiki-zh/1081824#c18
Q000058,wiki-zh/1081824#c18
Q000059,wiki-zh/1081824#c18
Q000060,wiki-zh/1081824#c18
Q000061,wiki-zh/1081824#c19
Q000062,wiki-zh/1081824#c19
Q000063,wiki-zh/1081824#c19
Q000064,wiki-zh/1081824#c19
Q000065,wiki-zh/1081824#c20
Q000066,wiki-zh/1081824#c20
Q000067,wiki-zh/1081824#c20
Q000068,wiki-zh/1081824#c19
Q000069,wiki-zh/1081824#c19
Q000070,wiki-zh/1081824#c19
Q000071,wiki-zh/1081824#c21
Q000072,wiki-zh/1081824#c21
Q000073,wiki-zh/1081824#c21
Q000074,wiki-zh/1081824#c21
Q000075,wiki-zh/1081824#c22
Q000076,wiki-zh/1081824#c22
Q000077,wiki-zh/1081824#c23
Q000078,wiki-zh/1081824#c23
Q000079,wiki-zh/1081824#c23
Q000080,wiki-zh/1081824#c24
Q000081,wiki-zh/1081824#c24
Q000082,wiki-zh/1081824#c24
Q000083,wiki-zh/1081824#c24
Q000084,wiki-zh/1081824#c25
Q000085,wiki-zh/1081824#c25
Q000086,wiki-zh/1081824#c24
Q000087,wiki-zh/1081824#c24
Q000088,wiki-zh/1081824#c26
Q000089,wiki-zh/1081824#c26
Q000090,wiki-zh/1081824#c26
Q000091,wiki-zh/1081824#c26
Q000092,wiki-zh/1081824#c27
Q000093,wiki-zh/1081824#c27
Q000094,wiki-zh/1081824#c28
Q000095,wiki-zh/1081824#c28
Q000096,wiki-zh/1081824#c29
Q000097,wiki-zh/1081824#c29
Q000098,wiki-zh/1081824#c29
Q000099,wiki-zh/1081824#c29
Q000100,wiki-zh/1081824#c29
Q000101,wiki-zh/1081824#c30
Q000102,wiki-zh/1081824#c30
Q000103,wiki-zh/1081824#c31
Q000104,wiki-zh/1081824#c31
Q000105,wiki-zh/1081824#c32
Q000106,wiki-zh/1081824#c32
Q000107,wiki-zh/1081824#c32
Q000108,wiki-zh/1081824#c33
Q000109,wiki-zh/1081824#c33
Q000110,wiki-zh/1081824#c34
Q000111,wiki-zh/1081824#c34
Q000112,wiki-zh/1081824#c34
Q000113,wiki-zh/1081824#c34
Q000114,wiki-zh/1081824#c35
Q000115,wiki-zh/1081824#c35
Q000116,wiki-zh/1081824#c36
Q000117,wiki-zh/1081824#c36
Q000118,wiki-zh/1081824#c36
Q000119,wiki-zh/1081824#c37
Q000120,wiki-zh/1081824#c37
Q000121,wiki-zh/1081824#c38
Q000122,wiki-zh/1081824#c38
Q000123,wiki-zh/1081824#c39
Q000124,wiki-zh/1081824#c39
Q000125,wiki-zh/1081824#c39
Q000126,wiki-zh/1081824#c39
Q000127,wiki-zh/1081824#c40
Q000128,wiki-zh/1081824#c40
Q000129,wiki-zh/1081824#c40
Q000130,wiki-zh/1081824#c40
Q000131,wiki-zh/1081824#c41
Q000132,wiki-zh/1081824#c41
Q000133,wiki-zh/1081824#c41
Q000134,wiki-zh/1081824#c41
Q000135,wiki-zh/1081824#c41
Q000136,wiki-zh/1081824#c41
Q000137,wiki-zh/1081824#c41
Q000138,wiki-zh/1081824#c42
Q000139,wiki-zh/1081824#c42
Q000140,wiki-zh/1081824#c42
Q000141,wiki-zh/1081824#c42
Q000142,wiki-zh/1081824#c42
Q000143,wiki-zh/1081824#c42
Q000144,wiki-zh/1081824#c42
Q000145,wiki-zh/1081824#c42
Q000146,wiki-zh/1081824#c42
Q000147,wiki-zh/1081824#c42
Q000148,wiki-zh/1081824#c43
Q000149,wiki-zh/1081824#c43
Q000150,wiki-zh/1081824#c43
Q000151,wiki-zh/1081824#c43
Q000152,wiki-zh/1081824#c42
Q000153,wiki-zh/1081824#c43
Q000154,wiki-zh/1081824#c44
Q000155,wiki-zh/1081824#c44
Q000156,wiki-zh/1081824#c45
Q000157,wiki-zh/1081824#c45
Q000158,wiki-zh/1081824#c46
Q000159,wiki-zh/1081824#c46
Q000160,wiki-zh/1081824#c47
Q000161,wiki-zh/1081824#c47
Q000162,wiki-zh/1081824#c48
Q000163,wiki-zh/1081824#c48
Q000164,wiki-zh/1081824#c48
Q000165,wiki-zh/1081824#c49
Q000166,wiki-zh/1081824#c48
Q000167,wiki-zh/1081824#c50
Q000168,wiki-zh/1081824#c50
Q000169,wiki-zh/1081824#c51
Q000170,wiki-zh/1081824#c51
Q000171,wiki-zh/1081824#c52
Q000172,wiki-zh/1081824#c52
Q000173,wiki-zh/1081824#c53
Q000174,wiki-zh/1081824#c53
Q000175,wiki-zh/1081824#c54
Q000176,wiki-zh/1081824#c54
Q000177,wiki-zh/1081824#c55
Q000178,wiki-zh/1081824#c55
Q000179,wiki-zh/1081824#c55
Q000180,wiki-zh/1081824#c56
Q000181,wiki-zh/1081824#c56
Q000182,wiki-zh/1081824#c57
Q000183,wiki-zh/1081824#c57
Q000184,wiki-zh/1081824#c57
Q000185,wiki-zh/1081824#c57
Q000186,wiki-zh/1081824#c58
Q000187,wiki-zh/1081824#c58
Q000188,wiki-zh/1081824#c58
Q000189,wiki-zh/1081824#c58
Q000190,wiki-zh/1081824#c58
Q000191,wiki-zh/120834#c0
Q000192,wiki-zh/120834#c1
Q000193,wiki-zh/120834#c2
Q000194,wiki-zh/120834#c2
Q000195,wiki-zh/120834#c2
Q000196,wiki-zh/120834#c2
Q000197,wiki-zh/120834#c2
Q000198,wiki-zh/120834#c2
Q000199,wiki-zh/120834#c2
Q000200,wiki-zh/120834#c3
Q000201,wiki-zh/120834#c3
Q000202,wiki-zh/120834#c3
Q000203,wiki-zh/120834#c3
Q000204,wiki-zh/120834#c4
Q000205,wiki-zh/120834#c5
Q000206,wiki-zh/120834#c3
Q000207,wiki-zh/120834#c2
Q000208,wiki-zh/120834#c6
Q000209,wiki-zh/120834#c6
Q000210,wiki-zh/120834#c7
Q000211,wiki-zh/120834#c7
Q000212,wiki-zh/120834#c7
Q000213,wiki-zh/120834#c8
Q000214,wiki-zh/120834#c8
Q000215,wiki-zh/120834#c8
Q000216,wiki-zh/120834#c8
Q000217,wiki-zh/120834#c9
Q000218,wiki-zh/120834#c9
Q000219,wiki-zh/120834#c10
Q000220,wiki-zh/120834#c11
Q000221,wiki-zh/120834#c11
Q000222,wiki-zh/120834#c12
Q000223,wiki-zh/120834#c12
Q000224,wiki-zh/120834#c12
Q000225,wiki-zh/120834#c12
Q000226,wiki-zh/120834#c13
Q000227,wiki-zh/120834#c13
Q000228,wiki-zh/120834#c13
Q000229,wiki-zh/120834#c14
Q000230,wiki-zh/120834#c14
Q000231,wiki-zh/120834#c14
Q000232,wiki-zh/120834#c14
Q000233,wiki-zh/120834#c15
Q000234,wiki-zh/120834#c16
Q000235,wiki-zh/120834#c17
Q000236,wiki-zh/120834#c17
Q000237,wiki-zh/120834#c18
Q000238,wiki-zh/120834#c18
Q000239,wiki-zh/120834#c17
Q000240,wiki-zh/120834#c18
Q000241,wiki-zh/120834#c18
Q000242,wiki-zh/120834#c18
Q000243,wiki-zh/120834#c18
Q000244,wiki-zh/120834#c18
Q000245,wiki-zh/120834#c19
Q000246,wiki-zh/120834#c19
Q000247,wiki-zh/120834#c20
Q000248,wiki-zh/120834#c20
Q000249,wiki-zh/120834#c20
Q000250,wiki-zh/120834#c20
Q000251,wiki-zh/120834#c20
Q000252,wiki-zh/120834#c20
Q000253,wiki-zh/120834#c20
Q000254,wiki-zh/120834#c20
Q000255,wiki-zh/120834#c21
Q000256,wiki-zh/120834#c21
Q000257,wiki-zh/120834#c22
Q000258,wiki-zh/120834#c22
Q000259,wiki-zh/120834#c20
Q000260,wiki-zh/120834#c23
Q000261,wiki-zh/120834#c24
Q000262,wiki-zh/120834#c24
Q000263,wiki-zh/120834#c25
Q000264,wiki-zh/120834#c25
Q000265,wiki-zh/120834#c26
Q000266,wiki-zh/120834#c26
Q000267,wiki-zh/120834#c27
Q000268,wiki-zh/120834#c27
Q000269,wiki-zh/120834#c28
Q000270,wiki-zh/120834#c28
Q000271,wiki-zh/120834#c28
Q000272,wiki-zh/120834#c28
Q000273,wiki-zh/120834#c28
Q000274,wiki-zh/120834#c29
Q000275,wiki-zh/120834#c30
Q000276,wiki-zh/120834#c31
Q000277,wiki-zh/120834#c32
Q000278,wiki-zh/120834#c33
Q000279,wiki-zh/120834#c33
Q000280,wiki-zh/120834#c34
Q000281,wiki-zh/120834#c34
Q000282,wiki-zh/120834#c35
Q000283,wiki-zh/120834#c35
Q000284,wiki-zh/120834#c36
Q000285,wiki-zh/120834#c36
Q000286,wiki-zh/120834#c37
Q000287,wiki-zh/120834#c37
Q000288,wiki-zh/120834#c38
Q000289,wiki-zh/120834#c38
Q000290,wiki-zh/120834#c39
Q000291,wiki-zh/120834#c39
Q000292,wiki-zh/120834#c40
Q000293,wiki-zh/120834#c40
Q000294,wiki-zh/120834#c41
Q000295,wiki-zh/120834#c41
Q000296,wiki-zh/120834#c42
Q000297,wiki-zh/120834#c42
Q000298,wiki-zh/120834#c43
Q000299,wiki-zh/120834#c43
Q000300,wiki-zh/120834#c44
Q000301,wiki-zh/120834#c44
Q000302,wiki-zh/120834#c45
Q000303,wiki-zh/120834#c45
Q000304,wiki-zh/120834#c46
Q000305,wiki-zh/120834#c46
Q000306,wiki-zh/120834#c47
Q000307,wiki-zh/120834#c47
Q000308,wiki-zh/120834#c48
Q000309,wiki-zh/120834#c48
Q000310,wiki-zh/120834#c49
Q000311,wiki-zh/120834#c49
Q000312,wiki-zh/120834#c50
Q000313,wiki-zh/120834#c50
Q000314,wiki-zh/120834#c51
Q000315,wiki-zh/120834#c51
Q000316,wiki-zh/120834#c52
Q000317,wiki-zh/120834#c52
Q000318,wiki-zh/120834#c52
Q000319,wiki-zh/120834#c52
Q000320,wiki-zh/120834#c52
Q000321,wiki-zh/120834#c53
Q000322,wiki-zh/120834#c53
Q000323,wiki-zh/120834#c54
Q000324,wiki-zh/120834#c54
Q000325,wiki-zh/120834#c55
Q000326,wiki-zh/120834#c56
Q000327,wiki-zh/120834#c57
Q000328,wiki-zh/120834#c58
Q000329,wiki-zh/120834#c59
Q000330,wiki-zh/120834#c60
Q000331,wiki-zh/120834#c61
Q000332,wiki-zh/120834#c62
Q000333,wiki-zh/120834#c63
Q000334,wiki-zh/120834#c64
Q000335,wiki-zh/120834#c65
Q000336,wiki-zh/120834#c65
Q000337,wiki-zh/120834#c66
Q000338,wiki-zh/120834#c66
Q000339,wiki-zh/120834#c66
Q000340,wiki-zh/120834#c67
Q000341,wiki-zh/120834#c66
Q000342,wiki-zh/120834#c66
Q000343,wiki-zh/120834#c68
Q000344,wiki-zh/120834#c68
Q000345,wiki-zh/120834#c68
Q000346,wiki-zh/120834#c68
Q000347,wiki-zh/120834#c68
Q000348,wiki-zh/120834#c68
Q000349,wiki-zh/120834#c68
Q000350,wiki-zh/120834#c68
Q000351,wiki-zh/120834#c68
Q000352,wiki-zh/120834#c68
Q000353,wiki-zh/120834#c69
Q000354,wiki-zh/120834#c69
Q000355,wiki-zh/120834#c69
Q000356,wiki-zh/120834#c69
Q000357,wiki-zh/120834#c69
Q000358,wiki-zh/120834#c69
Q000359,wiki-zh/120834#c69
Q000360,wiki-zh/120834#c69
Q000361,wiki-zh/120834#c69
Q000362,wiki-zh/120834#c69
Q000363,wiki-zh/120834#c69
Q000364,wiki-zh/120834#c69
Q000365,wiki-zh/120834#c69
Q000366,wiki-zh/120834#c69
Q000367,wiki-zh/120834#c69
Q000368,wiki-zh/120834#c69
Q000369,wiki-zh/120834#c69
Q000370,wiki-zh/120834#c69
Q000371,wiki-zh/120834#c70
Q000372,wiki-zh/120834#c70
Q000373,wiki-zh/120834#c70
Q000374,wiki-zh/120834#c71
Q000375,wiki-zh/120834#c71
Q000376,wiki-zh/120834#c71
Q000377,wiki-zh/120834#c72
Q000378,wiki-zh/120834#c72
Q000379,wiki-zh/120834#c73
Q000380,wiki-zh/120834#c73
Q000381,wiki-zh/120834#c73
Q000382,wiki-zh/120834#c73
Q000383,wiki-zh/120834#c73
Q000384,wiki-zh/120834#c73
Q000385,wiki-zh/120834#c73
Q000386,wiki-zh/120834#c73
Q000387,wiki-zh/120834#c73
Q000388,wiki-zh/120834#c73
Q000389,wiki-zh/120834#c73
Q000390,wiki-zh/120834#c73
Q000391,wiki-zh/120834#c73
Q000392,wiki-zh/120834#c73
Q000393,wiki-zh/120834#c73
Q000394,wiki-zh/120834#c74
Q000395,wiki-zh/120834#c74
Q000396,wiki-zh/120834#c73
Q000397,wiki-zh/120834#c75
Q000398,wiki-zh/120834#c75
Q000399,wiki-zh/120834#c75
Q000400,wiki-zh/120834#c76
Q000401,wiki-zh/120834#c76
Q000402,wiki-zh/120834#c76
Q000403,wiki-zh/120834#c76
Q000404,wiki-zh/120834#c76
Q000405,wiki-zh/120834#c77
Q000406,wiki-zh/120834#c77
Q000407,wiki-zh/120834#c76
Q000408,wiki-zh/120834#c76
Q000409,wiki-zh/120834#c76
Q000410,wiki-zh/120834#c78
Q000411,wiki-zh/120834#c78
Q000412,wiki-zh/120834#c78
Q000413,wiki-zh/120834#c78
Q000414,wiki-zh/120834#c78
Q000415,wiki-zh/120834#c78
Q000416,wiki-zh/120834#c79
Q000417,wiki-zh/120834#c79
Q000418,wiki-zh/120834#c79
Q000419,wiki-zh/120834#c79
Q000420,wiki-zh/120834#c79
Q000421,wiki-zh/120834#c79
Q000422,wiki-zh/120834#c79
Q000423,wiki-zh/120834#c79
Q000424,wiki-zh/120834#c79
Q000425,wiki-zh/120834#c79
Q000426,wiki-zh/120834#c80
Q000427,wiki-zh/120834#c80
Q000428,wiki-zh/120834#c81
Q000429,wiki-zh/120834#c81
Q000430,wiki-zh/120834#c82
Q000431,wiki-zh/120834#c83
Q000432,wiki-zh/120834#c83
Q000433,wiki-zh/120834#c84
Q000434,wiki-zh/120834#c84
Q000435,wiki-zh/1225034#c0
Q000436,wiki-zh/1225034#c1
Q000437,wiki-zh/1225034#c1
Q000438,wiki-zh/1225034#c2
Q000439,wiki-zh/1225034#c3
Q000440,wiki-zh/1225034#c3
Q000441,wiki-zh/1225034#c4
Q000442,wiki-zh/1225034#c4
Q000443,wiki-zh/1225034#c5
Q000444,wiki-zh/1225034#c5
Q000445,wiki-zh/1225034#c6
Q000446,wiki-zh/1225034#c7
Q000447,wiki-zh/1225034#c8
Q000448,wiki-zh/1225034#c8
Q000449,wiki-zh/1225034#c9
Q000450,wiki-zh/1225034#c9
Q000451,wiki-zh/1225034#c10
Q000452,wiki-zh/1225034#c11
Q000453,wiki-zh/1225034#c11
Q000454,wiki-zh/1225034#c10
Q000455,wiki-zh/1225034#c12
Q000456,wiki-zh/1225034#c12
Q000457,wiki-zh/1225034#c13
Q000458,wiki-zh/1225034#c13
Q000459,wiki-zh/1225034#c14
Q000460,wiki-zh/1225034#c14
Q000461,wiki-zh/1225034#c15
Q000462,wiki-zh/1225034#c15
Q000463,wiki-zh/1225034#c16
Q000464,wiki-zh/1225034#c16
Q000465,wiki-zh/1225034#c16
Q000466,wiki-zh/1225034#c16
Q000467,wiki-zh/1225034#c16
Q000468,wiki-zh/1225034#c16
Q000469,wiki-zh/1225034#c17
Q000470,wiki-zh/1225034#c17
Q000471,wiki-zh/1225034#c18
Q000472,wiki-zh/1225034#c18
Q000473,wiki-zh/1225034#c19
Q000474,wiki-zh/1225034#c19
Q000475,wiki-zh/1225034#c20
Q000476,wiki-zh/1225034#c20
Q000477,wiki-zh/1225034#c21
Q000478,wiki-zh/1225034#c21
Q000479,wiki-zh/1225034#c21
Q000480,wiki-zh/1225034#c21
Q000481,wiki-zh/1225034#c21
Q000482,wiki-zh/1225034#c21
Q000483,wiki-zh/1225034#c21
Q000484,wiki-zh/1225034#c21
Q000485,wiki-zh/1225034#c22
Q000486,wiki-zh/1225034#c22
Q000487,wiki-zh/1225034#c22
Q000488,wiki-zh/1225034#c22
Q000489,wiki-zh/1225034#c22
Q000490,wiki-zh/1225034#c22
Q000491,wiki-zh/1225034#c23
Q000492,wiki-zh/1225034#c23
Q000493,wiki-zh/1225034#c22
Q000494,wiki-zh/1225034#c22
Q000495,wiki-zh/1225034#c24
Q000496,wiki-zh/1225034#c25
Q000497,wiki-zh/1225034#c25
Q000498,wiki-zh/1225034#c25
Q000499,wiki-zh/1225034#c25
Q000500,wiki-zh/1225034#c25
Q000501,wiki-zh/1225034#c25
Q000502,wiki-zh/1225034#c25
Q000503,wiki-zh/1225034#c25
Q000504,wiki-zh/1225034#c26
Q000505,wiki-zh/1225034#c26
Q000506,wiki-zh/1225034#c26
Q000507,wiki-zh/1225034#c27
Q000508,wiki-zh/1225034#c27
Q000509,wiki-zh/1225034#c27
Q000510,wiki-zh/1225034#c28
Q000511,wiki-zh/1225034#c28
Q000512,wiki-zh/1225034#c29
Q000513,wiki-zh/1225034#c29
Q000514,wiki-zh/1225034#c29
Q000515,wiki-zh/1225034#c30
Q000516,wiki-zh/1225034#c30
Q000517,wiki-zh/1225034#c31
Q000518,wiki-zh/1225034#c31
Q000519,wiki-zh/1225034#c31
Q000520,wiki-zh/1225034#c32
Q000521,wiki-zh/1225034#c32
Q000522,wiki-zh/1225034#c31
Q000523,wiki-zh/1225034#c31
Q000524,wiki-zh/1225034#c31
Q000525,wiki-zh/1225034#c33
Q000526,wiki-zh/1225034#c34
Q000527,wiki-zh/1225034#c35
Q000528,wiki-zh/1225034#c35
Q000529,wiki-zh/1225034#c35
Q000530,wiki-zh/1225034#c36
Q000531,wiki-zh/1225034#c37
Q000532,wiki-zh/1225034#c37
Q000533,wiki-zh/1225034#c38
Q000534,wiki-zh/1225034#c39
Q000535,wiki-zh/1225034#c39
Q000536,wiki-zh/1225034#c40
Q000537,wiki-zh/1225034#c41
Q000538,wiki-zh/1225034#c42
Q000539,wiki-zh/1225034#c42
Q000540,wiki-zh/1225034#c42
Q000541,wiki-zh/1225034#c42
Q000542,wiki-zh/1225034#c42
Q000543,wiki-zh/1225034#c42
Q000544,wiki-zh/1225034#c43
Q000545,wiki-zh/1225034#c43
Q000546,wiki-zh/1225034#c42
Q000547,wiki-zh/1225034#c44
Q000548,wiki-zh/1225034#c44
Q000549,wiki-zh/1225034#c42
Q000550,wiki-zh/1225034#c42
Q000551,wiki-zh/1225034#c45
Q000552,wiki-zh/1225034#c45
Q000553,wiki-zh/1225034#c45
Q000554,wiki-zh/1225034#c45
Q000555,wiki-zh/1225034#c45
Q000556,wiki-zh/1225034#c46
Q000557,wiki-zh/1225034#c47
Q000558,wiki-zh/1225034#c47
Q000559,wiki-zh/1225034#c48
Q000560,wiki-zh/1225034#c48
Q000561,wiki-zh/1225034#c49
Q000562,wiki-zh/1225034#c49
Q000563,wiki-zh/1225034#c49
Q000564,wiki-zh/1225034#c49
Q000565,wiki-zh/1225034#c49
Q000566,wiki-zh/1225034#c49
Q000567,wiki-zh/1225034#c49
Q000568,wiki-zh/1225034#c50
Q000569,wiki-zh/1225034#c51
Q000570,wiki-zh/1225034#c52
Q000571,wiki-zh/1225034#c53
Q000572,wiki-zh/1225034#c49
Q000573,wiki-zh/1225034#c49
Q000574,wiki-zh/1225034#c49
Q000575,wiki-zh/1225034#c54
Q000576,wiki-zh/1225034#c54
Q000577,wiki-zh/1225034#c54
Q000578,wiki-zh/1225034#c55
Q000579,wiki-zh/1225034#c55
Q000580,wiki-zh/1225034#c56
Q000581,wiki-zh/1225034#c56
Q000582,wiki-zh/1225034#c56
Q000583,wiki-zh/1225034#c56
Q000584,wiki-zh/1225034#c56
Q000585,wiki-zh/1225034#c56
Q000586,wiki-zh/1225034#c56
Q000587,wiki-zh/1225034#c56
Q000588,wiki-zh/1225034#c56
Q000589,wiki-zh/1225034#c56
Q000590,wiki-zh/1225034#c57
Q000591,wiki-zh/1225034#c57
Q000592,wiki-zh/1225034#c56
Q000593,wiki-zh/1225034#c56
Q000594,wiki-zh/1225034#c56
Q000595,wiki-zh/1225034#c56
Q000596,wiki-zh/1225034#c56
Q000597,wiki-zh/1225034#c56
Q000598,wiki-zh/1225034#c56
Q000599,wiki-zh/1225034#c56
Q000600,wiki-zh/1225034#c56
Q000601,wiki-zh/1225034#c56
Q000602,wiki-zh/1225034#c58
Q000603,wiki-zh/1225034#c58
Q000604,wiki-zh/1225034#c59
Q000605,wiki-zh/1225034#c59
Q000606,wiki-zh/1225034#c60
Q000607,wiki-zh/1225034#c60
Q000608,wiki-zh/1225034#c59
Q000609,wiki-zh/1225034#c59
Q000610,wiki-zh/1225034#c59
Q000611,wiki-zh/1225034#c59
Q000612,wiki-zh/1225034#c59
Q000613,wiki-zh/1225034#c59
Q000614,wiki-zh/1225034#c59
Q000615,wiki-zh/1225034#c59
Q000616,wiki-zh/1225034#c59
Q000617,wiki-zh/1225034#c59
Q000618,wiki-zh/1225034#c59
Q000619,wiki-zh/1225034#c59
Q000620,wiki-zh/1225034#c59
Q000621,wiki-zh/1225034#c61
Q000622,wiki-zh/1225034#c61
Q000623,wiki-zh/1225034#c62
Q000624,wiki-zh/1225034#c62
Q000625,wiki-zh/1225034#c62
Q000626,wiki-zh/1225034#c63
Q000627,wiki-zh/1225034#c64
Q000628,wiki-zh/1225034#c64
Q000629,wiki-zh/1225034#c64
Q000630,wiki-zh/1225034#c64
Q000631,wiki-zh/1225034#c65
Q000632,wiki-zh/1225034#c65
Q000633,wiki-zh/1225034#c66
Q000634,wiki-zh/1225034#c66
Q000635,wiki-zh/1225034#c66
Q000636,wiki-zh/1225034#c66
Q000637,wiki-zh/1225034#c67
Q000638,wiki-zh/1225034#c67
Q000639,wiki-zh/1225034#c67
Q000640,wiki-zh/1353436#c0
Q000641,wiki-zh/1353436#c0
Q000642,wiki-zh/1353436#c0
Q000643,wiki-zh/1353436#c0
Q000644,wiki-zh/1353436#c0
Q000645,wiki-zh/1353436#c0
Q000646,wiki-zh/1353436#c0
Q000647,wiki-zh/1353436#c0
Q000648,wiki-zh/1353436#c1
Q000649,wiki-zh/1353436#c1
Q000650,wiki-zh/1353436#c2
Q000651,wiki-zh/1353436#c2
Q000652,wiki-zh/1353436#c3
Q000653,wiki-zh/1353436#c3
Q000654,wiki-zh/1353436#c3
Q000655,wiki-zh/1353436#c3
Q000656,wiki-zh/1353436#c4
Q000657,wiki-zh/1353436#c3
Q000658,wiki-zh/1353436#c5
Q000659,wiki-zh/1353436#c6
Q000660,wiki-zh/1353436#c6
Q000661,wiki-zh/1353436#c7
Q000662,wiki-zh/1353436#c7
Q000663,wiki-zh/1353436#c7
Q000664,wiki-zh/1353436#c7
Q000665,wiki-zh/1353436#c8
Q000666,wiki-zh/1353436#c8
Q000667,wiki-zh/1353436#c8
Q000668,wiki-zh/1353436#c9
Q000669,wiki-zh/1353436#c9
Q000670,wiki-zh/1353436#c8
Q000671,wiki-zh/1353436#c9
Q000672,wiki-zh/1353436#c10
Q000673,wiki-zh/1353436#c10
Q000674,wiki-zh/1353436#c10
Q000675,wiki-zh/1353436#c11
Q000676,wiki-zh/1353436#c11
Q000677,wiki-zh/1353436#c11
Q000678,wiki-zh/1353436#c12
Q000679,wiki-zh/1353436#c12
Q000680,wiki-zh/1353436#c13
Q000681,wiki-zh/1353436#c13
Q000682,wiki-zh/1353436#c14
Q000683,wiki-zh/1353436#c14
Q000684,wiki-zh/1353436#c10
Q000685,wiki-zh/1353436#c14
Q000686,wiki-zh/1353436#c14
Q000687,wiki-zh/1353436#c14
Q000688,wiki-zh/1353436#c14
Q000689,wiki-zh/1353436#c15
Q000690,wiki-zh/1353436#c15
Q000691,wiki-zh/1353436#c15
Q000692,wiki-zh/1353436#c16
Q000693,wiki-zh/1353436#c16
Q000694,wiki-zh/1353436#c16
Q000695,wiki-zh/1353436#c17
Q000696,wiki-zh/1353436#c17
Q000697,wiki-zh/1353436#c18
Q000698,wiki-zh/1353436#c18
Q000699,wiki-zh/1353436#c18
Q000700,wiki-zh/1353436#c19
Q000701,wiki-zh/1353436#c10
Q000702,wiki-zh/1353436#c20
Q000703,wiki-zh/1353436#c20
Q000704,wiki-zh/1353436#c20
Q000705,wiki-zh/1353436#c20
Q000706,wiki-zh/1353436#c20
Q000707,wiki-zh/1353436#c20
Q000708,wiki-zh/1353436#c20
Q000709,wiki-zh/1353436#c20
Q000710,wiki-zh/1353436#c20
Q000711,wiki-zh/1353436#c20
Q000712,wiki-zh/1353436#c20
Q000713,wiki-zh/1353436#c20
Q000714,wiki-zh/1353436#c20
Q000715,wiki-zh/1353436#c20
Q000716,wiki-zh/1353436#c20
Q000717,wiki-zh/1353436#c20
Q000718,wiki-zh/1353436#c20
Q000719,wiki-zh/1353436#c20
Q000720,wiki-zh/1353436#c20
Q000721,wiki-zh/1353436#c21
Q000722,wiki-zh/1353436#c21
Q000723,wiki-zh/1353436#c21
Q000724,wiki-zh/1353436#c22
Q000725,wiki-zh/1353436#c22
Q000726,wiki-zh/1353436#c22
Q000727,wiki-zh/1353436#c22
Q000728,wiki-zh/1353436#c22
Q000729,wiki-zh/1353436#c22
Q000730,wiki-zh/1353436#c22
Q000731,wiki-zh/1353436#c22
Q000732,wiki-zh/1353436#c22
Q000733,wiki-zh/1353436#c22
Q000734,wiki-zh/1353436#c22
Q000735,wiki-zh/1353436#c22
Q000736,wiki-zh/1353436#c23
Q000737,wiki-zh/1353436#c23
Q000738,wiki-zh/1353436#c22
Q000739,wiki-zh/1353436#c20
Q000740,wiki-zh/1353436#c20
Q000741,wiki-zh/1353436#c20
Q000742,wiki-zh/1353436#c20
Q000743,wiki-zh/1353436#c20
Q000744,wiki-zh/1353436#c20
Q000745,wiki-zh/1353436#c24
Q000746,wiki-zh/1353436#c24
Q000747,wiki-zh/1353436#c20
Q000748,wiki-zh/1353436#c20
Q000749,wiki-zh/1353436#c20
Q000750,wiki-zh/1353436#c20
Q000751,wiki-zh/1353436#c20
Q000752,wiki-zh/1353436#c20
Q000753,wiki-zh/1353436#c20
Q000754,wiki-zh/1353436#c20
Q000755,wiki-zh/1353436#c20
Q000756,wiki-zh/1353436#c20
Q000757,wiki-zh/1353436#c20
Q000758,wiki-zh/1353436#c20
Q000759,wiki-zh/1353436#c25
Q000760,wiki-zh/1353436#c25
Q000761,wiki-zh/1353436#c25
Q000762,wiki-zh/1353436#c25
Q000763,wiki-zh/1353436#c20
Q000764,wiki-zh/1353436#c25
Q000765,wiki-zh/1353436#c25
Q000766,wiki-zh/1353436#c25
Q000767,wiki-zh/1353436#c25
Q000768,wiki-zh/1353436#c26
Q000769,wiki-zh/1353436#c26
Q000770,wiki-zh/1353436#c26
Q000771,wiki-zh/1353436#c26
Q000772,wiki-zh/1353436#c26
Q000773,wiki-zh/1353436#c26
Q000774,wiki-zh/1353436#c26
Q000775,wiki-zh/1353436#c26
Q000776,wiki-zh/1353436#c26
Q000777,wiki-zh/1353436#c26
Q000778,wiki-zh/1353436#c26
Q000779,wiki-zh/1353436#c26
Q000780,wiki-zh/1353436#c26
Q000781,wiki-zh/1353436#c26
Q000782,wiki-zh/1353436#c26
Q000783,wiki-zh/1353436#c26
Q000784,wiki-zh/1353436#c26
Q000785,wiki-zh/1353436#c26
Q000786,wiki-zh/1353436#c26
Q000787,wiki-zh/1353436#c26
Q000788,wiki-zh/1353436#c26
Q000789,wiki-zh/1353436#c26
Q000790,wiki-zh/1353436#c26
Q000791,wiki-zh/1353436#c26
Q000792,wiki-zh/1353436#c26
Q000793,wiki-zh/1353436#c26
Q000794,wiki-zh/1353436#c26
Q000795,wiki-zh/1353436#c26
Q000796,wiki-zh/1353436#c26
Q000797,wiki-zh/1353436#c27
Q000798,wiki-zh/1353436#c27
Q000799,wiki-zh/1353436#c26
Q000800,wiki-zh/1353436#c26
Q000801,wiki-zh/1353436#c27
Q000802,wiki-zh/1353436#c27
Q000803,wiki-zh/1353436#c27
Q000804,wiki-zh/1353436#c28
Q000805,wiki-zh/1353436#c28
Q000806,wiki-zh/1353436#c28
Q000807,wiki-zh/1353436#c28
Q000808,wiki-zh/1353436#c28
Q000809,wiki-zh/1353436#c29
Q000810,wiki-zh/1353436#c29
Q000811,wiki-zh/1353436#c30
Q000812,wiki-zh/1353436#c31
Q000813,wiki-zh/1353436#c31
Q000814,wiki-zh/1353436#c31
Q000815,wiki-zh/1353436#c31
Q000816,wiki-zh/1353436#c32
Q000817,wiki-zh/1353436#c32
Q000818,wiki-zh/1353436#c32
Q000819,wiki-zh/1353436#c32
Q000820,wiki-zh/1353436#c32
Q000821,wiki-zh/1353436#c32
Q000822,wiki-zh/1353436#c32
Q000823,wiki-zh/1353436#c32
Q000824,wiki-zh/1353436#c32
Q000825,wiki-zh/1353436#c32
Q000826,wiki-zh/1353436#c33
Q000827,wiki-zh/1353436#c33
Q000828,wiki-zh/1353436#c34
Q000829,wiki-zh/1353436#c34
Q000830,wiki-zh/1353436#c35
Q000831,wiki-zh/1353436#c35
Q000832,wiki-zh/1353436#c35
Q000833,wiki-zh/1353436#c36
Q000834,wiki-zh/1353436#c36
Q000835,wiki-zh/1353436#c36
Q000836,wiki-zh/1353436#c36
Q000837,wiki-zh/1353436#c36
Q000838,wiki-zh/1353436#c37
Q000839,wiki-zh/1353436#c37
Q000840,wiki-zh/1353436#c38
Q000841,wiki-zh/1353436#c38
Q000842,wiki-zh/1353436#c39
Q000843,wiki-zh/1353436#c39
Q000844,wiki-zh/1353436#c39
Q000845,wiki-zh/1353436#c39
Q000846,wiki-zh/1353436#c39
Q000847,wiki-zh/1353436#c40
Q000848,wiki-zh/1353436#c40
Q000849,wiki-zh/1353436#c41
Q000850,wiki-zh/1353436#c41
Q000851,wiki-zh/1353436#c42
Q000852,wiki-zh/1353436#c42
Q000853,wiki-zh/1353436#c42
Q000854,wiki-zh/1353436#c42
Q000855,wiki-zh/1353436#c42
Q000856,wiki-zh/1353436#c43
Q000857,wiki-zh/1353436#c43
Q000858,wiki-zh/1423112#c0
Q000859,wiki-zh/1423112#c1
Q000860,wiki-zh/1423112#c2
Q000861,wiki-zh/1423112#c2
Q000862,wiki-zh/1423112#c3
Q000863,wiki-zh/1423112#c3
Q000864,wiki-zh/1423112#c4
Q000865,wiki-zh/1423112#c4
Q000866,wiki-zh/1423112#c4
Q000867,wiki-zh/1423112#c4
Q000868,wiki-zh/1423112#c4
Q000869,wiki-zh/1423112#c4
Q000870,wiki-zh/1423112#c4
Q000871,wiki-zh/1423112#c4
Q000872,wiki-zh/1423112#c4
Q000873,wiki-zh/1423112#c4
Q000874,wiki-zh/1423112#c4
Q000875,wiki-zh/1423112#c5
Q000876,wiki-zh/1423112#c5
Q000877,wiki-zh/1423112#c5
Q000878,wiki-zh/1423112#c5
Q000879,wiki-zh/1423112#c5
Q000880,wiki-zh/1423112#c5
Q000881,wiki-zh/1423112#c5
Q000882,wiki-zh/1423112#c5
Q000883,wiki-zh/1423112#c5
Q000884,wiki-zh/1423112#c5
Q000885,wiki-zh/1423112#c6
Q000886,wiki-zh/1423112#c6
Q000887,wiki-zh/1423112#c6
Q000888,wiki-zh/1423112#c6
Q000889,wiki-zh/1423112#c6
Q000890,wiki-zh/1423112#c7
Q000891,wiki-zh/1423112#c7
Q000892,wiki-zh/1423112#c7
Q000893,wiki-zh/1423112#c7
Q000894,wiki-zh/1423112#c7
Q000895,wiki-zh/1423112#c7
Q000896,wiki-zh/1423112#c7
Q000897,wiki-zh/1423112#c7
Q000898,wiki-zh/1423112#c7
Q000899,wiki-zh/1423112#c7
Q000900,wiki-zh/1423112#c7
Q000901,wiki-zh/1423112#c7
Q000902,wiki-zh/1423112#c7
Q000903,wiki-zh/1423112#c7
Q000904,wiki-zh/1423112#c7
Q000905,wiki-zh/1423112#c7
Q000906,wiki-zh/1423112#c7
Q000907,wiki-zh/1423112#c7
Q000908,wiki-zh/1423112#c7
Q000909,wiki-zh/1423112#c7
Q000910,wiki-zh/1423112#c7
Q000911,wiki-zh/1423112#c7
Q000912,wiki-zh/1423112#c7
Q000913,wiki-zh/1423112#c7
Q000914,wiki-zh/1423112#c7
Q000915,wiki-zh/1423112#c7
Q000916,wiki-zh/1423112#c7
Q000917,wiki-zh/1423112#c7
Q000918,wiki-zh/1423112#c7
Q000919,wiki-zh/1423112#c7
Q000920,wiki-zh/1423112#c8
Q000921,wiki-zh/1423112#c9
Q000922,wiki-zh/1423112#c10
Q000923,wiki-zh/1423112#c4
Q000924,wiki-zh/1423112#c4
Q000925,wiki-zh/1423112#c4
Q000926,wiki-zh/1423112#c4
Q000927,wiki-zh/1423112#c4
Q000928,wiki-zh/1423112#c4
Q000929,wiki-zh/1423112#c10
Q000930,wiki-zh/1423112#c11
Q000931,wiki-zh/1423112#c11
Q000932,wiki-zh/1423112#c11
Q000933,wiki-zh/1423112#c12
Q000934,wiki-zh/1423112#c12
Q000935,wiki-zh/1423112#c13
Q000936,wiki-zh/1423112#c13
Q000937,wiki-zh/1423112#c11
Q000938,wiki-zh/1423112#c11
Q000939,wiki-zh/1423112#c11
Q000940,wiki-zh/1423112#c11
Q000941,wiki-zh/1423112#c11
Q000942,wiki-zh/1423112#c11
Q000943,wiki-zh/1423112#c14
Q000944,wiki-zh/1423112#c14
Q000945,wiki-zh/1423112#c14
Q000946,wiki-zh/1423112#c14
Q000947,wiki-zh/1423112#c14
Q000948,wiki-zh/1423112#c14
Q000949,wiki-zh/1423112#c14
Q000950,wiki-zh/1423112#c14
Q000951,wiki-zh/1423112#c15
Q000952,wiki-zh/1423112#c14
Q000953,wiki-zh/1423112#c14
Q000954,wiki-zh/1423112#c16
Q000955,wiki-zh/1423112#c16
Q000956,wiki-zh/1423112#c16
Q000957,wiki-zh/1423112#c16
Q000958,wiki-zh/1423112#c16
Q000959,wiki-zh/1423112#c16
Q000960,wiki-zh/1423112#c16
Q000961,wiki-zh/1423112#c16
Q000962,wiki-zh/1423112#c16
Q000963,wiki-zh/1423112#c16
Q000964,wiki-zh/1423112#c16
Q000965,wiki-zh/1423112#c16
Q000966,wiki-zh/1423112#c16
Q000967,wiki-zh/1423112#c16
Q000968,wiki-zh/1423112#c16
Q000969,wiki-zh/1423112#c16
Q000970,wiki-zh/1423112#c16
Q000971,wiki-zh/1423112#c16
Q000972,wiki-zh/1423112#c16
Q000973,wiki-zh/1423112#c16
Q000974,wiki-zh/1423112#c16
Q000975,wiki-zh/1423112#c16
Q000976,wiki-zh/1423112#c16
Q000977,wiki-zh/1423112#c16
Q000978,wiki-zh/1423112#c16
Q000979,wiki-zh/1423112#c16
Q000980,wiki-zh/1423112#c16
Q000981,wiki-zh/1423112#c16
Q000982,wiki-zh/1423112#c16
Q000983,wiki-zh/1423112#c16
Q000984,wiki-zh/1423112#c16
Q000985,wiki-zh/1423112#c16
Q000986,wiki-zh/1423112#c16
Q000987,wiki-zh/1423112#c16
Q000988,wiki-zh/1423112#c16
Q000989,wiki-zh/1423112#c16
Q000990,wiki-zh/1423112#c16
Q000991,wiki-zh/1423112#c16
Q000992,wiki-zh/1423112#c16
Q000993,wiki-zh/1423112#c16
Q000994,wiki-zh/1423112#c16
Q000995,wiki-zh/1423112#c16
Q000996,wiki-zh/1423112#c16
Q000997,wiki-zh/1423112#c16
Q000998,wiki-zh/1423112#c16
Q000999,wiki-zh/1423112#c16
Q001000,wiki-zh/1423112#c17
Q001001,wiki-zh/1423112#c17
Q001002,wiki-zh/1423112#c17
Q001003,wiki-zh/1423112#c18
Q001004,wiki-zh/1423112#c17
Q001005,wiki-zh/1423112#c17
Q001006,wiki-zh/1423112#c17
Q001007,wiki-zh/1423112#c17
Q001008,wiki-zh/1423112#c19
Q001009,wiki-zh/1423112#c19
Q001010,wiki-zh/1423112#c19
Q001011,wiki-zh/1423112#c19
Q001012,wiki-zh/1423112#c19
Q001013,wiki-zh/1423112#c19
Q001014,wiki-zh/1423112#c19
Q001015,wiki-zh/1423112#c20
Q001016,wiki-zh/1423112#c20
Q001017,wiki-zh/1423112#c19
Q001018,wiki-zh/1423112#c21
Q001019,wiki-zh/1423112#c19
Q001020,wiki-zh/1423112#c19
Q001021,wiki-zh/1423112#c19
Q001022,wiki-zh/1423112#c22
Q001023,wiki-zh/1423112#c22
Q001024,wiki-zh/1423112#c19
Q001025,wiki-zh/1423112#c22
Q001026,wiki-zh/1423112#c23
Q001027,wiki-zh/1423112#c23
Q001028,wiki-zh/1423112#c23
Q001029,wiki-zh/1423112#c23
Q001030,wiki-zh/1423112#c23
Q001031,wiki-zh/1566530#c0
Q001032,wiki-zh/1566530#c1
Q001033,wiki-zh/1566530#c1
Q001034,wiki-zh/1566530#c1
Q001035,wiki-zh/1566530#c2
Q001036,wiki-zh/1566530#c2
Q001037,wiki-zh/1566530#c3
Q001038,wiki-zh/1566530#c3
Q001039,wiki-zh/1566530#c4
Q001040,wiki-zh/1566530#c4
Q001041,wiki-zh/1566530#c5
Q001042,wiki-zh/1566530#c5
Q001043,wiki-zh/1566530#c6
Q001044,wiki-zh/1566530#c6
Q001045,wiki-zh/1566530#c7
Q001046,wiki-zh/1566530#c7
Q001047,wiki-zh/1566530#c8
Q001048,wiki-zh/1566530#c8
Q001049,wiki-zh/1566530#c9
Q001050,wiki-zh/1566530#c9
Q001051,wiki-zh/1566530#c10
Q001052,wiki-zh/1566530#c10
Q001053,wiki-zh/1566530#c11
Q001054,wiki-zh/1566530#c11
Q001055,wiki-zh/1566530#c12
Q001056,wiki-zh/1566530#c12
Q001057,wiki-zh/1566530#c13
Q001058,wiki-zh/1566530#c13
Q001059,wiki-zh/1566530#c14
Q001060,wiki-zh/1566530#c14
Q001061,wiki-zh/1566530#c15
Q001062,wiki-zh/1566530#c15
Q001063,wiki-zh/1566530#c16
Q001064,wiki-zh/1566530#c16
Q001065,wiki-zh/1566530#c17
Q001066,wiki-zh/1566530#c17
Q001067,wiki-zh/1566530#c18
Q001068,wiki-zh/1566530#c18
Q001069,wiki-zh/1566530#c19
Q001070,wiki-zh/1566530#c19
Q001071,wiki-zh/1566530#c20
Q001072,wiki-zh/1566530#c20
Q001073,wiki-zh/1566530#c21
Q001074,wiki-zh/1566530#c21
Q001075,wiki-zh/1566530#c22
Q001076,wiki-zh/1566530#c22
Q001077,wiki-zh/1566530#c23
Q001078,wiki-zh/1566530#c23
Q001079,wiki-zh/1566530#c23
Q001080,wiki-zh/1566530#c23
Q001081,wiki-zh/1566530#c24
Q001082,wiki-zh/1566530#c24
Q001083,wiki-zh/1566530#c23
Q001084,wiki-zh/1566530#c23
Q001085,wiki-zh/1566530#c23
Q001086,wiki-zh/1566530#c25
Q001087,wiki-zh/1566530#c25
Q001088,wiki-zh/1566530#c25
Q001089,wiki-zh/1566530#c25
Q001090,wiki-zh/1566530#c25
Q001091,wiki-zh/1566530#c25
Q001092,wiki-zh/1566530#c25
Q001093,wiki-zh/1566530#c25
Q001094,wiki-zh/1566530#c25
Q001095,wiki-zh/1566530#c25
Q001096,wiki-zh/1566530#c25
Q001097,wiki-zh/1566530#c25
Q001098,wiki-zh/1566530#c26
Q001099,wiki-zh/1566530#c26
Q001100,wiki-zh/1566530#c26
Q001101,wiki-zh/1566530#c26
Q001102,wiki-zh/1566530#c26
Q001103,wiki-zh/1566530#c26
Q001104,wiki-zh/1566530#c26
Q001105,wiki-zh/1566530#c26
Q001106,wiki-zh/1566530#c26
Q001107,wiki-zh/1566530#c26
Q001108,wiki-zh/1566530#c26
Q001109,wiki-zh/1566530#c26
Q001110,wiki-zh/1566530#c27
Q001111,wiki-zh/1566530#c27
Q001112,wiki-zh/1566530#c27
Q001113,wiki-zh/1566530#c26
Q001114,wiki-zh/1566530#c26
Q001115,wiki-zh/1566530#c26
Q001116,wiki-zh/1566530#c26
Q001117,wiki-zh/1566530#c26
Q001118,wiki-zh/1566530#c26
Q001119,wiki-zh/1566530#c26
Q001120,wiki-zh/1566530#c26
Q001121,wiki-zh/1566530#c28
Q001122,wiki-zh/1566530#c28
Q001123,wiki-zh/1566530#c28
Q001124,wiki-zh/1566530#c29
Q001125,wiki-zh/1566530#c29
Q001126,wiki-zh/1566530#c30
Q001127,wiki-zh/1566530#c30
Q001128,wiki-zh/1566530#c30
Q001129,wiki-zh/1566530#c30
Q001130,wiki-zh/1566530#c31
Q001131,wiki-zh/1566530#c31
Q001132,wiki-zh/1566530#c32
Q001133,wiki-zh/1566530#c32
Q001134,wiki-zh/1566530#c32
Q001135,wiki-zh/1566530#c32
Q001136,wiki-zh/1566530#c32
Q001137,wiki-zh/1566530#c32
Q001138,wiki-zh/1566530#c32
Q001139,wiki-zh/1566530#c32
Q001140,wiki-zh/1566530#c32
Q001141,wiki-zh/1566530#c32
Q001142,wiki-zh/1566530#c33
Q001143,wiki-zh/1566530#c33
Q001144,wiki-zh/1566530#c33
Q001145,wiki-zh/1566530#c33
Q001146,wiki-zh/1566530#c33
Q001147,wiki-zh/1566530#c33
Q001148,wiki-zh/1566530#c33
Q001149,wiki-zh/1566530#c33
Q001150,wiki-zh/1566530#c33
Q001151,wiki-zh/1566530#c33
Q001152,wiki-zh/1566530#c33
Q001153,wiki-zh/1566530#c34
Q001154,wiki-zh/1566530#c34
Q001155,wiki-zh/1566530#c34
Q001156,wiki-zh/1566530#c34
Q001157,wiki-zh/1566530#c34
Q001158,wiki-zh/1566530#c34
Q001159,wiki-zh/1566530#c35
Q001160,wiki-zh/1566530#c35
Q001161,wiki-zh/1566530#c35
Q001162,wiki-zh/1566530#c33
Q001163,wiki-zh/1566530#c33
Q001164,wiki-zh/1566530#c35
Q001165,wiki-zh/1566530#c36
Q001166,wiki-zh/1566530#c36
Q001167,wiki-zh/1566530#c33
Q001168,wiki-zh/1566530#c36
Q001169,wiki-zh/1566530#c36
Q001170,wiki-zh/1566530#c36
Q001171,wiki-zh/1566530#c36
Q001172,wiki-zh/1566530#c33
Q001173,wiki-zh/1566530#c33
Q001174,wiki-zh/1566530#c33
Q001175,wiki-zh/1566530#c37
Q001176,wiki-zh/1566530#c37
Q001177,wiki-zh/1566530#c37
Q001178,wiki-zh/1566530#c38
Q001179,wiki-zh/1566530#c38
Q001180,wiki-zh/1566530#c38
Q001181,wiki-zh/1566530#c38
Q001182,wiki-zh/1566530#c38
Q001183,wiki-zh/1628292#c0
Q001184,wiki-zh/1628292#c0
Q001185,wiki-zh/1628292#c0
Q001186,wiki-zh/1628292#c0
Q001187,wiki-zh/1628292#c0
Q001188,wiki-zh/1628292#c0
Q001189,wiki-zh/1628292#c0
Q001190,wiki-zh/1628292#c0
Q001191,wiki-zh/1628292#c1
Q001192,wiki-zh/1628292#c1
Q001193,wiki-zh/1628292#c1
Q001194,wiki-zh/1628292#c2
Q001195,wiki-zh/1628292#c2
Q001196,wiki-zh/1628292#c3
Q001197,wiki-zh/1628292#c3
Q001198,wiki-zh/1628292#c3
Q001199,wiki-zh/1628292#c4
Q001200,wiki-zh/1628292#c4
Q001201,wiki-zh/1628292#c4
Q001202,wiki-zh/1628292#c5
Q001203,wiki-zh/1628292#c5
Q001204,wiki-zh/1628292#c5
Q001205,wiki-zh/1628292#c5
Q001206,wiki-zh/1628292#c5
Q001207,wiki-zh/1628292#c5
Q001208,wiki-zh/1628292#c5
Q001209,wiki-zh/1628292#c5
Q001210,wiki-zh/1628292#c5
Q001211,wiki-zh/1628292#c6
Q001212,wiki-zh/1628292#c6
Q001213,wiki-zh/1628292#c6
Q001214,wiki-zh/1628292#c6
Q001215,wiki-zh/1628292#c6
Q001216,wiki-zh/1628292#c6
Q001217,wiki-zh/1628292#c6
Q001218,wiki-zh/1628292#c6
Q001219,wiki-zh/1628292#c7
Q001220,wiki-zh/1628292#c7
Q001221,wiki-zh/1628292#c8
Q001222,wiki-zh/1628292#c8
Q001223,wiki-zh/1628292#c8
Q001224,wiki-zh/1628292#c8
Q001225,wiki-zh/1628292#c8
Q001226,wiki-zh/1628292#c8
Q001227,wiki-zh/1628292#c8
Q001228,wiki-zh/1628292#c9
Q001229,wiki-zh/1628292#c9
Q001230,wiki-zh/1628292#c9
Q001231,wiki-zh/1628292#c9
Q001232,wiki-zh/1628292#c10
Q001233,wiki-zh/1628292#c10
Q001234,wiki-zh/1628292#c10
Q001235,wiki-zh/1628292#c11
Q001236,wiki-zh/1628292#c11
Q001237,wiki-zh/1628292#c11
Q001238,wiki-zh/1628292#c11
Q001239,wiki-zh/1628292#c11
Q001240,wiki-zh/1628292#c12
Q001241,wiki-zh/1628292#c12
Q001242,wiki-zh/1628292#c12
Q001243,wiki-zh/1628292#c12
Q001244,wiki-zh/1628292#c12
Q001245,wiki-zh/1628292#c12
Q001246,wiki-zh/1628292#c12
Q001247,wiki-zh/1628292#c12
Q001248,wiki-zh/1628292#c12
Q001249,wiki-zh/1628292#c12
Q001250,wiki-zh/1628292#c12
Q001251,wiki-zh/1628292#c12
Q001252,wiki-zh/1628292#c13
Q001253,wiki-zh/1628292#c13
Q001254,wiki-zh/1628292#c13
Q001255,wiki-zh/1628292#c13
Q001256,wiki-zh/1628292#c13
Q001257,wiki-zh/1628292#c13
Q001258,wiki-zh/1628292#c13
Q001259,wiki-zh/1628292#c13
Q001260,wiki-zh/1628292#c13
Q001261,wiki-zh/1628292#c13
Q001262,wiki-zh/1628292#c13
Q001263,wiki-zh/1628292#c13
Q001264,wiki-zh/1628292#c14
Q001265,wiki-zh/1628292#c14
Q001266,wiki-zh/1628292#c13
Q001267,wiki-zh/1628292#c13
Q001268,wiki-zh/1628292#c13
Q001269,wiki-zh/1628292#c13
Q001270,wiki-zh/1628292#c13
Q001271,wiki-zh/1628292#c13
Q001272,wiki-zh/1628292#c13
Q001273,wiki-zh/1628292#c13
Q001274,wiki-zh/1628292#c13
Q001275,wiki-zh/1628292#c13
Q001276,wiki-zh/1628292#c13
Q001277,wiki-zh/1628292#c13
Q001278,wiki-zh/1628292#c14
Q001279,wiki-zh/1628292#c14
Q001280,wiki-zh/1628292#c15
Q001281,wiki-zh/1628292#c15
Q001282,wiki-zh/1628292#c15
Q001283,wiki-zh/1628292#c15
Q001284,wiki-zh/1628292#c15
Q001285,wiki-zh/1628292#c15
Q001286,wiki-zh/1628292#c15
Q001287,wiki-zh/1628292#c15
Q001288,wiki-zh/1628292#c15
Q001289,wiki-zh/1628292#c15
Q001290,wiki-zh/1628292#c15
Q001291,wiki-zh/1628292#c15
Q001292,wiki-zh/1628292#c15
Q001293,wiki-zh/1628292#c15
Q001294,wiki-zh/1628292#c15
Q001295,wiki-zh/1628292#c15
Q001296,wiki-zh/1628292#c15
Q001297,wiki-zh/1628292#c15
Q001298,wiki-zh/1628292#c15
Q001299,wiki-zh/1628292#c15
Q001300,wiki-zh/1628292#c15
Q001301,wiki-zh/1628292#c15
Q001302,wiki-zh/1628292#c16
Q001303,wiki-zh/1628292#c16
Q001304,wiki-zh/1628292#c16
Q001305,wiki-zh/1628292#c16
Q001306,wiki-zh/1628292#c17
Q001307,wiki-zh/1628292#c17
Q001308,wiki-zh/1628292#c17
Q001309,wiki-zh/1628292#c17
Q001310,wiki-zh/1628292#c17
Q001311,wiki-zh/1628292#c17
Q001312,wiki-zh/1628292#c17
Q001313,wiki-zh/1628292#c17
Q001314,wiki-zh/1628292#c17
Q001315,wiki-zh/1628292#c17
Q001316,wiki-zh/1628292#c17
Q001317,wiki-zh/1628292#c17
Q001318,wiki-zh/1628292#c17
Q001319,wiki-zh/1628292#c17
Q001320,wiki-zh/1628292#c17
Q001321,wiki-zh/1628292#c17
Q001322,wiki-zh/1628292#c17
Q001323,wiki-zh/1628292#c18
Q001324,wiki-zh/1628292#c18
Q001325,wiki-zh/1628292#c19
Q001326,wiki-zh/1628292#c19
Q001327,wiki-zh/1628292#c20
Q001328,wiki-zh/1628292#c20
Q001329,wiki-zh/1628292#c20
Q001330,wiki-zh/1628292#c20
Q001331,wiki-zh/1628292#c20
Q001332,wiki-zh/1628292#c20
Q001333,wiki-zh/1628292#c20
Q001334,wiki-zh/1628292#c20
Q001335,wiki-zh/1628292#c21
Q001336,wiki-zh/1628292#c21
Q001337,wiki-zh/1628292#c21
Q001338,wiki-zh/1628292#c22
Q001339,wiki-zh/1628292#c22
Q001340,wiki-zh/1628292#c22
Q001341,wiki-zh/1628292#c22
Q001342,wiki-zh/1628292#c23
Q001343,wiki-zh/1628292#c23
Q001344,wiki-zh/1628292#c23
Q001345,wiki-zh/1628292#c23
Q001346,wiki-zh/1628292#c23
Q001347,wiki-zh/1628292#c23
Q001348,wiki-zh/1628292#c23
Q001349,wiki-zh/1628292#c24
Q001350,wiki-zh/1628292#c24
Q001351,wiki-zh/1628292#c24
Q001352,wiki-zh/1628292#c24
Q001353,wiki-zh/1628292#c24
Q001354,wiki-zh/1628292#c25
Q001355,wiki-zh/1628292#c25
Q001356,wiki-zh/1628292#c25
Q001357,wiki-zh/1628292#c25
Q001358,wiki-zh/1628292#c25
Q001359,wiki-zh/1628292#c25
Q001360,wiki-zh/1628292#c25
Q001361,wiki-zh/1628292#c25
Q001362,wiki-zh/1628292#c25
Q001363,wiki-zh/1628292#c26
Q001364,wiki-zh/1628292#c26
Q001365,wiki-zh/1628292#c26
Q001366,wiki-zh/1628292#c25
Q001367,wiki-zh/1628292#c25
Q001368,wiki-zh/1628292#c25
Q001369,wiki-zh/1628292#c25
Q001370,wiki-zh/1628292#c25
Q001371,wiki-zh/1628292#c25
Q001372,wiki-zh/1628292#c25
Q001373,wiki-zh/1628292#c25
Q001374,wiki-zh/1628292#c24
Q001375,wiki-zh/1628292#c25
Q001376,wiki-zh/1628292#c25
Q001377,wiki-zh/1628292#c25
Q001378,wiki-zh/1628292#c27
Q001379,wiki-zh/1628292#c27
Q001380,wiki-zh/1628292#c28
Q001381,wiki-zh/1628292#c28
Q001382,wiki-zh/1628292#c28
Q001383,wiki-zh/1628292#c28
Q001384,wiki-zh/1628292#c24
Q001385,wiki-zh/1628292#c24
Q001386,wiki-zh/1628292#c24
Q001387,wiki-zh/1628292#c25
Q001388,wiki-zh/1628292#c24
Q001389,wiki-zh/1628292#c29
Q001390,wiki-zh/1628292#c29
Q001391,wiki-zh/1628292#c29
Q001392,wiki-zh/1628292#c29
Q001393,wiki-zh/1628292#c30
Q001394,wiki-zh/1628292#c30
Q001395,wiki-zh/1628292#c30
Q001396,wiki-zh/1628292#c31
Q001397,wiki-zh/1628292#c31
Q001398,wiki-zh/1628292#c32
Q001399,wiki-zh/1628292#c32
Q001400,wiki-zh/1765723#c0
Q001401,wiki-zh/1765723#c1
Q001402,wiki-zh/1765723#c1
Q001403,wiki-zh/1765723#c2
Q001404,wiki-zh/1765723#c2
Q001405,wiki-zh/1765723#c3
Q001406,wiki-zh/1765723#c3
Q001407,wiki-zh/1765723#c4
Q001408,wiki-zh/1765723#c4
Q001409,wiki-zh/1765723#c4
Q001410,wiki-zh/1765723#c4
Q001411,wiki-zh/1765723#c4
Q001412,wiki-zh/1765723#c4
Q001413,wiki-zh/1765723#c4
Q001414,wiki-zh/1765723#c5
Q001415,wiki-zh/1765723#c5
Q001416,wiki-zh/1765723#c5
Q001417,wiki-zh/1765723#c6
Q001418,wiki-zh/1765723#c6
Q001419,wiki-zh/1765723#c6
Q001420,wiki-zh/1765723#c6
Q001421,wiki-zh/1765723#c6
Q001422,wiki-zh/1765723#c6
Q001423,wiki-zh/1765723#c6
Q001424,wiki-zh/1765723#c7
Q001425,wiki-zh/1765723#c6
Q001426,wiki-zh/1765723#c6
Q001427,wiki-zh/1765723#c6
Q001428,wiki-zh/1765723#c8
Q001429,wiki-zh/1765723#c8
Q001430,wiki-zh/1765723#c8
Q001431,wiki-zh/1765723#c8
Q001432,wiki-zh/1765723#c9
Q001433,wiki-zh/1765723#c9
Q001434,wiki-zh/1765723#c10
Q001435,wiki-zh/1765723#c10
Q001436,wiki-zh/1765723#c10
Q001437,wiki-zh/1765723#c10
Q001438,wiki-zh/1765723#c10
Q001439,wiki-zh/1765723#c10
Q001440,wiki-zh/1765723#c10
Q001441,wiki-zh/1765723#c11
Q001442,wiki-zh/1765723#c11
Q001443,wiki-zh/1765723#c8
Q001444,wiki-zh/1765723#c11
Q001445,wiki-zh/1765723#c8
Q001446,wiki-zh/1765723#c12
Q001447,wiki-zh/1765723#c12
Q001448,wiki-zh/1765723#c12
Q001449,wiki-zh/1765723#c12
Q001450,wiki-zh/1765723#c13
Q001451,wiki-zh/1765723#c13
Q001452,wiki-zh/1765723#c13
Q001453,wiki-zh/1765723#c14
Q001454,wiki-zh/1765723#c14
Q001455,wiki-zh/1765723#c14
Q001456,wiki-zh/1765723#c14
Q001457,wiki-zh/1765723#c15
Q001458,wiki-zh/1765723#c15
Q001459,wiki-zh/1765723#c16
Q001460,wiki-zh/1765723#c16
Q001461,wiki-zh/1765723#c16
Q001462,wiki-zh/1765723#c16
Q001463,wiki-zh/1765723#c16
Q001464,wiki-zh/1765723#c16
Q001465,wiki-zh/1765723#c16
Q001466,wiki-zh/1765723#c16
Q001467,wiki-zh/1765723#c16
Q001468,wiki-zh/1765723#c17
Q001469,wiki-zh/1765723#c17
Q001470,wiki-zh/1765723#c17
Q001471,wiki-zh/1765723#c17
Q001472,wiki-zh/1765723#c17
Q001473,wiki-zh/1765723#c17
Q001474,wiki-zh/1765723#c17
Q001475,wiki-zh/1765723#c8
Q001476,wiki-zh/1765723#c17
Q001477,wiki-zh/1765723#c17
Q001478,wiki-zh/1765723#c17
Q001479,wiki-zh/1765723#c18
Q001480,wiki-zh/1765723#c18
Q001481,wiki-zh/1765723#c19
Q001482,wiki-zh/1765723#c19
Q001483,wiki-zh/1765723#c20
Q001484,wiki-zh/1765723#c20
Q001485,wiki-zh/1765723#c21
Q001486,wiki-zh/1765723#c21
Q001487,wiki-zh/1765723#c21
Q001488,wiki-zh/1765723#c21
Q001489,wiki-zh/1765723#c21
Q001490,wiki-zh/1765723#c22
Q001491,wiki-zh/1765723#c22
Q001492,wiki-zh/1765723#c22
Q001493,wiki-zh/1765723#c22
Q001494,wiki-zh/1765723#c22
Q001495,wiki-zh/1765723#c23
Q001496,wiki-zh/1765723#c23
Q001497,wiki-zh/1765723#c24
Q001498,wiki-zh/1765723#c24
Q001499,wiki-zh/1765723#c25
Q001500,wiki-zh/1765723#c25
Q001501,wiki-zh/1765723#c25
Q001502,wiki-zh/1765723#c25
Q001503,wiki-zh/1765723#c25
Q001504,wiki-zh/1765723#c26
Q001505,wiki-zh/1765723#c26
Q001506,wiki-zh/1765723#c27
Q001507,wiki-zh/1765723#c27
Q001508,wiki-zh/1765723#c27
Q001509,wiki-zh/1765723#c28
Q001510,wiki-zh/1765723#c28
Q001511,wiki-zh/1765723#c29
Q001512,wiki-zh/1765723#c29
Q001513,wiki-zh/1765723#c30
Q001514,wiki-zh/1765723#c30
Q001515,wiki-zh/1765723#c31
Q001516,wiki-zh/1765723#c31
Q001517,wiki-zh/1765723#c31
Q001518,wiki-zh/1765723#c31
Q001519,wiki-zh/1765723#c31
Q001520,wiki-zh/1765723#c31
Q001521,wiki-zh/1765723#c31
Q001522,wiki-zh/1765723#c31
Q001523,wiki-zh/1765723#c31
Q001524,wiki-zh/1765723#c31
Q001525,wiki-zh/1765723#c31
Q001526,wiki-zh/1765723#c31
Q001527,wiki-zh/1765723#c31
Q001528,wiki-zh/1765723#c31
Q001529,wiki-zh/1765723#c31
Q001530,wiki-zh/1765723#c31
Q001531,wiki-zh/1765723#c32
Q001532,wiki-zh/1765723#c32
Q001533,wiki-zh/1765723#c31
Q001534,wiki-zh/1765723#c31
Q001535,wiki-zh/1765723#c31
Q001536,wiki-zh/1765723#c31
Q001537,wiki-zh/1765723#c31
Q001538,wiki-zh/1765723#c31
Q001539,wiki-zh/1765723#c31
Q001540,wiki-zh/1765723#c31
Q001541,wiki-zh/1765723#c31
Q001542,wiki-zh/1765723#c31
Q001543,wiki-zh/1765723#c31
Q001544,wiki-zh/1765723#c31
Q001545,wiki-zh/1765723#c31
Q001546,wiki-zh/1765723#c31
Q001547,wiki-zh/1765723#c31
Q001548,wiki-zh/1765723#c31
Q001549,wiki-zh/1765723#c31
Q001550,wiki-zh/1765723#c31
Q001551,wiki-zh/1765723#c31
Q001552,wiki-zh/1765723#c31
Q001553,wiki-zh/1765723#c31
Q001554,wiki-zh/1765723#c31
Q001555,wiki-zh/1765723#c31
Q001556,wiki-zh/1765723#c31
Q001557,wiki-zh/1765723#c31
Q001558,wiki-zh/1765723#c31
Q001559,wiki-zh/1765723#c31
Q001560,wiki-zh/1765723#c31
Q001561,wiki-zh/1765723#c31
Q001562,wiki-zh/1765723#c31
Q001563,wiki-zh/1765723#c31
Q001564,wiki-zh/1765723#c31
Q001565,wiki-zh/1765723#c31
Q001566,wiki-zh/1765723#c31
Q001567,wiki-zh/1765723#c31
Q001568,wiki-zh/1765723#c31
Q001569,wiki-zh/194294#c0
Q001570,wiki-zh/194294#c1
Q001571,wiki-zh/194294#c1
Q001572,wiki-zh/194294#c1
Q001573,wiki-zh/194294#c1
Q001574,wiki-zh/194294#c1
Q001575,wiki-zh/194294#c1
Q001576,wiki-zh/194294#c1
Q001577,wiki-zh/194294#c2
Q001578,wiki-zh/194294#c2
Q001579,wiki-zh/194294#c1
Q001580,wiki-zh/194294#c1
Q001581,wiki-zh/194294#c2
Q001582,wiki-zh/194294#c2
Q001583,wiki-zh/194294#c2
Q001584,wiki-zh/194294#c2
Q001585,wiki-zh/194294#c2
Q001586,wiki-zh/194294#c2
Q001587,wiki-zh/194294#c3
Q001588,wiki-zh/194294#c3
Q001589,wiki-zh/194294#c4
Q001590,wiki-zh/194294#c4
Q001591,wiki-zh/194294#c5
Q001592,wiki-zh/194294#c5
Q001593,wiki-zh/194294#c5
Q001594,wiki-zh/194294#c6
Q001595,wiki-zh/194294#c6
Q001596,wiki-zh/194294#c6
Q001597,wiki-zh/194294#c7
Q001598,wiki-zh/194294#c7
Q001599,wiki-zh/194294#c7
Q001600,wiki-zh/194294#c7
Q001601,wiki-zh/194294#c7
Q001602,wiki-zh/194294#c7
Q001603,wiki-zh/194294#c7
Q001604,wiki-zh/194294#c8
Q001605,wiki-zh/194294#c8
Q001606,wiki-zh/194294#c8
Q001607,wiki-zh/194294#c8
Q001608,wiki-zh/194294#c8
Q001609,wiki-zh/194294#c8
Q001610,wiki-zh/194294#c8
Q001611,wiki-zh/194294#c8
Q001612,wiki-zh/194294#c9
Q001613,wiki-zh/194294#c9
Q001614,wiki-zh/194294#c10
Q001615,wiki-zh/194294#c10
Q001616,wiki-zh/194294#c10
Q001617,wiki-zh/194294#c11
Q001618,wiki-zh/194294#c11
Q001619,wiki-zh/194294#c12
Q001620,wiki-zh/194294#c12
Q001621,wiki-zh/194294#c12
Q001622,wiki-zh/194294#c13
Q001623,wiki-zh/194294#c13
Q001624,wiki-zh/194294#c13
Q001625,wiki-zh/194294#c14
Q001626,wiki-zh/194294#c14
Q001627,wiki-zh/194294#c14
Q001628,wiki-zh/194294#c14
Q001629,wiki-zh/194294#c14
Q001630,wiki-zh/194294#c14
Q001631,wiki-zh/194294#c14
Q001632,wiki-zh/194294#c14
Q001633,wiki-zh/194294#c14
Q001634,wiki-zh/194294#c14
Q001635,wiki-zh/194294#c14
Q001636,wiki-zh/194294#c14
Q001637,wiki-zh/194294#c14
Q001638,wiki-zh/194294#c14
Q001639,wiki-zh/194294#c14
Q001640,wiki-zh/194294#c14
Q001641,wiki-zh/194294#c14
Q001642,wiki-zh/194294#c14
Q001643,wiki-zh/194294#c14
Q001644,wiki-zh/194294#c14
Q001645,wiki-zh/194294#c14
Q001646,wiki-zh/194294#c14
Q001647,wiki-zh/194294#c14
Q001648,wiki-zh/194294#c14
Q001649,wiki-zh/194294#c14
Q001650,wiki-zh/194294#c14
Q001651,wiki-zh/194294#c14
Q001652,wiki-zh/194294#c14
Q001653,wiki-zh/194294#c14
Q001654,wiki-zh/194294#c14
Q001655,wiki-zh/194294#c14
Q001656,wiki-zh/194294#c14
Q001657,wiki-zh/194294#c14
Q001658,wiki-zh/194294#c14
Q001659,wiki-zh/194294#c14
Q001660,wiki-zh/194294#c14
Q001661,wiki-zh/194294#c14
Q001662,wiki-zh/194294#c14
Q001663,wiki-zh/194294#c14
Q001664,wiki-zh/194294#c14
Q001665,wiki-zh/194294#c14
Q001666,wiki-zh/194294#c14
Q001667,wiki-zh/194294#c14
Q001668,wiki-zh/194294#c14
Q001669,wiki-zh/194294#c14
Q001670,wiki-zh/194294#c14
Q001671,wiki-zh/194294#c14
Q001672,wiki-zh/194294#c14
Q001673,wiki-zh/194294#c14
Q001674,wiki-zh/194294#c14
Q001675,wiki-zh/194294#c14
Q001676,wiki-zh/194294#c14
Q001677,wiki-zh/194294#c14
Q001678,wiki-zh/194294#c14
Q001679,wiki-zh/194294#c15
Q001680,wiki-zh/194294#c15
Q001681,wiki-zh/194294#c14
Q001682,wiki-zh/194294#c16
Q001683,wiki-zh/194294#c16
Q001684,wiki-zh/194294#c16
Q001685,wiki-zh/194294#c16
Q001686,wiki-zh/194294#c16
Q001687,wiki-zh/194294#c16
Q001688,wiki-zh/194294#c16
Q001689,wiki-zh/194294#c16
Q001690,wiki-zh/194294#c16
Q001691,wiki-zh/194294#c16
Q001692,wiki-zh/194294#c16
Q001693,wiki-zh/194294#c16
Q001694,wiki-zh/194294#c16
Q001695,wiki-zh/194294#c16
Q001696,wiki-zh/194294#c16
Q001697,wiki-zh/194294#c16
Q001698,wiki-zh/194294#c17
Q001699,wiki-zh/194294#c17
Q001700,wiki-zh/194294#c17
Q001701,wiki-zh/194294#c18
Q001702,wiki-zh/194294#c18
Q001703,wiki-zh/194294#c18
Q001704,wiki-zh/194294#c19
Q001705,wiki-zh/194294#c19
Q001706,wiki-zh/194294#c19
Q001707,wiki-zh/194294#c20
Q001708,wiki-zh/194294#c20
Q001709,wiki-zh/194294#c21
Q001710,wiki-zh/194294#c21
Q001711,wiki-zh/194294#c21
Q001712,wiki-zh/194294#c21
Q001713,wiki-zh/194294#c21
Q001714,wiki-zh/194294#c21
Q001715,wiki-zh/194294#c21
Q001716,wiki-zh/194294#c21
Q001717,wiki-zh/194294#c21
Q001718,wiki-zh/194294#c22
Q001719,wiki-zh/194294#c22
Q001720,wiki-zh/194294#c16
Q001721,wiki-zh/194294#c23
Q001722,wiki-zh/194294#c23
Q001723,wiki-zh/194294#c23
Q001724,wiki-zh/194294#c23
Q001725,wiki-zh/194294#c24
Q001726,wiki-zh/194294#c24
Q001727,wiki-zh/194294#c24
Q001728,wiki-zh/194294#c24
Q001729,wiki-zh/194294#c21
Q001730,wiki-zh/194294#c25
Q001731,wiki-zh/194294#c25
Q001732,wiki-zh/194294#c25
Q001733,wiki-zh/194294#c25
Q001734,wiki-zh/194294#c25
Q001735,wiki-zh/194294#c25
Q001736,wiki-zh/194294#c25
Q001737,wiki-zh/194294#c25
Q001738,wiki-zh/194294#c25
Q001739,wiki-zh/194294#c25
Q001740,wiki-zh/194294#c25
Q001741,wiki-zh/194294#c26
Q001742,wiki-zh/194294#c26
Q001743,wiki-zh/194294#c26
Q001744,wiki-zh/194294#c26
Q001745,wiki-zh/194294#c24
Q001746,wiki-zh/194294#c25
Q001747,wiki-zh/194294#c25
Q001748,wiki-zh/194294#c25
Q001749,wiki-zh/194294#c27
Q001750,wiki-zh/194294#c27
Q001751,wiki-zh/194294#c28
Q001752,wiki-zh/194294#c28
Q001753,wiki-zh/194294#c29
Q001754,wiki-zh/194294#c29
Q001755,wiki-zh/194294#c30
Q001756,wiki-zh/194294#c30
Q001757,wiki-zh/194294#c31
Q001758,wiki-zh/194294#c31
Q001759,wiki-zh/194294#c32
Q001760,wiki-zh/194294#c32
Q001761,wiki-zh/194294#c33
Q001762,wiki-zh/194294#c33
Q001763,wiki-zh/194294#c34
Q001764,wiki-zh/194294#c34
Q001765,wiki-zh/194294#c35
Q001766,wiki-zh/194294#c35
Q001767,wiki-zh/194294#c36
Q001768,wiki-zh/194294#c36
Q001769,wiki-zh/194294#c37
Q001770,wiki-zh/194294#c37
Q001771,wiki-zh/194294#c38
Q001772,wiki-zh/194294#c38
Q001773,wiki-zh/194294#c39
Q001774,wiki-zh/194294#c39
Q001775,wiki-zh/194294#c40
Q001776,wiki-zh/194294#c40
Q001777,wiki-zh/194294#c41
Q001778,wiki-zh/194294#c36
Q001779,wiki-zh/194294#c42
Q001780,wiki-zh/194294#c42
Q001781,wiki-zh/194294#c43
Q001782,wiki-zh/194294#c43
Q001783,wiki-zh/194294#c43
Q001784,wiki-zh/194294#c44
Q001785,wiki-zh/194294#c44
Q001786,wiki-zh/194294#c44
Q001787,wiki-zh/194294#c36
Q001788,wiki-zh/194294#c36
Q001789,wiki-zh/194294#c45
Q001790,wiki-zh/194294#c45
Q001791,wiki-zh/194294#c46
Q001792,wiki-zh/194294#c46
Q001793,wiki-zh/194294#c47
Q001794,wiki-zh/194294#c47
Q001795,wiki-zh/194294#c48
Q001796,wiki-zh/194294#c48
Q001797,wiki-zh/194294#c49
Q001798,wiki-zh/194294#c49
Q001799,wiki-zh/194294#c50
Q001800,wiki-zh/194294#c50
Q001801,wiki-zh/194294#c50
Q001802,wiki-zh/194294#c50
Q001803,wiki-zh/194294#c51
Q001804,wiki-zh/194294#c51
Q001805,wiki-zh/194294#c52
Q001806,wiki-zh/194294#c52
Q001807,wiki-zh/194294#c53
Q001808,wiki-zh/194294#c53
Q001809,wiki-zh/194294#c54
Q001810,wiki-zh/194294#c54
Q001811,wiki-zh/194294#c55
Q001812,wiki-zh/194294#c55
Q001813,wiki-zh/194294#c56
Q001814,wiki-zh/194294#c56
Q001815,wiki-zh/194294#c57
Q001816,wiki-zh/194294#c57
Q001817,wiki-zh/194294#c58
Q001818,wiki-zh/194294#c58
Q001819,wiki-zh/194294#c59
Q001820,wiki-zh/194294#c59
Q001821,wiki-zh/194294#c60
Q001822,wiki-zh/194294#c60
Q001823,wiki-zh/194294#c61
Q001824,wiki-zh/194294#c61
Q001825,wiki-zh/25865#c0
Q001826,wiki-zh/25865#c1
Q001827,wiki-zh/25865#c2
Q001828,wiki-zh/25865#c3
Q001829,wiki-zh/25865#c4
Q001830,wiki-zh/25865#c5
Q001831,wiki-zh/25865#c6
Q001832,wiki-zh/25865#c6
Q001833,wiki-zh/25865#c6
Q001834,wiki-zh/25865#c6
Q001835,wiki-zh/25865#c7
Q001836,wiki-zh/25865#c7
Q001837,wiki-zh/25865#c7
Q001838,wiki-zh/25865#c7
Q001839,wiki-zh/25865#c7
Q001840,wiki-zh/25865#c8
Q001841,wiki-zh/25865#c8
Q001842,wiki-zh/25865#c7
Q001843,wiki-zh/25865#c7
Q001844,wiki-zh/25865#c7
Q001845,wiki-zh/25865#c7
Q001846,wiki-zh/25865#c9
Q001847,wiki-zh/25865#c9
Q001848,wiki-zh/25865#c10
Q001849,wiki-zh/25865#c10
Q001850,wiki-zh/25865#c10
Q001851,wiki-zh/25865#c11
Q001852,wiki-zh/25865#c11
Q001853,wiki-zh/25865#c12
Q001854,wiki-zh/25865#c12
Q001855,wiki-zh/25865#c12
Q001856,wiki-zh/25865#c13
Q001857,wiki-zh/25865#c12
Q001858,wiki-zh/25865#c14
Q001859,wiki-zh/25865#c14
Q001860,wiki-zh/25865#c14
Q001861,wiki-zh/25865#c14
Q001862,wiki-zh/25865#c14
Q001863,wiki-zh/25865#c15
Q001864,wiki-zh/25865#c15
Q001865,wiki-zh/25865#c15
Q001866,wiki-zh/25865#c16
Q001867,wiki-zh/25865#c16
Q001868,wiki-zh/25865#c16
Q001869,wiki-zh/25865#c17
Q001870,wiki-zh/25865#c17
Q001871,wiki-zh/25865#c17
Q001872,wiki-zh/25865#c17
Q001873,wiki-zh/25865#c17
Q001874,wiki-zh/25865#c17
Q001875,wiki-zh/25865#c17
Q001876,wiki-zh/25865#c17
Q001877,wiki-zh/25865#c18
Q001878,wiki-zh/25865#c18
Q001879,wiki-zh/25865#c18
Q001880,wiki-zh/25865#c18
Q001881,wiki-zh/25865#c18
Q001882,wiki-zh/25865#c19
Q001883,wiki-zh/25865#c19
Q001884,wiki-zh/25865#c20
Q001885,wiki-zh/25865#c20
Q001886,wiki-zh/25865#c20
Q001887,wiki-zh/25865#c20
Q001888,wiki-zh/25865#c20
Q001889,wiki-zh/25865#c20
Q001890,wiki-zh/25865#c20
Q001891,wiki-zh/25865#c20
Q001892,wiki-zh/25865#c20
Q001893,wiki-zh/25865#c20
Q001894,wiki-zh/25865#c20
Q001895,wiki-zh/25865#c20
Q001896,wiki-zh/25865#c20
Q001897,wiki-zh/25865#c21
Q001898,wiki-zh/25865#c21
Q001899,wiki-zh/25865#c21
Q001900,wiki-zh/25865#c22
Q001901,wiki-zh/25865#c22
Q001902,wiki-zh/25865#c23
Q001903,wiki-zh/25865#c23
Q001904,wiki-zh/25865#c23
Q001905,wiki-zh/25865#c24
Q001906,wiki-zh/25865#c24
Q001907,wiki-zh/25865#c20
Q001908,wiki-zh/25865#c20
Q001909,wiki-zh/25865#c25
Q001910,wiki-zh/25865#c25
Q001911,wiki-zh/25865#c25
Q001912,wiki-zh/25865#c25
Q001913,wiki-zh/25865#c25
Q001914,wiki-zh/25865#c25
Q001915,wiki-zh/25865#c25
Q001916,wiki-zh/25865#c25
Q001917,wiki-zh/25865#c26
Q001918,wiki-zh/25865#c26
Q001919,wiki-zh/25865#c27
Q001920,wiki-zh/25865#c27
Q001921,wiki-zh/25865#c27
Q001922,wiki-zh/25865#c27
Q001923,wiki-zh/25865#c27
Q001924,wiki-zh/25865#c28
Q001925,wiki-zh/25865#c28
Q001926,wiki-zh/25865#c28
Q001927,wiki-zh/25865#c23
Q001928,wiki-zh/25865#c19
Q001929,wiki-zh/25865#c28
Q001930,wiki-zh/25865#c28
Q001931,wiki-zh/25865#c29
Q001932,wiki-zh/25865#c29
Q001933,wiki-zh/25865#c29
Q001934,wiki-zh/25865#c27
Q001935,wiki-zh/25865#c27
Q001936,wiki-zh/25865#c29
Q001937,wiki-zh/25865#c29
Q001938,wiki-zh/25865#c29
Q001939,wiki-zh/25865#c30
Q001940,wiki-zh/25865#c30
Q001941,wiki-zh/25865#c30
Q001942,wiki-zh/25865#c29
Q001943,wiki-zh/25865#c31
Q001944,wiki-zh/25865#c31
Q001945,wiki-zh/25865#c32
Q001946,wiki-zh/25865#c32
Q001947,wiki-zh/25865#c33
Q001948,wiki-zh/25865#c33
Q001949,wiki-zh/25865#c34
Q001950,wiki-zh/25865#c34
Q001951,wiki-zh/25865#c35
Q001952,wiki-zh/25865#c36
Q001953,wiki-zh/25865#c36
Q001954,wiki-zh/25865#c37
Q001955,wiki-zh/25865#c37
Q001956,wiki-zh/25865#c37
Q001957,wiki-zh/25865#c38
Q001958,wiki-zh/25865#c38
Q001959,wiki-zh/25865#c39
Q001960,wiki-zh/25865#c39
Q001961,wiki-zh/25865#c40
Q001962,wiki-zh/25865#c40
Q001963,wiki-zh/25865#c40
Q001964,wiki-zh/25865#c40
Q001965,wiki-zh/25865#c40
Q001966,wiki-zh/25865#c40
Q001967,wiki-zh/25865#c40
Q001968,wiki-zh/25865#c40
Q001969,wiki-zh/25865#c40
Q001970,wiki-zh/25865#c40
Q001971,wiki-zh/25865#c40
Q001972,wiki-zh/25865#c41
Q001973,wiki-zh/25865#c40
Q001974,wiki-zh/25865#c40
Q001975,wiki-zh/25865#c42
Q001976,wiki-zh/25865#c42
Q001977,wiki-zh/25865#c42
Q001978,wiki-zh/25865#c42
Q001979,wiki-zh/25865#c42
Q001980,wiki-zh/25865#c42
Q001981,wiki-zh/25865#c42
Q001982,wiki-zh/25865#c42
Q001983,wiki-zh/25865#c42
Q001984,wiki-zh/25865#c40
Q001985,wiki-zh/25865#c40
Q001986,wiki-zh/25865#c43
Q001987,wiki-zh/25865#c43
Q001988,wiki-zh/25865#c43
Q001989,wiki-zh/25865#c43
Q001990,wiki-zh/25865#c44
Q001991,wiki-zh/25865#c44
Q001992,wiki-zh/25865#c45
Q001993,wiki-zh/25865#c45
Q001994,wiki-zh/25865#c45
Q001995,wiki-zh/25865#c45
Q001996,wiki-zh/25865#c44
Q001997,wiki-zh/25865#c44
Q001998,wiki-zh/25865#c46
Q001999,wiki-zh/25865#c46
Q002000,wiki-zh/25865#c47
Q002001,wiki-zh/25865#c47
Q002002,wiki-zh/25865#c48
Q002003,wiki-zh/25865#c48
Q002004,wiki-zh/25865#c48
Q002005,wiki-zh/25865#c48
Q002006,wiki-zh/25865#c48
Q002007,wiki-zh/25865#c48
Q002008,wiki-zh/25865#c49
Q002009,wiki-zh/25865#c49
Q002010,wiki-zh/25865#c50
Q002011,wiki-zh/25865#c49
Q002012,wiki-zh/25865#c42
Q002013,wiki-zh/25865#c51
Q002014,wiki-zh/25865#c51
Q002015,wiki-zh/25865#c51
Q002016,wiki-zh/25865#c52
Q002017,wiki-zh/25865#c53
Q002018,wiki-zh/25865#c54
Q002019,wiki-zh/25865#c55
Q002020,wiki-zh/25865#c55
Q002021,wiki-zh/25865#c55
Q002022,wiki-zh/25865#c55
Q002023,wiki-zh/25865#c56
Q002024,wiki-zh/25865#c56
Q002025,wiki-zh/25865#c57
Q002026,wiki-zh/25865#c57
Q002027,wiki-zh/25865#c57
Q002028,wiki-zh/25865#c57
Q002029,wiki-zh/25865#c57
Q002030,wiki-zh/25865#c57
Q002031,wiki-zh/25865#c57
Q002032,wiki-zh/25865#c57
Q002033,wiki-zh/25865#c22
Q002034,wiki-zh/25865#c22
Q002035,wiki-zh/25865#c57
Q002036,wiki-zh/25865#c58
Q002037,wiki-zh/25865#c58
Q002038,wiki-zh/25865#c59
Q002039,wiki-zh/25865#c59
Q002040,wiki-zh/25865#c59
Q002041,wiki-zh/25865#c59
Q002042,wiki-zh/25865#c59
Q002043,wiki-zh/25865#c60
Q002044,wiki-zh/25865#c59
Q002045,wiki-zh/25865#c61
Q002046,wiki-zh/25865#c61
Q002047,wiki-zh/25865#c62
Q002048,wiki-zh/25865#c63
Q002049,wiki-zh/25865#c63
Q002050,wiki-zh/25865#c64
Q002051,wiki-zh/25865#c64
Q002052,wiki-zh/25865#c65
Q002053,wiki-zh/25865#c66
Q002054,wiki-zh/25865#c66
Q002055,wiki-zh/25865#c66
Q002056,wiki-zh/25865#c66
Q002057,wiki-zh/25865#c66
Q002058,wiki-zh/25865#c66
Q002059,wiki-zh/25865#c66
Q002060,wiki-zh/25865#c66
Q002061,wiki-zh/25865#c66
Q002062,wiki-zh/25865#c66
Q002063,wiki-zh/25865#c66
Q002064,wiki-zh/25865#c66
Q002065,wiki-zh/26356#c0
Q002066,wiki-zh/26356#c1
Q002067,wiki-zh/26356#c2
Q002068,wiki-zh/26356#c3
Q002069,wiki-zh/26356#c4
Q002070,wiki-zh/26356#c5
Q002071,wiki-zh/26356#c5
Q002072,wiki-zh/26356#c5
Q002073,wiki-zh/26356#c6
Q002074,wiki-zh/26356#c6
Q002075,wiki-zh/26356#c7
Q002076,wiki-zh/26356#c7
Q002077,wiki-zh/26356#c7
Q002078,wiki-zh/26356#c8
Q002079,wiki-zh/26356#c8
Q002080,wiki-zh/26356#c9
Q002081,wiki-zh/26356#c9
Q002082,wiki-zh/26356#c9
Q002083,wiki-zh/26356#c9
Q002084,wiki-zh/26356#c9
Q002085,wiki-zh/26356#c9
Q002086,wiki-zh/26356#c10
Q002087,wiki-zh/26356#c10
Q002088,wiki-zh/26356#c10
Q002089,wiki-zh/26356#c10
Q002090,wiki-zh/26356#c10
Q002091,wiki-zh/26356#c10
Q002092,wiki-zh/26356#c11
Q002093,wiki-zh/26356#c11
Q002094,wiki-zh/26356#c12
Q002095,wiki-zh/26356#c12
Q002096,wiki-zh/26356#c12
Q002097,wiki-zh/26356#c12
Q002098,wiki-zh/26356#c12
Q002099,wiki-zh/26356#c13
Q002100,wiki-zh/26356#c13
Q002101,wiki-zh/26356#c13
Q002102,wiki-zh/26356#c13
Q002103,wiki-zh/26356#c13
Q002104,wiki-zh/26356#c13
Q002105,wiki-zh/26356#c13
Q002106,wiki-zh/26356#c14
Q002107,wiki-zh/26356#c14
Q002108,wiki-zh/26356#c14
Q002109,wiki-zh/26356#c15
Q002110,wiki-zh/26356#c15
Q002111,wiki-zh/26356#c16
Q002112,wiki-zh/26356#c16
Q002113,wiki-zh/26356#c17
Q002114,wiki-zh/26356#c17
Q002115,wiki-zh/26356#c10
Q002116,wiki-zh/26356#c10
Q002117,wiki-zh/26356#c10
Q002118,wiki-zh/26356#c17
Q002119,wiki-zh/26356#c10
Q002120,wiki-zh/26356#c18
Q002121,wiki-zh/26356#c18
Q002122,wiki-zh/26356#c18
Q002123,wiki-zh/26356#c19
Q002124,wiki-zh/26356#c19
Q002125,wiki-zh/26356#c19
Q002126,wiki-zh/26356#c19
Q002127,wiki-zh/26356#c20
Q002128,wiki-zh/26356#c20
Q002129,wiki-zh/26356#c20
Q002130,wiki-zh/26356#c20
Q002131,wiki-zh/26356#c20
Q002132,wiki-zh/26356#c20
Q002133,wiki-zh/26356#c21
Q002134,wiki-zh/26356#c21
Q002135,wiki-zh/26356#c22
Q002136,wiki-zh/26356#c22
Q002137,wiki-zh/26356#c20
Q002138,wiki-zh/26356#c22
Q002139,wiki-zh/26356#c22
Q002140,wiki-zh/26356#c23
Q002141,wiki-zh/26356#c23
Q002142,wiki-zh/26356#c19
Q002143,wiki-zh/26356#c10
Q002144,wiki-zh/26356#c24
Q002145,wiki-zh/26356#c24
Q002146,wiki-zh/26356#c24
Q002147,wiki-zh/26356#c24
Q002148,wiki-zh/26356#c24
Q002149,wiki-zh/26356#c24
Q002150,wiki-zh/26356#c24
Q002151,wiki-zh/26356#c24
Q002152,wiki-zh/26356#c25
Q002153,wiki-zh/26356#c25
Q002154,wiki-zh/26356#c25
Q002155,wiki-zh/26356#c26
Q002156,wiki-zh/26356#c26
Q002157,wiki-zh/26356#c27
Q002158,wiki-zh/26356#c27
Q002159,wiki-zh/26356#c28
Q002160,wiki-zh/26356#c28
Q002161,wiki-zh/26356#c29
Q002162,wiki-zh/26356#c29
Q002163,wiki-zh/26356#c29
Q002164,wiki-zh/26356#c29
Q002165,wiki-zh/26356#c29
Q002166,wiki-zh/26356#c29
Q002167,wiki-zh/26356#c29
Q002168,wiki-zh/26356#c30
Q002169,wiki-zh/26356#c30
Q002170,wiki-zh/26356#c30
Q002171,wiki-zh/26356#c30
Q002172,wiki-zh/26356#c18
Q002173,wiki-zh/26356#c30
Q002174,wiki-zh/26356#c12
Q002175,wiki-zh/26356#c31
Q002176,wiki-zh/26356#c31
Q002177,wiki-zh/26356#c32
Q002178,wiki-zh/26356#c32
Q002179,wiki-zh/26356#c32
Q002180,wiki-zh/26356#c32
Q002181,wiki-zh/26356#c33
Q002182,wiki-zh/26356#c34
Q002183,wiki-zh/26356#c35
Q002184,wiki-zh/26356#c35
Q002185,wiki-zh/26356#c36
Q002186,wiki-zh/26356#c36
Q002187,wiki-zh/26356#c37
Q002188,wiki-zh/26356#c37
Q002189,wiki-zh/26356#c38
Q002190,wiki-zh/26356#c39
Q002191,wiki-zh/26356#c39
Q002192,wiki-zh/26356#c39
Q002193,wiki-zh/26356#c11
Q002194,wiki-zh/26356#c40
Q002195,wiki-zh/26356#c41
Q002196,wiki-zh/26356#c42
Q002197,wiki-zh/26356#c43
Q002198,wiki-zh/26356#c44
Q002199,wiki-zh/26356#c45
Q002200,wiki-zh/26356#c46
Q002201,wiki-zh/26356#c46
Q002202,wiki-zh/26356#c47
Q002203,wiki-zh/26356#c47
Q002204,wiki-zh/26356#c48
Q002205,wiki-zh/26356#c48
Q002206,wiki-zh/26356#c48
Q002207,wiki-zh/26356#c49
Q002208,wiki-zh/26356#c49
Q002209,wiki-zh/26356#c50
Q002210,wiki-zh/26356#c50
Q002211,wiki-zh/26356#c51
Q002212,wiki-zh/26356#c51
Q002213,wiki-zh/26356#c51
Q002214,wiki-zh/26356#c51
Q002215,wiki-zh/26356#c51
Q002216,wiki-zh/26356#c51
Q002217,wiki-zh/26356#c52
Q002218,wiki-zh/26356#c52
Q002219,wiki-zh/26356#c52
Q002220,wiki-zh/26356#c52
Q002221,wiki-zh/26356#c53
Q002222,wiki-zh/26356#c53
Q002223,wiki-zh/26356#c54
Q002224,wiki-zh/26356#c54
Q002225,wiki-zh/26356#c55
Q002226,wiki-zh/26356#c55
Q002227,wiki-zh/26356#c55
Q002228,wiki-zh/26356#c56
Q002229,wiki-zh/26356#c55
Q002230,wiki-zh/26356#c57
Q002231,wiki-zh/26356#c57
Q002232,wiki-zh/26356#c58
Q002233,wiki-zh/26356#c58
Q002234,wiki-zh/26356#c58
Q002235,wiki-zh/26356#c59
Q002236,wiki-zh/26356#c60
Q002237,wiki-zh/26356#c60
Q002238,wiki-zh/270649#c0
Q002239,wiki-zh/270649#c1
Q002240,wiki-zh/270649#c2
Q002241,wiki-zh/270649#c3
Q002242,wiki-zh/270649#c3
Q002243,wiki-zh/270649#c3
Q002244,wiki-zh/270649#c3
Q002245,wiki-zh/270649#c4
Q002246,wiki-zh/270649#c4
Q002247,wiki-zh/270649#c4
Q002248,wiki-zh/270649#c3
Q002249,wiki-zh/270649#c5
Q002250,wiki-zh/270649#c5
Q002251,wiki-zh/270649#c5
Q002252,wiki-zh/270649#c6
Q002253,wiki-zh/270649#c6
Q002254,wiki-zh/270649#c7
Q002255,wiki-zh/270649#c7
Q002256,wiki-zh/270649#c8
Q002257,wiki-zh/270649#c8
Q002258,wiki-zh/270649#c9
Q002259,wiki-zh/270649#c9
Q002260,wiki-zh/270649#c10
Q002261,wiki-zh/270649#c10
Q002262,wiki-zh/270649#c10
Q002263,wiki-zh/270649#c10
Q002264,wiki-zh/270649#c10
Q002265,wiki-zh/270649#c10
Q002266,wiki-zh/270649#c11
Q002267,wiki-zh/270649#c11
Q002268,wiki-zh/270649#c10
Q002269,wiki-zh/270649#c10
Q002270,wiki-zh/270649#c10
Q002271,wiki-zh/270649#c10
Q002272,wiki-zh/270649#c10
Q002273,wiki-zh/270649#c10
Q002274,wiki-zh/270649#c12
Q002275,wiki-zh/270649#c12
Q002276,wiki-zh/270649#c13
Q002277,wiki-zh/270649#c13
Q002278,wiki-zh/270649#c14
Q002279,wiki-zh/270649#c14
Q002280,wiki-zh/270649#c15
Q002281,wiki-zh/270649#c15
Q002282,wiki-zh/270649#c16
Q002283,wiki-zh/270649#c16
Q002284,wiki-zh/270649#c17
Q002285,wiki-zh/270649#c17
Q002286,wiki-zh/270649#c18
Q002287,wiki-zh/270649#c18
Q002288,wiki-zh/270649#c19
Q002289,wiki-zh/270649#c19
Q002290,wiki-zh/270649#c20
Q002291,wiki-zh/270649#c20
Q002292,wiki-zh/270649#c21
Q002293,wiki-zh/270649#c21
Q002294,wiki-zh/270649#c21
Q002295,wiki-zh/270649#c21
Q002296,wiki-zh/270649#c22
Q002297,wiki-zh/270649#c22
Q002298,wiki-zh/270649#c23
Q002299,wiki-zh/270649#c6
Q002300,wiki-zh/270649#c7
Q002301,wiki-zh/270649#c8
Q002302,wiki-zh/270649#c9
Q002303,wiki-zh/270649#c10
Q002304,wiki-zh/270649#c10
Q002305,wiki-zh/270649#c10
Q002306,wiki-zh/270649#c11
Q002307,wiki-zh/270649#c10
Q002308,wiki-zh/270649#c10
Q002309,wiki-zh/270649#c10
Q002310,wiki-zh/270649#c12
Q002311,wiki-zh/270649#c13
Q002312,wiki-zh/270649#c14
Q002313,wiki-zh/270649#c15
Q002314,wiki-zh/270649#c16
Q002315,wiki-zh/270649#c17
Q002316,wiki-zh/270649#c18
Q002317,wiki-zh/270649#c24
Q002318,wiki-zh/270649#c20
Q002319,wiki-zh/270649#c21
Q002320,wiki-zh/270649#c21
Q002321,wiki-zh/270649#c22
Q002322,wiki-zh/270649#c25
Q002323,wiki-zh/270649#c25
Q002324,wiki-zh/270649#c26
Q002325,wiki-zh/270649#c26
Q002326,wiki-zh/270649#c26
Q002327,wiki-zh/270649#c26
Q002328,wiki-zh/270649#c26
Q002329,wiki-zh/270649#c26
Q002330,wiki-zh/270649#c26
Q002331,wiki-zh/270649#c26
Q002332,wiki-zh/270649#c26
Q002333,wiki-zh/270649#c26
Q002334,wiki-zh/270649#c26
Q002335,wiki-zh/270649#c26
Q002336,wiki-zh/270649#c26
Q002337,wiki-zh/270649#c26
Q002338,wiki-zh/270649#c26
Q002339,wiki-zh/270649#c26
Q002340,wiki-zh/270649#c26
Q002341,wiki-zh/270649#c26
Q002342,wiki-zh/270649#c26
Q002343,wiki-zh/270649#c26
Q002344,wiki-zh/270649#c26
Q002345,wiki-zh/270649#c26
Q002346,wiki-zh/270649#c27
Q002347,wiki-zh/270649#c28
Q002348,wiki-zh/270649#c28
Q002349,wiki-zh/270649#c28
Q002350,wiki-zh/270649#c29
Q002351,wiki-zh/270649#c29
Q002352,wiki-zh/270649#c29
Q002353,wiki-zh/270649#c30
Q002354,wiki-zh/270649#c30
Q002355,wiki-zh/270649#c30
Q002356,wiki-zh/270649#c30
Q002357,wiki-zh/270649#c31
Q002358,wiki-zh/270649#c31
Q002359,wiki-zh/270649#c31
Q002360,wiki-zh/270649#c31
Q002361,wiki-zh/270649#c31
Q002362,wiki-zh/270649#c31
Q002363,wiki-zh/270649#c31
Q002364,wiki-zh/270649#c31
Q002365,wiki-zh/270649#c31
Q002366,wiki-zh/270649#c32
Q002367,wiki-zh/270649#c31
Q002368,wiki-zh/270649#c33
Q002369,wiki-zh/270649#c33
Q002370,wiki-zh/270649#c34
Q002371,wiki-zh/270649#c34
Q002372,wiki-zh/270649#c34
Q002373,wiki-zh/270649#c34
Q002374,wiki-zh/270649#c35
Q002375,wiki-zh/270649#c35
Q002376,wiki-zh/270649#c35
Q002377,wiki-zh/270649#c36
Q002378,wiki-zh/270649#c37
Q002379,wiki-zh/270649#c30
Q002380,wiki-zh/270649#c38
Q002381,wiki-zh/270649#c38
Q002382,wiki-zh/270649#c39
Q002383,wiki-zh/270649#c39
Q002384,wiki-zh/270649#c39
Q002385,wiki-zh/270649#c39
Q002386,wiki-zh/270649#c39
Q002387,wiki-zh/270649#c39
Q002388,wiki-zh/270649#c39
Q002389,wiki-zh/270649#c40
Q002390,wiki-zh/270649#c40
Q002391,wiki-zh/270649#c40
Q002392,wiki-zh/270649#c40
Q002393,wiki-zh/270649#c41
Q002394,wiki-zh/270649#c42
Q002395,wiki-zh/270649#c43
Q002396,wiki-zh/270649#c43
Q002397,wiki-zh/270649#c44
Q002398,wiki-zh/270649#c44
Q002399,wiki-zh/270649#c44
Q002400,wiki-zh/270649#c44
Q002401,wiki-zh/270649#c44
Q002402,wiki-zh/270649#c44
Q002403,wiki-zh/270649#c45
Q002404,wiki-zh/270649#c46
Q002405,wiki-zh/270649#c46
Q002406,wiki-zh/270649#c46
Q002407,wiki-zh/270649#c47
Q002408,wiki-zh/270649#c47
Q002409,wiki-zh/270649#c47
Q002410,wiki-zh/270649#c47
Q002411,wiki-zh/270649#c47
Q002412,wiki-zh/270649#c47
Q002413,wiki-zh/270649#c48
Q002414,wiki-zh/270649#c48
Q002415,wiki-zh/270649#c49
Q002416,wiki-zh/270649#c49
Q002417,wiki-zh/270649#c50
Q002418,wiki-zh/270649#c51
Q002419,wiki-zh/270649#c52
Q002420,wiki-zh/270649#c53
Q002421,wiki-zh/270649#c53
Q002422,wiki-zh/270649#c54
Q002423,wiki-zh/270649#c54
Q002424,wiki-zh/270649#c54
Q002425,wiki-zh/270649#c54
Q002426,wiki-zh/270649#c54
Q002427,wiki-zh/270649#c54
Q002428,wiki-zh/270649#c54
Q002429,wiki-zh/270649#c54
Q002430,wiki-zh/270649#c55
Q002431,wiki-zh/270649#c55
Q002432,wiki-zh/270649#c55
Q002433,wiki-zh/270649#c55
Q002434,wiki-zh/270649#c55
Q002435,wiki-zh/270649#c56
Q002436,wiki-zh/270649#c56
Q002437,wiki-zh/270649#c56
Q002438,wiki-zh/270649#c56
Q002439,wiki-zh/270649#c57
Q002440,wiki-zh/270649#c58
Q002441,wiki-zh/270649#c58
Q002442,wiki-zh/270649#c58
Q002443,wiki-zh/270649#c58
Q002444,wiki-zh/270649#c59
Q002445,wiki-zh/270649#c60
Q002446,wiki-zh/270649#c61
Q002447,wiki-zh/270649#c61
Q002448,wiki-zh/270649#c61
Q002449,wiki-zh/270649#c62
Q002450,wiki-zh/270649#c62
Q002451,wiki-zh/270649#c63
Q002452,wiki-zh/270649#c64
Q002453,wiki-zh/270649#c64
Q002454,wiki-zh/270649#c65
Q002455,wiki-zh/270649#c66
Q002456,wiki-zh/270649#c66
Q002457,wiki-zh/270649#c67
Q002458,wiki-zh/270649#c62
Q002459,wiki-zh/2989715#c0
Q002460,wiki-zh/2989715#c0
Q002461,wiki-zh/2989715#c0
Q002462,wiki-zh/2989715#c0
Q002463,wiki-zh/2989715#c0
Q002464,wiki-zh/2989715#c0
Q002465,wiki-zh/2989715#c0
Q002466,wiki-zh/2989715#c0
Q002467,wiki-zh/2989715#c0
Q002468,wiki-zh/2989715#c0
Q002469,wiki-zh/2989715#c1
Q002470,wiki-zh/2989715#c1
Q002471,wiki-zh/2989715#c2
Q002472,wiki-zh/2989715#c2
Q002473,wiki-zh/2989715#c3
Q002474,wiki-zh/2989715#c3
Q002475,wiki-zh/2989715#c3
Q002476,wiki-zh/2989715#c3
Q002477,wiki-zh/2989715#c3
Q002478,wiki-zh/2989715#c3
Q002479,wiki-zh/2989715#c3
Q002480,wiki-zh/2989715#c3
Q002481,wiki-zh/2989715#c3
Q002482,wiki-zh/2989715#c4
Q002483,wiki-zh/2989715#c4
Q002484,wiki-zh/2989715#c5
Q002485,wiki-zh/2989715#c5
Q002486,wiki-zh/2989715#c5
Q002487,wiki-zh/2989715#c5
Q002488,wiki-zh/2989715#c5
Q002489,wiki-zh/2989715#c5
Q002490,wiki-zh/2989715#c5
Q002491,wiki-zh/2989715#c5
Q002492,wiki-zh/2989715#c5
Q002493,wiki-zh/2989715#c5
Q002494,wiki-zh/2989715#c5
Q002495,wiki-zh/2989715#c5
Q002496,wiki-zh/2989715#c5
Q002497,wiki-zh/2989715#c6
Q002498,wiki-zh/2989715#c6
Q002499,wiki-zh/2989715#c6
Q002500,wiki-zh/2989715#c6
Q002501,wiki-zh/2989715#c6
Q002502,wiki-zh/2989715#c6
Q002503,wiki-zh/2989715#c6
Q002504,wiki-zh/2989715#c6
Q002505,wiki-zh/2989715#c6
Q002506,wiki-zh/2989715#c6
Q002507,wiki-zh/2989715#c6
Q002508,wiki-zh/2989715#c6
Q002509,wiki-zh/2989715#c6
Q002510,wiki-zh/2989715#c6
Q002511,wiki-zh/2989715#c6
Q002512,wiki-zh/2989715#c6
Q002513,wiki-zh/2989715#c6
Q002514,wiki-zh/2989715#c6
Q002515,wiki-zh/2989715#c6
Q002516,wiki-zh/2989715#c6
Q002517,wiki-zh/2989715#c7
Q002518,wiki-zh/2989715#c7
Q002519,wiki-zh/2989715#c7
Q002520,wiki-zh/2989715#c7
Q002521,wiki-zh/2989715#c7
Q002522,wiki-zh/2989715#c7
Q002523,wiki-zh/2989715#c7
Q002524,wiki-zh/2989715#c8
Q002525,wiki-zh/2989715#c8
Q002526,wiki-zh/2989715#c8
Q002527,wiki-zh/2989715#c8
Q002528,wiki-zh/2989715#c8
Q002529,wiki-zh/2989715#c8
Q002530,wiki-zh/2989715#c8
Q002531,wiki-zh/2989715#c8
Q002532,wiki-zh/2989715#c8
Q002533,wiki-zh/2989715#c8
Q002534,wiki-zh/2989715#c8
Q002535,wiki-zh/2989715#c8
Q002536,wiki-zh/2989715#c8
Q002537,wiki-zh/2989715#c8
Q002538,wiki-zh/2989715#c8
Q002539,wiki-zh/2989715#c8
Q002540,wiki-zh/2989715#c8
Q002541,wiki-zh/2989715#c8
Q002542,wiki-zh/2989715#c9
Q002543,wiki-zh/2989715#c9
Q002544,wiki-zh/2989715#c10
Q002545,wiki-zh/2989715#c10
Q002546,wiki-zh/2989715#c11
Q002547,wiki-zh/2989715#c11
Q002548,wiki-zh/2989715#c11
Q002549,wiki-zh/2989715#c12
Q002550,wiki-zh/2989715#c12
Q002551,wiki-zh/2989715#c12
Q002552,wiki-zh/2989715#c13
Q002553,wiki-zh/2989715#c13
Q002554,wiki-zh/2989715#c14
Q002555,wiki-zh/2989715#c14
Q002556,wiki-zh/2989715#c14
Q002557,wiki-zh/2989715#c14
Q002558,wiki-zh/2989715#c14
Q002559,wiki-zh/2989715#c14
Q002560,wiki-zh/2989715#c14
Q002561,wiki-zh/2989715#c14
Q002562,wiki-zh/2989715#c14
Q002563,wiki-zh/2989715#c14
Q002564,wiki-zh/2989715#c15
Q002565,wiki-zh/2989715#c15
Q002566,wiki-zh/2989715#c15
Q002567,wiki-zh/2989715#c15
Q002568,wiki-zh/2989715#c15
Q002569,wiki-zh/2989715#c15
Q002570,wiki-zh/2989715#c16
Q002571,wiki-zh/2989715#c16
Q002572,wiki-zh/2989715#c16
Q002573,wiki-zh/2989715#c16
Q002574,wiki-zh/2989715#c17
Q002575,wiki-zh/2989715#c17
Q002576,wiki-zh/2989715#c16
Q002577,wiki-zh/2989715#c16
Q002578,wiki-zh/2989715#c18
Q002579,wiki-zh/2989715#c18
Q002580,wiki-zh/2989715#c19
Q002581,wiki-zh/2989715#c20
Q002582,wiki-zh/2989715#c20
Q002583,wiki-zh/2989715#c21
Q002584,wiki-zh/2989715#c21
Q002585,wiki-zh/2989715#c21
Q002586,wiki-zh/2989715#c21
Q002587,wiki-zh/2989715#c21
Q002588,wiki-zh/2989715#c21
Q002589,wiki-zh/2989715#c21
Q002590,wiki-zh/2989715#c21
Q002591,wiki-zh/2989715#c21
Q002592,wiki-zh/2989715#c21
Q002593,wiki-zh/2989715#c22
Q002594,wiki-zh/2989715#c21
Q002595,wiki-zh/2989715#c21
Q002596,wiki-zh/2989715#c21
Q002597,wiki-zh/2989715#c21
Q002598,wiki-zh/2989715#c21
Q002599,wiki-zh/2989715#c21
Q002600,wiki-zh/2989715#c21
Q002601,wiki-zh/2989715#c21
Q002602,wiki-zh/2989715#c21
Q002603,wiki-zh/2989715#c23
Q002604,wiki-zh/2989715#c23
Q002605,wiki-zh/2989715#c24
Q002606,wiki-zh/2989715#c24
Q002607,wiki-zh/2989715#c24
Q002608,wiki-zh/2989715#c24
Q002609,wiki-zh/2989715#c25
Q002610,wiki-zh/2989715#c25
Q002611,wiki-zh/2989715#c26
Q002612,wiki-zh/2989715#c26
Q002613,wiki-zh/2989715#c27
Q002614,wiki-zh/2989715#c27
Q002615,wiki-zh/31439#c0
Q002616,wiki-zh/31439#c1
Q002617,wiki-zh/31439#c1
Q002618,wiki-zh/31439#c2
Q002619,wiki-zh/31439#c2
Q002620,wiki-zh/31439#c2
Q002621,wiki-zh/31439#c3
Q002622,wiki-zh/31439#c3
Q002623,wiki-zh/31439#c3
Q002624,wiki-zh/31439#c4
Q002625,wiki-zh/31439#c4
Q002626,wiki-zh/31439#c5
Q002627,wiki-zh/31439#c5
Q002628,wiki-zh/31439#c5
Q002629,wiki-zh/31439#c5
Q002630,wiki-zh/31439#c6
Q002631,wiki-zh/31439#c6
Q002632,wiki-zh/31439#c6
Q002633,wiki-zh/31439#c6
Q002634,wiki-zh/31439#c6
Q002635,wiki-zh/31439#c6
Q002636,wiki-zh/31439#c6
Q002637,wiki-zh/31439#c6
Q002638,wiki-zh/31439#c6
Q002639,wiki-zh/31439#c6
Q002640,wiki-zh/31439#c7
Q002641,wiki-zh/31439#c7
Q002642,wiki-zh/31439#c7
Q002643,wiki-zh/31439#c8
Q002644,wiki-zh/31439#c8
Q002645,wiki-zh/31439#c8
Q002646,wiki-zh/31439#c8
Q002647,wiki-zh/31439#c8
Q002648,wiki-zh/31439#c9
Q002649,wiki-zh/31439#c9
Q002650,wiki-zh/31439#c10
Q002651,wiki-zh/31439#c10
Q002652,wiki-zh/31439#c9
Q002653,wiki-zh/31439#c9
Q002654,wiki-zh/31439#c9
Q002655,wiki-zh/31439#c9
Q002656,wiki-zh/31439#c11
Q002657,wiki-zh/31439#c11
Q002658,wiki-zh/31439#c11
Q002659,wiki-zh/31439#c11
Q002660,wiki-zh/31439#c11
Q002661,wiki-zh/31439#c11
Q002662,wiki-zh/31439#c12
Q002663,wiki-zh/31439#c12
Q002664,wiki-zh/31439#c12
Q002665,wiki-zh/31439#c13
Q002666,wiki-zh/31439#c13
Q002667,wiki-zh/31439#c14
Q002668,wiki-zh/31439#c14
Q002669,wiki-zh/31439#c14
Q002670,wiki-zh/31439#c14
Q002671,wiki-zh/31439#c15
Q002672,wiki-zh/31439#c15
Q002673,wiki-zh/31439#c15
Q002674,wiki-zh/31439#c15
Q002675,wiki-zh/31439#c15
Q002676,wiki-zh/31439#c16
Q002677,wiki-zh/31439#c16
Q002678,wiki-zh/31439#c17
Q002679,wiki-zh/31439#c17
Q002680,wiki-zh/31439#c17
Q002681,wiki-zh/31439#c17
Q002682,wiki-zh/31439#c17
Q002683,wiki-zh/31439#c17
Q002684,wiki-zh/31439#c18
Q002685,wiki-zh/31439#c18
Q002686,wiki-zh/31439#c18
Q002687,wiki-zh/31439#c18
Q002688,wiki-zh/31439#c19
Q002689,wiki-zh/31439#c19
Q002690,wiki-zh/31439#c20
Q002691,wiki-zh/31439#c20
Q002692,wiki-zh/31439#c21
Q002693,wiki-zh/31439#c21
Q002694,wiki-zh/31439#c21
Q002695,wiki-zh/31439#c22
Q002696,wiki-zh/31439#c22
Q002697,wiki-zh/31439#c23
Q002698,wiki-zh/31439#c23
Q002699,wiki-zh/31439#c23
Q002700,wiki-zh/31439#c23
Q002701,wiki-zh/31439#c24
Q002702,wiki-zh/31439#c24
Q002703,wiki-zh/31439#c24
Q002704,wiki-zh/31439#c25
Q002705,wiki-zh/31439#c25
Q002706,wiki-zh/31439#c21
Q002707,wiki-zh/31439#c21
Q002708,wiki-zh/31439#c26
Q002709,wiki-zh/31439#c26
Q002710,wiki-zh/31439#c26
Q002711,wiki-zh/31439#c26
Q002712,wiki-zh/31439#c27
Q002713,wiki-zh/31439#c27
Q002714,wiki-zh/31439#c26
Q002715,wiki-zh/31439#c26
Q002716,wiki-zh/31439#c26
Q002717,wiki-zh/31439#c27
Q002718,wiki-zh/31439#c28
Q002719,wiki-zh/31439#c28
Q002720,wiki-zh/31439#c29
Q002721,wiki-zh/31439#c29
Q002722,wiki-zh/31439#c29
Q002723,wiki-zh/31439#c29
Q002724,wiki-zh/31439#c30
Q002725,wiki-zh/31439#c30
Q002726,wiki-zh/31439#c30
Q002727,wiki-zh/31439#c31
Q002728,wiki-zh/31439#c31
Q002729,wiki-zh/31439#c32
Q002730,wiki-zh/31439#c32
Q002731,wiki-zh/31439#c32
Q002732,wiki-zh/31439#c32
Q002733,wiki-zh/31439#c32
Q002734,wiki-zh/31439#c32
Q002735,wiki-zh/31439#c32
Q002736,wiki-zh/31439#c32
Q002737,wiki-zh/31439#c33
Q002738,wiki-zh/31439#c33
Q002739,wiki-zh/31439#c33
Q002740,wiki-zh/31439#c34
Q002741,wiki-zh/31439#c34
Q002742,wiki-zh/31439#c35
Q002743,wiki-zh/31439#c35
Q002744,wiki-zh/31439#c35
Q002745,wiki-zh/31439#c35
Q002746,wiki-zh/31439#c35
Q002747,wiki-zh/31439#c35
Q002748,wiki-zh/31439#c35
Q002749,wiki-zh/31439#c35
Q002750,wiki-zh/31439#c35
Q002751,wiki-zh/31439#c35
Q002752,wiki-zh/31439#c35
Q002753,wiki-zh/31439#c35
Q002754,wiki-zh/31439#c35
Q002755,wiki-zh/31439#c35
Q002756,wiki-zh/31439#c35
Q002757,wiki-zh/31439#c35
Q002758,wiki-zh/31439#c35
Q002759,wiki-zh/31439#c36
Q002760,wiki-zh/31439#c36
Q002761,wiki-zh/31439#c36
Q002762,wiki-zh/31439#c36
Q002763,wiki-zh/31439#c36
Q002764,wiki-zh/31439#c36
Q002765,wiki-zh/31439#c36
Q002766,wiki-zh/31439#c36
Q002767,wiki-zh/31439#c37
Q002768,wiki-zh/31439#c37
Q002769,wiki-zh/31439#c36
Q002770,wiki-zh/31439#c36
Q002771,wiki-zh/31439#c38
Q002772,wiki-zh/31439#c38
Q002773,wiki-zh/31439#c36
Q002774,wiki-zh/31439#c36
Q002775,wiki-zh/31439#c36
Q002776,wiki-zh/31439#c39
Q002777,wiki-zh/31439#c39
Q002778,wiki-zh/31439#c39
Q002779,wiki-zh/31439#c40
Q002780,wiki-zh/31439#c40
Q002781,wiki-zh/31439#c41
Q002782,wiki-zh/31439#c41
Q002783,wiki-zh/31439#c41
Q002784,wiki-zh/31439#c41
Q002785,wiki-zh/31439#c41
Q002786,wiki-zh/31439#c41
Q002787,wiki-zh/31439#c41
Q002788,wiki-zh/31439#c41
Q002789,wiki-zh/31439#c41
Q002790,wiki-zh/31439#c42
Q002791,wiki-zh/31439#c42
Q002792,wiki-zh/31439#c42
Q002793,wiki-zh/31439#c42
Q002794,wiki-zh/31439#c42
Q002795,wiki-zh/31439#c42
Q002796,wiki-zh/31439#c42
Q002797,wiki-zh/31439#c43
Q002798,wiki-zh/31439#c43
Q002799,wiki-zh/31439#c43
Q002800,wiki-zh/31439#c43
Q002801,wiki-zh/31439#c43
Q002802,wiki-zh/31439#c43
Q002803,wiki-zh/31439#c43
Q002804,wiki-zh/31439#c43
Q002805,wiki-zh/31439#c43
Q002806,wiki-zh/31439#c43
Q002807,wiki-zh/31439#c44
Q002808,wiki-zh/31439#c44
Q002809,wiki-zh/31439#c45
Q002810,wiki-zh/31439#c45
Q002811,wiki-zh/31439#c46
Q002812,wiki-zh/31439#c46
Q002813,wiki-zh/31439#c47
Q002814,wiki-zh/31439#c47
Q002815,wiki-zh/31439#c48
Q002816,wiki-zh/31439#c48
Q002817,wiki-zh/31439#c48
Q002818,wiki-zh/31439#c48
Q002819,wiki-zh/31439#c49
Q002820,wiki-zh/31439#c49
Q002821,wiki-zh/31439#c49
Q002822,wiki-zh/31439#c50
Q002823,wiki-zh/31439#c50
Q002824,wiki-zh/31439#c50
Q002825,wiki-zh/31439#c51
Q002826,wiki-zh/31439#c35
Q002827,wiki-zh/31439#c52
Q002828,wiki-zh/31439#c52
Q002829,wiki-zh/31439#c53
Q002830,wiki-zh/31439#c54
Q002831,wiki-zh/31439#c55
Q002832,wiki-zh/31439#c55
Q002833,wiki-zh/31439#c56
Q002834,wiki-zh/31439#c56
Q002835,wiki-zh/31439#c57
Q002836,wiki-zh/31439#c57
Q002837,wiki-zh/31439#c58
Q002838,wiki-zh/31439#c58
Q002839,wiki-zh/339861#c0
Q002840,wiki-zh/339861#c1
Q002841,wiki-zh/339861#c1
Q002842,wiki-zh/339861#c2
Q002843,wiki-zh/339861#c2
Q002844,wiki-zh/339861#c3
Q002845,wiki-zh/339861#c3
Q002846,wiki-zh/339861#c4
Q002847,wiki-zh/339861#c5
Q002848,wiki-zh/339861#c5
Q002849,wiki-zh/339861#c6
Q002850,wiki-zh/339861#c6
Q002851,wiki-zh/339861#c6
Q002852,wiki-zh/339861#c6
Q002853,wiki-zh/339861#c7
Q002854,wiki-zh/339861#c7
Q002855,wiki-zh/339861#c8
Q002856,wiki-zh/339861#c8
Q002857,wiki-zh/339861#c8
Q002858,wiki-zh/339861#c8
Q002859,wiki-zh/339861#c8
Q002860,wiki-zh/339861#c9
Q002861,wiki-zh/339861#c9
Q002862,wiki-zh/339861#c10
Q002863,wiki-zh/339861#c10
Q002864,wiki-zh/339861#c10
Q002865,wiki-zh/339861#c11
Q002866,wiki-zh/339861#c11
Q002867,wiki-zh/339861#c12
Q002868,wiki-zh/339861#c12
Q002869,wiki-zh/339861#c12
Q002870,wiki-zh/339861#c13
Q002871,wiki-zh/339861#c13
Q002872,wiki-zh/339861#c14
Q002873,wiki-zh/339861#c14
Q002874,wiki-zh/339861#c15
Q002875,wiki-zh/339861#c15
Q002876,wiki-zh/339861#c15
Q002877,wiki-zh/339861#c15
Q002878,wiki-zh/339861#c15
Q002879,wiki-zh/339861#c15
Q002880,wiki-zh/339861#c15
Q002881,wiki-zh/339861#c16
Q002882,wiki-zh/339861#c16
Q002883,wiki-zh/339861#c16
Q002884,wiki-zh/339861#c16
Q002885,wiki-zh/339861#c17
Q002886,wiki-zh/339861#c18
Q002887,wiki-zh/339861#c18
Q002888,wiki-zh/339861#c18
Q002889,wiki-zh/339861#c18
Q002890,wiki-zh/339861#c18
Q002891,wiki-zh/339861#c19
Q002892,wiki-zh/339861#c19
Q002893,wiki-zh/339861#c20
Q002894,wiki-zh/339861#c20
Q002895,wiki-zh/339861#c20
Q002896,wiki-zh/339861#c20
Q002897,wiki-zh/339861#c21
Q002898,wiki-zh/339861#c22
Q002899,wiki-zh/339861#c23
Q002900,wiki-zh/339861#c23
Q002901,wiki-zh/339861#c24
Q002902,wiki-zh/339861#c25
Q002903,wiki-zh/339861#c26
Q002904,wiki-zh/339861#c27
Q002905,wiki-zh/339861#c27
Q002906,wiki-zh/339861#c28
Q002907,wiki-zh/339861#c29
Q002908,wiki-zh/339861#c29
Q002909,wiki-zh/339861#c30
Q002910,wiki-zh/339861#c29
Q002911,wiki-zh/339861#c29
Q002912,wiki-zh/339861#c29
Q002913,wiki-zh/339861#c29
Q002914,wiki-zh/339861#c29
Q002915,wiki-zh/339861#c29
Q002916,wiki-zh/339861#c29
Q002917,wiki-zh/339861#c29
Q002918,wiki-zh/339861#c29
Q002919,wiki-zh/339861#c29
Q002920,wiki-zh/339861#c29
Q002921,wiki-zh/339861#c29
Q002922,wiki-zh/339861#c29
Q002923,wiki-zh/339861#c29
Q002924,wiki-zh/339861#c29
Q002925,wiki-zh/339861#c29
Q002926,wiki-zh/339861#c29
Q002927,wiki-zh/339861#c29
Q002928,wiki-zh/339861#c29
Q002929,wiki-zh/339861#c29
Q002930,wiki-zh/339861#c29
Q002931,wiki-zh/339861#c29
Q002932,wiki-zh/339861#c29
Q002933,wiki-zh/339861#c29
Q002934,wiki-zh/339861#c29
Q002935,wiki-zh/339861#c29
Q002936,wiki-zh/339861#c29
Q002937,wiki-zh/339861#c29
Q002938,wiki-zh/339861#c29
Q002939,wiki-zh/339861#c29
Q002940,wiki-zh/339861#c29
Q002941,wiki-zh/339861#c29
Q002942,wiki-zh/339861#c29
Q002943,wiki-zh/339861#c29
Q002944,wiki-zh/339861#c29
Q002945,wiki-zh/339861#c29
Q002946,wiki-zh/339861#c29
Q002947,wiki-zh/339861#c29
Q002948,wiki-zh/339861#c29
Q002949,wiki-zh/339861#c29
Q002950,wiki-zh/339861#c29
Q002951,wiki-zh/339861#c29
Q002952,wiki-zh/339861#c29
Q002953,wiki-zh/339861#c29
Q002954,wiki-zh/339861#c29
Q002955,wiki-zh/339861#c29
Q002956,wiki-zh/339861#c29
Q002957,wiki-zh/339861#c29
Q002958,wiki-zh/339861#c29
Q002959,wiki-zh/339861#c29
Q002960,wiki-zh/339861#c29
Q002961,wiki-zh/339861#c29
Q002962,wiki-zh/339861#c29
Q002963,wiki-zh/339861#c29
Q002964,wiki-zh/339861#c29
Q002965,wiki-zh/339861#c29
Q002966,wiki-zh/339861#c29
Q002967,wiki-zh/339861#c29
Q002968,wiki-zh/339861#c29
Q002969,wiki-zh/339861#c29
Q002970,wiki-zh/339861#c29
Q002971,wiki-zh/339861#c29
Q002972,wiki-zh/339861#c29
Q002973,wiki-zh/339861#c29
Q002974,wiki-zh/339861#c29
Q002975,wiki-zh/339861#c29
Q002976,wiki-zh/339861#c29
Q002977,wiki-zh/339861#c29
Q002978,wiki-zh/339861#c29
Q002979,wiki-zh/339861#c29
Q002980,wiki-zh/339861#c29
Q002981,wiki-zh/339861#c29
Q002982,wiki-zh/339861#c29
Q002983,wiki-zh/339861#c29
Q002984,wiki-zh/339861#c29
Q002985,wiki-zh/339861#c29
Q002986,wiki-zh/339861#c29
Q002987,wiki-zh/339861#c29
Q002988,wiki-zh/339861#c31
Q002989,wiki-zh/339861#c31
Q002990,wiki-zh/339861#c31
Q002991,wiki-zh/339861#c32
Q002992,wiki-zh/3458417#c0
Q002993,wiki-zh/3458417#c0
Q002994,wiki-zh/3458417#c0
Q002995,wiki-zh/3458417#c0
Q002996,wiki-zh/3458417#c0
Q002997,wiki-zh/3458417#c0
Q002998,wiki-zh/3458417#c1
Q002999,wiki-zh/3458417#c1
Q003000,wiki-zh/3458417#c2
Q003001,wiki-zh/3458417#c2
Q003002,wiki-zh/3458417#c3
Q003003,wiki-zh/3458417#c3
Q003004,wiki-zh/3458417#c3
Q003005,wiki-zh/3458417#c4
Q003006,wiki-zh/3458417#c4
Q003007,wiki-zh/3458417#c4
Q003008,wiki-zh/3458417#c5
Q003009,wiki-zh/3458417#c5
Q003010,wiki-zh/3458417#c6
Q003011,wiki-zh/3458417#c6
Q003012,wiki-zh/3458417#c6
Q003013,wiki-zh/3458417#c7
Q003014,wiki-zh/3458417#c7
Q003015,wiki-zh/3458417#c7
Q003016,wiki-zh/3458417#c8
Q003017,wiki-zh/3458417#c8
Q003018,wiki-zh/3458417#c8
Q003019,wiki-zh/3458417#c8
Q003020,wiki-zh/3458417#c8
Q003021,wiki-zh/3458417#c8
Q003022,wiki-zh/3458417#c8
Q003023,wiki-zh/3458417#c8
Q003024,wiki-zh/3458417#c8
Q003025,wiki-zh/3458417#c8
Q003026,wiki-zh/3458417#c8
Q003027,wiki-zh/3458417#c8
Q003028,wiki-zh/3458417#c8
Q003029,wiki-zh/3458417#c9
Q003030,wiki-zh/3458417#c9
Q003031,wiki-zh/3458417#c9
Q003032,wiki-zh/3458417#c8
Q003033,wiki-zh/3458417#c8
Q003034,wiki-zh/3458417#c8
Q003035,wiki-zh/3458417#c10
Q003036,wiki-zh/3458417#c10
Q003037,wiki-zh/3458417#c8
Q003038,wiki-zh/3458417#c8
Q003039,wiki-zh/3458417#c11
Q003040,wiki-zh/3458417#c11
Q003041,wiki-zh/3458417#c11
Q003042,wiki-zh/3458417#c8
Q003043,wiki-zh/3458417#c12
Q003044,wiki-zh/3458417#c12
Q003045,wiki-zh/3458417#c12
Q003046,wiki-zh/3458417#c12
Q003047,wiki-zh/3458417#c12
Q003048,wiki-zh/3458417#c13
Q003049,wiki-zh/3458417#c13
Q003050,wiki-zh/3458417#c14
Q003051,wiki-zh/3458417#c14
Q003052,wiki-zh/3458417#c14
Q003053,wiki-zh/3458417#c15
Q003054,wiki-zh/3458417#c15
Q003055,wiki-zh/3458417#c15
Q003056,wiki-zh/3458417#c15
Q003057,wiki-zh/3458417#c15
Q003058,wiki-zh/3458417#c15
Q003059,wiki-zh/3458417#c15
Q003060,wiki-zh/3458417#c16
Q003061,wiki-zh/3458417#c16
Q003062,wiki-zh/3458417#c15
Q003063,wiki-zh/3458417#c15
Q003064,wiki-zh/3458417#c15
Q003065,wiki-zh/3458417#c16
Q003066,wiki-zh/3458417#c14
Q003067,wiki-zh/3458417#c16
Q003068,wiki-zh/3458417#c15
Q003069,wiki-zh/3458417#c15
Q003070,wiki-zh/3458417#c15
Q003071,wiki-zh/3458417#c15
Q003072,wiki-zh/3458417#c15
Q003073,wiki-zh/3458417#c15
Q003074,wiki-zh/3458417#c15
Q003075,wiki-zh/3458417#c16
Q003076,wiki-zh/3458417#c16
Q003077,wiki-zh/3458417#c16
Q003078,wiki-zh/3458417#c17
Q003079,wiki-zh/3458417#c17
Q003080,wiki-zh/3458417#c18
Q003081,wiki-zh/3458417#c18
Q003082,wiki-zh/3458417#c16
Q003083,wiki-zh/3458417#c18
Q003084,wiki-zh/3458417#c18
Q003085,wiki-zh/3458417#c18
Q003086,wiki-zh/3458417#c18
Q003087,wiki-zh/3458417#c18
Q003088,wiki-zh/3458417#c18
Q003089,wiki-zh/3458417#c19
Q003090,wiki-zh/3458417#c19
Q003091,wiki-zh/3458417#c19
Q003092,wiki-zh/3458417#c19
Q003093,wiki-zh/3458417#c20
Q003094,wiki-zh/3458417#c20
Q003095,wiki-zh/3458417#c21
Q003096,wiki-zh/3458417#c21
Q003097,wiki-zh/3458417#c16
Q003098,wiki-zh/3458417#c21
Q003099,wiki-zh/3458417#c21
Q003100,wiki-zh/3458417#c22
Q003101,wiki-zh/3458417#c22
Q003102,wiki-zh/3458417#c21
Q003103,wiki-zh/3458417#c22
Q003104,wiki-zh/3458417#c23
Q003105,wiki-zh/3458417#c23
Q003106,wiki-zh/3458417#c23
Q003107,wiki-zh/3458417#c24
Q003108,wiki-zh/3458417#c24
Q003109,wiki-zh/3458417#c24
Q003110,wiki-zh/3458417#c24
Q003111,wiki-zh/3458417#c24
Q003112,wiki-zh/3458417#c24
Q003113,wiki-zh/3458417#c24
Q003114,wiki-zh/3458417#c25
Q003115,wiki-zh/3458417#c25
Q003116,wiki-zh/3458417#c24
Q003117,wiki-zh/3458417#c25
Q003118,wiki-zh/3458417#c25
Q003119,wiki-zh/3458417#c25
Q003120,wiki-zh/3458417#c25
Q003121,wiki-zh/3458417#c25
Q003122,wiki-zh/3458417#c26
Q003123,wiki-zh/3458417#c26
Q003124,wiki-zh/3458417#c26
Q003125,wiki-zh/3458417#c27
Q003126,wiki-zh/3458417#c27
Q003127,wiki-zh/3458417#c27
Q003128,wiki-zh/3458417#c28
Q003129,wiki-zh/3458417#c28
Q003130,wiki-zh/3458417#c29
Q003131,wiki-zh/3458417#c29
Q003132,wiki-zh/3458417#c30
Q003133,wiki-zh/3458417#c30
Q003134,wiki-zh/3458417#c31
Q003135,wiki-zh/3458417#c31
Q003136,wiki-zh/3458417#c31
Q003137,wiki-zh/3458417#c31
Q003138,wiki-zh/3458417#c31
Q003139,wiki-zh/3458417#c32
Q003140,wiki-zh/3458417#c32
Q003141,wiki-zh/3458417#c33
Q003142,wiki-zh/3458417#c33
Q003143,wiki-zh/3604155#c0
Q003144,wiki-zh/3604155#c1
Q003145,wiki-zh/3604155#c1
Q003146,wiki-zh/3604155#c2
Q003147,wiki-zh/3604155#c2
Q003148,wiki-zh/3604155#c3
Q003149,wiki-zh/3604155#c3
Q003150,wiki-zh/3604155#c4
Q003151,wiki-zh/3604155#c4
Q003152,wiki-zh/3604155#c4
Q003153,wiki-zh/3604155#c5
Q003154,wiki-zh/3604155#c5
Q003155,wiki-zh/3604155#c5
Q003156,wiki-zh/3604155#c5
Q003157,wiki-zh/3604155#c5
Q003158,wiki-zh/3604155#c6
Q003159,wiki-zh/3604155#c6
Q003160,wiki-zh/3604155#c5
Q003161,wiki-zh/3604155#c6
Q003162,wiki-zh/3604155#c6
Q003163,wiki-zh/3604155#c7
Q003164,wiki-zh/3604155#c7
Q003165,wiki-zh/3604155#c8
Q003166,wiki-zh/3604155#c8
Q003167,wiki-zh/3604155#c8
Q003168,wiki-zh/3604155#c9
Q003169,wiki-zh/3604155#c9
Q003170,wiki-zh/3604155#c9
Q003171,wiki-zh/3604155#c9
Q003172,wiki-zh/3604155#c9
Q003173,wiki-zh/3604155#c9
Q003174,wiki-zh/3604155#c9
Q003175,wiki-zh/3604155#c9
Q003176,wiki-zh/3604155#c9
Q003177,wiki-zh/3604155#c9
Q003178,wiki-zh/3604155#c9
Q003179,wiki-zh/3604155#c9
Q003180,wiki-zh/3604155#c9
Q003181,wiki-zh/3604155#c9
Q003182,wiki-zh/3604155#c9
Q003183,wiki-zh/3604155#c9
Q003184,wiki-zh/3604155#c9
Q003185,wiki-zh/3604155#c9
Q003186,wiki-zh/3604155#c9
Q003187,wiki-zh/3604155#c9
Q003188,wiki-zh/3604155#c9
Q003189,wiki-zh/3604155#c9
Q003190,wiki-zh/3604155#c9
Q003191,wiki-zh/3604155#c9
Q003192,wiki-zh/3604155#c9
Q003193,wiki-zh/3604155#c10
Q003194,wiki-zh/3604155#c10
Q003195,wiki-zh/3604155#c9
Q003196,wiki-zh/3604155#c9
Q003197,wiki-zh/3604155#c9
Q003198,wiki-zh/3604155#c9
Q003199,wiki-zh/3604155#c9
Q003200,wiki-zh/3604155#c9
Q003201,wiki-zh/3604155#c9
Q003202,wiki-zh/3604155#c9
Q003203,wiki-zh/3604155#c11
Q003204,wiki-zh/3604155#c12
Q003205,wiki-zh/3604155#c13
Q003206,wiki-zh/3604155#c13
Q003207,wiki-zh/3604155#c14
Q003208,wiki-zh/3604155#c14
Q003209,wiki-zh/3604155#c15
Q003210,wiki-zh/3604155#c15
Q003211,wiki-zh/3604155#c16
Q003212,wiki-zh/3604155#c16
Q003213,wiki-zh/3604155#c15
Q003214,wiki-zh/3604155#c17
Q003215,wiki-zh/3604155#c17
Q003216,wiki-zh/3604155#c18
Q003217,wiki-zh/3604155#c18
Q003218,wiki-zh/3604155#c19
Q003219,wiki-zh/3604155#c19
Q003220,wiki-zh/3604155#c20
Q003221,wiki-zh/3604155#c20
Q003222,wiki-zh/3604155#c21
Q003223,wiki-zh/3604155#c21
Q003224,wiki-zh/3604155#c22
Q003225,wiki-zh/3604155#c22
Q003226,wiki-zh/3604155#c23
Q003227,wiki-zh/3604155#c23
Q003228,wiki-zh/3604155#c23
Q003229,wiki-zh/3604155#c24
Q003230,wiki-zh/3604155#c24
Q003231,wiki-zh/3604155#c24
Q003232,wiki-zh/3604155#c24
Q003233,wiki-zh/3604155#c24
Q003234,wiki-zh/3604155#c25
Q003235,wiki-zh/3604155#c25
Q003236,wiki-zh/3604155#c26
Q003237,wiki-zh/3604155#c26
Q003238,wiki-zh/3604155#c26
Q003239,wiki-zh/3604155#c26
Q003240,wiki-zh/3604155#c24
Q003241,wiki-zh/3604155#c24
Q003242,wiki-zh/3604155#c27
Q003243,wiki-zh/3604155#c27
Q003244,wiki-zh/3604155#c28
Q003245,wiki-zh/3604155#c28
Q003246,wiki-zh/3604155#c29
Q003247,wiki-zh/3604155#c29
Q003248,wiki-zh/3604155#c30
Q003249,wiki-zh/3604155#c30
Q003250,wiki-zh/3604155#c30
Q003251,wiki-zh/3604155#c31
Q003252,wiki-zh/3604155#c31
Q003253,wiki-zh/3604155#c32
Q003254,wiki-zh/3604155#c32
Q003255,wiki-zh/3604155#c32
Q003256,wiki-zh/3604155#c33
Q003257,wiki-zh/3604155#c33
Q003258,wiki-zh/3604155#c34
Q003259,wiki-zh/3604155#c34
Q003260,wiki-zh/3604155#c34
Q003261,wiki-zh/3604155#c34
Q003262,wiki-zh/3604155#c35
Q003263,wiki-zh/3604155#c35
Q003264,wiki-zh/3604155#c35
Q003265,wiki-zh/3604155#c35
Q003266,wiki-zh/3604155#c36
Q003267,wiki-zh/3604155#c37
Q003268,wiki-zh/3604155#c38
Q003269,wiki-zh/3604155#c39
Q003270,wiki-zh/3604155#c40
Q003271,wiki-zh/3604155#c41
Q003272,wiki-zh/3604155#c42
Q003273,wiki-zh/3604155#c43
Q003274,wiki-zh/3604155#c43
Q003275,wiki-zh/3604155#c43
Q003276,wiki-zh/3604155#c44
Q003277,wiki-zh/3604155#c44
Q003278,wiki-zh/3604155#c44
Q003279,wiki-zh/3604155#c45
Q003280,wiki-zh/3604155#c45
Q003281,wiki-zh/3604155#c45
Q003282,wiki-zh/3604155#c45
Q003283,wiki-zh/3604155#c45
Q003284,wiki-zh/3604155#c45
Q003285,wiki-zh/3604155#c46
Q003286,wiki-zh/3604155#c46
Q003287,wiki-zh/3604155#c46
Q003288,wiki-zh/3604155#c46
Q003289,wiki-zh/3604155#c46
Q003290,wiki-zh/3604155#c46
Q003291,wiki-zh/3604155#c47
Q003292,wiki-zh/3604155#c47
Q003293,wiki-zh/3604155#c48
Q003294,wiki-zh/3604155#c48
Q003295,wiki-zh/3607210#c0
Q003296,wiki-zh/3607210#c1
Q003297,wiki-zh/3607210#c1
Q003298,wiki-zh/3607210#c2
Q003299,wiki-zh/3607210#c2
Q003300,wiki-zh/3607210#c3
Q003301,wiki-zh/3607210#c3
Q003302,wiki-zh/3607210#c3
Q003303,wiki-zh/3607210#c3
Q003304,wiki-zh/3607210#c3
Q003305,wiki-zh/3607210#c4
Q003306,wiki-zh/3607210#c3
Q003307,wiki-zh/3607210#c5
Q003308,wiki-zh/3607210#c5
Q003309,wiki-zh/3607210#c6
Q003310,wiki-zh/3607210#c6
Q003311,wiki-zh/3607210#c7
Q003312,wiki-zh/3607210#c7
Q003313,wiki-zh/3607210#c7
Q003314,wiki-zh/3607210#c8
Q003315,wiki-zh/3607210#c9
Q003316,wiki-zh/3607210#c9
Q003317,wiki-zh/3607210#c9
Q003318,wiki-zh/3607210#c10
Q003319,wiki-zh/3607210#c10
Q003320,wiki-zh/3607210#c10
Q003321,wiki-zh/3607210#c10
Q003322,wiki-zh/3607210#c10
Q003323,wiki-zh/3607210#c10
Q003324,wiki-zh/3607210#c10
Q003325,wiki-zh/3607210#c10
Q003326,wiki-zh/3607210#c10
Q003327,wiki-zh/3607210#c11
Q003328,wiki-zh/3607210#c11
Q003329,wiki-zh/3607210#c11
Q003330,wiki-zh/3607210#c12
Q003331,wiki-zh/3607210#c12
Q003332,wiki-zh/3607210#c12
Q003333,wiki-zh/3607210#c12
Q003334,wiki-zh/3607210#c12
Q003335,wiki-zh/3607210#c13
Q003336,wiki-zh/3607210#c13
Q003337,wiki-zh/3607210#c13
Q003338,wiki-zh/3607210#c14
Q003339,wiki-zh/3607210#c13
Q003340,wiki-zh/3607210#c13
Q003341,wiki-zh/3607210#c13
Q003342,wiki-zh/3607210#c13
Q003343,wiki-zh/3607210#c13
Q003344,wiki-zh/3607210#c13
Q003345,wiki-zh/3607210#c13
Q003346,wiki-zh/3607210#c13
Q003347,wiki-zh/3607210#c13
Q003348,wiki-zh/3607210#c15
Q003349,wiki-zh/3607210#c15
Q003350,wiki-zh/3607210#c16
Q003351,wiki-zh/3607210#c16
Q003352,wiki-zh/3607210#c16
Q003353,wiki-zh/3607210#c17
Q003354,wiki-zh/3607210#c17
Q003355,wiki-zh/3607210#c17
Q003356,wiki-zh/3607210#c18
Q003357,wiki-zh/3607210#c18
Q003358,wiki-zh/3607210#c18
Q003359,wiki-zh/3607210#c19
Q003360,wiki-zh/3607210#c19
Q003361,wiki-zh/3607210#c20
Q003362,wiki-zh/3607210#c21
Q003363,wiki-zh/3607210#c21
Q003364,wiki-zh/3607210#c21
Q003365,wiki-zh/3607210#c22
Q003366,wiki-zh/3607210#c22
Q003367,wiki-zh/3607210#c23
Q003368,wiki-zh/3607210#c24
Q003369,wiki-zh/3607210#c24
Q003370,wiki-zh/3607210#c24
Q003371,wiki-zh/3607210#c25
Q003372,wiki-zh/3607210#c25
Q003373,wiki-zh/3607210#c21
Q003374,wiki-zh/3607210#c26
Q003375,wiki-zh/3607210#c24
Q003376,wiki-zh/3607210#c24
Q003377,wiki-zh/3607210#c24
Q003378,wiki-zh/3607210#c24
Q003379,wiki-zh/3607210#c24
Q003380,wiki-zh/3607210#c24
Q003381,wiki-zh/3607210#c24
Q003382,wiki-zh/3607210#c24
Q003383,wiki-zh/3607210#c24
Q003384,wiki-zh/3607210#c24
Q003385,wiki-zh/3607210#c27
Q003386,wiki-zh/3607210#c27
Q003387,wiki-zh/3607210#c28
Q003388,wiki-zh/3607210#c28
Q003389,wiki-zh/3607210#c29
Q003390,wiki-zh/3607210#c29
Q003391,wiki-zh/3607210#c29
Q003392,wiki-zh/3607210#c28
Q003393,wiki-zh/3607210#c30
Q003394,wiki-zh/3607210#c30
Q003395,wiki-zh/3607210#c30
Q003396,wiki-zh/3607210#c30
Q003397,wiki-zh/3607210#c31
Q003398,wiki-zh/3607210#c32
Q003399,wiki-zh/3607210#c32
Q003400,wiki-zh/3607210#c32
Q003401,wiki-zh/3607210#c32
Q003402,wiki-zh/3607210#c33
Q003403,wiki-zh/3607210#c33
Q003404,wiki-zh/3607210#c33
Q003405,wiki-zh/3607210#c34
Q003406,wiki-zh/3607210#c34
Q003407,wiki-zh/3607210#c34
Q003408,wiki-zh/3607210#c34
Q003409,wiki-zh/3607210#c34
Q003410,wiki-zh/3607210#c34
Q003411,wiki-zh/3607210#c34
Q003412,wiki-zh/3607210#c34
Q003413,wiki-zh/3607210#c34
Q003414,wiki-zh/3607210#c35
Q003415,wiki-zh/3607210#c34
Q003416,wiki-zh/3607210#c34
Q003417,wiki-zh/3607210#c34
Q003418,wiki-zh/3607210#c34
Q003419,wiki-zh/3607210#c34
Q003420,wiki-zh/3607210#c34
Q003421,wiki-zh/3607210#c34
Q003422,wiki-zh/3607210#c34
Q003423,wiki-zh/3607210#c34
Q003424,wiki-zh/3607210#c34
Q003425,wiki-zh/3607210#c36
Q003426,wiki-zh/3607210#c36
Q003427,wiki-zh/3607210#c36
Q003428,wiki-zh/3607210#c36
Q003429,wiki-zh/3607210#c36
Q003430,wiki-zh/3607210#c36
Q003431,wiki-zh/3607210#c36
Q003432,wiki-zh/3607210#c36
Q003433,wiki-zh/3607210#c36
Q003434,wiki-zh/3607210#c36
Q003435,wiki-zh/3607210#c37
Q003436,wiki-zh/3607210#c37
Q003437,wiki-zh/3607210#c37
Q003438,wiki-zh/3607210#c38
Q003439,wiki-zh/3607210#c38
Q003440,wiki-zh/3607210#c38
Q003441,wiki-zh/3607210#c37
Q003442,wiki-zh/3607210#c37
Q003443,wiki-zh/3607210#c38
Q003444,wiki-zh/3607210#c38
Q003445,wiki-zh/3607210#c38
Q003446,wiki-zh/3607210#c39
Q003447,wiki-zh/3607210#c39
Q003448,wiki-zh/3607210#c40
Q003449,wiki-zh/3607210#c39
Q003450,wiki-zh/3607210#c40
Q003451,wiki-zh/3607210#c41
Q003452,wiki-zh/3607210#c41
Q003453,wiki-zh/3607210#c41
Q003454,wiki-zh/3607210#c41
Q003455,wiki-zh/3607210#c41
Q003456,wiki-zh/3607210#c41
Q003457,wiki-zh/3607210#c41
Q003458,wiki-zh/3607210#c41
Q003459,wiki-zh/3607210#c41
Q003460,wiki-zh/3607210#c41
Q003461,wiki-zh/3607210#c41
Q003462,wiki-zh/3607210#c41
Q003463,wiki-zh/3607210#c41
Q003464,wiki-zh/3607210#c41
Q003465,wiki-zh/3607210#c41
Q003466,wiki-zh/3607210#c41
Q003467,wiki-zh/3607210#c41
Q003468,wiki-zh/3607210#c41
Q003469,wiki-zh/3607210#c41
Q003470,wiki-zh/3607210#c41
Q003471,wiki-zh/3607210#c42
Q003472,wiki-zh/3607210#c42
Q003473,wiki-zh/3607210#c43
Q003474,wiki-zh/3607210#c43
Q003475,wiki-zh/3607210#c43
Q003476,wiki-zh/3607210#c43
Q003477,wiki-zh/3607210#c43
Q003478,wiki-zh/3607210#c43
Q003479,wiki-zh/3607210#c44
Q003480,wiki-zh/3607210#c44
Q003481,wiki-zh/3607210#c41
Q003482,wiki-zh/3607210#c41
Q003483,wiki-zh/3607210#c41
Q003484,wiki-zh/3607210#c41
Q003485,wiki-zh/3607210#c41
Q003486,wiki-zh/3607210#c41
Q003487,wiki-zh/3607210#c41
Q003488,wiki-zh/3607210#c41
Q003489,wiki-zh/3607210#c41
Q003490,wiki-zh/3607210#c41
Q003491,wiki-zh/3607210#c41
Q003492,wiki-zh/3607210#c41
Q003493,wiki-zh/3607210#c45
Q003494,wiki-zh/3607210#c45
Q003495,wiki-zh/3607210#c41
Q003496,wiki-zh/3607210#c46
Q003497,wiki-zh/3607210#c41
Q003498,wiki-zh/3607210#c41
Q003499,wiki-zh/3607210#c41
Q003500,wiki-zh/3607210#c41
Q003501,wiki-zh/3607210#c41
Q003502,wiki-zh/3607210#c41
Q003503,wiki-zh/3607210#c41
Q003504,wiki-zh/3607210#c41
Q003505,wiki-zh/3607210#c41
Q003506,wiki-zh/3607210#c47
Q003507,wiki-zh/3607210#c47
Q003508,wiki-zh/3607210#c48
Q003509,wiki-zh/3607210#c48
Q003510,wiki-zh/3607210#c48
Q003511,wiki-zh/3607210#c48
Q003512,wiki-zh/3607210#c48
Q003513,wiki-zh/3607210#c49
Q003514,wiki-zh/3607210#c49
Q003515,wiki-zh/3607210#c49
Q003516,wiki-zh/3607210#c50
Q003517,wiki-zh/3607210#c50
Q003518,wiki-zh/3607210#c50
Q003519,wiki-zh/3607210#c51
Q003520,wiki-zh/3607210#c51
Q003521,wiki-zh/3607210#c52
Q003522,wiki-zh/3607210#c52
Q003523,wiki-zh/3607210#c53
Q003524,wiki-zh/3607210#c53
Q003525,wiki-zh/3607210#c53
Q003526,wiki-zh/3607210#c54
Q003527,wiki-zh/3607210#c54
Q003528,wiki-zh/3607210#c55
Q003529,wiki-zh/3607210#c55
Q003530,wiki-zh/3607210#c56
Q003531,wiki-zh/3607210#c56
Q003532,wiki-zh/3607210#c57
Q003533,wiki-zh/3607210#c57
Q003534,wiki-zh/3607210#c58
Q003535,wiki-zh/3607210#c58
Q003536,wiki-zh/3607210#c59
Q003537,wiki-zh/3607210#c59
Q003538,wiki-zh/3607210#c59
Q003539,wiki-zh/3607210#c59
Q003540,wiki-zh/3607210#c59
Q003541,wiki-zh/3607210#c60
Q003542,wiki-zh/3607210#c60
Q003543,wiki-zh/3607210#c61
Q003544,wiki-zh/3607210#c61
Q003545,wiki-zh/3607210#c61
Q003546,wiki-zh/3607210#c61
Q003547,wiki-zh/3607210#c62
Q003548,wiki-zh/3607210#c62
Q003549,wiki-zh/3607210#c62
Q003550,wiki-zh/3607210#c62
Q003551,wiki-zh/3607210#c63
Q003552,wiki-zh/3607210#c63
Q003553,wiki-zh/3607210#c63
Q003554,wiki-zh/3607210#c63
Q003555,wiki-zh/3607210#c64
Q003556,wiki-zh/3607210#c64
Q003557,wiki-zh/3607210#c64
Q003558,wiki-zh/3607210#c64
Q003559,wiki-zh/3607210#c65
Q003560,wiki-zh/3607210#c65
Q003561,wiki-zh/3607210#c66
Q003562,wiki-zh/3607210#c66
Q003563,wiki-zh/3607210#c66
Q003564,wiki-zh/3607210#c57
Q003565,wiki-zh/3607210#c66
Q003566,wiki-zh/3607210#c67
Q003567,wiki-zh/3607210#c67
Q003568,wiki-zh/3607210#c68
Q003569,wiki-zh/3607210#c68
Q003570,wiki-zh/3620395#c0
Q003571,wiki-zh/3620395#c0
Q003572,wiki-zh/3620395#c0
Q003573,wiki-zh/3620395#c0
Q003574,wiki-zh/3620395#c1
Q003575,wiki-zh/3620395#c1
Q003576,wiki-zh/3620395#c2
Q003577,wiki-zh/3620395#c2
Q003578,wiki-zh/3620395#c3
Q003579,wiki-zh/3620395#c3
Q003580,wiki-zh/3620395#c4
Q003581,wiki-zh/3620395#c4
Q003582,wiki-zh/3620395#c5
Q003583,wiki-zh/3620395#c5
Q003584,wiki-zh/3620395#c5
Q003585,wiki-zh/3620395#c6
Q003586,wiki-zh/3620395#c6
Q003587,wiki-zh/3620395#c6
Q003588,wiki-zh/3620395#c7
Q003589,wiki-zh/3620395#c7
Q003590,wiki-zh/3620395#c8
Q003591,wiki-zh/3620395#c9
Q003592,wiki-zh/3620395#c10
Q003593,wiki-zh/3620395#c11
Q003594,wiki-zh/3620395#c11
Q003595,wiki-zh/3620395#c11
Q003596,wiki-zh/3620395#c12
Q003597,wiki-zh/3620395#c13
Q003598,wiki-zh/3620395#c13
Q003599,wiki-zh/3620395#c14
Q003600,wiki-zh/3620395#c14
Q003601,wiki-zh/3620395#c15
Q003602,wiki-zh/3620395#c15
Q003603,wiki-zh/3620395#c15
Q003604,wiki-zh/3620395#c15
Q003605,wiki-zh/3620395#c16
Q003606,wiki-zh/3620395#c16
Q003607,wiki-zh/3620395#c17
Q003608,wiki-zh/3620395#c16
Q003609,wiki-zh/3620395#c16
Q003610,wiki-zh/3620395#c16
Q003611,wiki-zh/3620395#c18
Q003612,wiki-zh/3620395#c18
Q003613,wiki-zh/3620395#c19
Q003614,wiki-zh/3620395#c19
Q003615,wiki-zh/3620395#c19
Q003616,wiki-zh/3620395#c19
Q003617,wiki-zh/3620395#c19
Q003618,wiki-zh/3620395#c20
Q003619,wiki-zh/3620395#c20
Q003620,wiki-zh/3620395#c20
Q003621,wiki-zh/3620395#c20
Q003622,wiki-zh/3620395#c20
Q003623,wiki-zh/3620395#c20
Q003624,wiki-zh/3620395#c20
Q003625,wiki-zh/3620395#c20
Q003626,wiki-zh/3620395#c20
Q003627,wiki-zh/3620395#c20
Q003628,wiki-zh/3620395#c20
Q003629,wiki-zh/3620395#c21
Q003630,wiki-zh/3620395#c21
Q003631,wiki-zh/3620395#c21
Q003632,wiki-zh/3620395#c22
Q003633,wiki-zh/3620395#c22
Q003634,wiki-zh/3620395#c22
Q003635,wiki-zh/3620395#c23
Q003636,wiki-zh/3620395#c23
Q003637,wiki-zh/3620395#c23
Q003638,wiki-zh/3620395#c24
Q003639,wiki-zh/3620395#c24
Q003640,wiki-zh/3620395#c23
Q003641,wiki-zh/3620395#c24
Q003642,wiki-zh/3620395#c24
Q003643,wiki-zh/3620395#c24
Q003644,wiki-zh/3620395#c24
Q003645,wiki-zh/3620395#c25
Q003646,wiki-zh/3620395#c25
Q003647,wiki-zh/3620395#c25
Q003648,wiki-zh/3620395#c25
Q003649,wiki-zh/3620395#c25
Q003650,wiki-zh/3620395#c26
Q003651,wiki-zh/3620395#c26
Q003652,wiki-zh/3620395#c27
Q003653,wiki-zh/3620395#c27
Q003654,wiki-zh/3620395#c27
Q003655,wiki-zh/3620395#c27
Q003656,wiki-zh/3620395#c28
Q003657,wiki-zh/3620395#c28
Q003658,wiki-zh/3620395#c29
Q003659,wiki-zh/3620395#c29
Q003660,wiki-zh/3620395#c30
Q003661,wiki-zh/3620395#c30
Q003662,wiki-zh/3620395#c30
Q003663,wiki-zh/3620395#c30
Q003664,wiki-zh/3620395#c30
Q003665,wiki-zh/3620395#c31
Q003666,wiki-zh/3620395#c31
Q003667,wiki-zh/3620395#c31
Q003668,wiki-zh/3620395#c31
Q003669,wiki-zh/3620395#c32
Q003670,wiki-zh/3620395#c32
Q003671,wiki-zh/3620395#c32
Q003672,wiki-zh/3620395#c32
Q003673,wiki-zh/3620395#c33
Q003674,wiki-zh/3620395#c33
Q003675,wiki-zh/3620395#c33
Q003676,wiki-zh/3620395#c33
Q003677,wiki-zh/3620395#c33
Q003678,wiki-zh/3620395#c33
Q003679,wiki-zh/3620395#c33
Q003680,wiki-zh/3620395#c33
Q003681,wiki-zh/3620395#c33
Q003682,wiki-zh/3620395#c33
Q003683,wiki-zh/3620395#c33
Q003684,wiki-zh/3620395#c34
Q003685,wiki-zh/3620395#c34
Q003686,wiki-zh/3620395#c34
Q003687,wiki-zh/3620395#c34
Q003688,wiki-zh/3620395#c34
Q003689,wiki-zh/3620395#c34
Q003690,wiki-zh/3620395#c35
Q003691,wiki-zh/3620395#c35
Q003692,wiki-zh/3620395#c35
Q003693,wiki-zh/3620395#c35
Q003694,wiki-zh/3620395#c35
Q003695,wiki-zh/3620395#c35
Q003696,wiki-zh/3620395#c35
Q003697,wiki-zh/3620395#c35
Q003698,wiki-zh/3620395#c36
Q003699,wiki-zh/3620395#c36
Q003700,wiki-zh/3620395#c36
Q003701,wiki-zh/3620395#c36
Q003702,wiki-zh/3620395#c36
Q003703,wiki-zh/3620395#c36
Q003704,wiki-zh/3620395#c37
Q003705,wiki-zh/3620395#c37
Q003706,wiki-zh/3620395#c37
Q003707,wiki-zh/3620395#c36
Q003708,wiki-zh/3620395#c36
Q003709,wiki-zh/3620395#c36
Q003710,wiki-zh/3620395#c36
Q003711,wiki-zh/3620395#c36
Q003712,wiki-zh/3620395#c36
Q003713,wiki-zh/3620395#c36
Q003714,wiki-zh/3620395#c36
Q003715,wiki-zh/3620395#c36
Q003716,wiki-zh/3620395#c38
Q003717,wiki-zh/3620395#c38
Q003718,wiki-zh/3620395#c39
Q003719,wiki-zh/3620395#c39
Q003720,wiki-zh/3620395#c39
Q003721,wiki-zh/3620395#c39
Q003722,wiki-zh/39000#c0
Q003723,wiki-zh/39000#c1
Q003724,wiki-zh/39000#c2
Q003725,wiki-zh/39000#c2
Q003726,wiki-zh/39000#c3
Q003727,wiki-zh/39000#c3
Q003728,wiki-zh/39000#c4
Q003729,wiki-zh/39000#c4
Q003730,wiki-zh/39000#c4
Q003731,wiki-zh/39000#c4
Q003732,wiki-zh/39000#c4
Q003733,wiki-zh/39000#c4
Q003734,wiki-zh/39000#c4
Q003735,wiki-zh/39000#c4
Q003736,wiki-zh/39000#c4
Q003737,wiki-zh/39000#c5
Q003738,wiki-zh/39000#c5
Q003739,wiki-zh/39000#c6
Q003740,wiki-zh/39000#c6
Q003741,wiki-zh/39000#c4
Q003742,wiki-zh/39000#c4
Q003743,wiki-zh/39000#c4
Q003744,wiki-zh/39000#c4
Q003745,wiki-zh/39000#c4
Q003746,wiki-zh/39000#c4
Q003747,wiki-zh/39000#c4
Q003748,wiki-zh/39000#c4
Q003749,wiki-zh/39000#c7
Q003750,wiki-zh/39000#c7
Q003751,wiki-zh/39000#c8
Q003752,wiki-zh/39000#c8
Q003753,wiki-zh/39000#c8
Q003754,wiki-zh/39000#c8
Q003755,wiki-zh/39000#c8
Q003756,wiki-zh/39000#c8
Q003757,wiki-zh/39000#c8
Q003758,wiki-zh/39000#c8
Q003759,wiki-zh/39000#c9
Q003760,wiki-zh/39000#c9
Q003761,wiki-zh/39000#c8
Q003762,wiki-zh/39000#c9
Q003763,wiki-zh/39000#c8
Q003764,wiki-zh/39000#c8
Q003765,wiki-zh/39000#c8
Q003766,wiki-zh/39000#c8
Q003767,wiki-zh/39000#c8
Q003768,wiki-zh/39000#c8
Q003769,wiki-zh/39000#c8
Q003770,wiki-zh/39000#c8
Q003771,wiki-zh/39000#c8
Q003772,wiki-zh/39000#c8
Q003773,wiki-zh/39000#c8
Q003774,wiki-zh/39000#c8
Q003775,wiki-zh/39000#c8
Q003776,wiki-zh/39000#c8
Q003777,wiki-zh/39000#c8
Q003778,wiki-zh/39000#c10
Q003779,wiki-zh/39000#c10
Q003780,wiki-zh/39000#c8
Q003781,wiki-zh/39000#c10
Q003782,wiki-zh/39000#c8
Q003783,wiki-zh/39000#c10
Q003784,wiki-zh/39000#c8
Q003785,wiki-zh/39000#c10
Q003786,wiki-zh/39000#c8
Q003787,wiki-zh/39000#c10
Q003788,wiki-zh/39000#c8
Q003789,wiki-zh/39000#c8
Q003790,wiki-zh/39000#c10
Q003791,wiki-zh/39000#c8
Q003792,wiki-zh/39000#c10
Q003793,wiki-zh/39000#c10
Q003794,wiki-zh/39000#c8
Q003795,wiki-zh/39000#c10
Q003796,wiki-zh/39000#c8
Q003797,wiki-zh/39000#c8
Q003798,wiki-zh/39000#c11
Q003799,wiki-zh/39000#c11
Q003800,wiki-zh/39000#c12
Q003801,wiki-zh/39000#c12
Q003802,wiki-zh/39000#c13
Q003803,wiki-zh/39000#c13
Q003804,wiki-zh/39000#c13
Q003805,wiki-zh/39000#c13
Q003806,wiki-zh/39000#c13
Q003807,wiki-zh/39000#c13
Q003808,wiki-zh/39000#c13
Q003809,wiki-zh/39000#c13
Q003810,wiki-zh/39000#c13
Q003811,wiki-zh/39000#c13
Q003812,wiki-zh/39000#c13
Q003813,wiki-zh/39000#c13
Q003814,wiki-zh/39000#c13
Q003815,wiki-zh/39000#c13
Q003816,wiki-zh/39000#c13
Q003817,wiki-zh/39000#c13
Q003818,wiki-zh/39000#c13
Q003819,wiki-zh/39000#c13
Q003820,wiki-zh/39000#c13
Q003821,wiki-zh/39000#c14
Q003822,wiki-zh/39000#c14
Q003823,wiki-zh/39000#c14
Q003824,wiki-zh/39000#c13
Q003825,wiki-zh/39000#c14
Q003826,wiki-zh/39000#c13
Q003827,wiki-zh/39000#c13
Q003828,wiki-zh/39000#c13
Q003829,wiki-zh/39000#c13
Q003830,wiki-zh/39000#c13
Q003831,wiki-zh/39000#c13
Q003832,wiki-zh/39000#c13
Q003833,wiki-zh/39000#c13
Q003834,wiki-zh/39000#c13
Q003835,wiki-zh/39000#c13
Q003836,wiki-zh/39000#c15
Q003837,wiki-zh/39000#c15
Q003838,wiki-zh/39000#c15
Q003839,wiki-zh/39000#c15
Q003840,wiki-zh/39000#c15
Q003841,wiki-zh/39000#c15
Q003842,wiki-zh/39000#c15
Q003843,wiki-zh/39000#c15
Q003844,wiki-zh/39000#c16
Q003845,wiki-zh/39000#c16
Q003846,wiki-zh/39000#c17
Q003847,wiki-zh/39000#c17
Q003848,wiki-zh/39000#c18
Q003849,wiki-zh/39000#c18
Q003850,wiki-zh/39000#c19
Q003851,wiki-zh/39000#c19
Q003852,wiki-zh/39000#c20
Q003853,wiki-zh/39000#c20
Q003854,wiki-zh/39000#c21
Q003855,wiki-zh/39000#c21
Q003856,wiki-zh/39000#c22
Q003857,wiki-zh/39000#c22
Q003858,wiki-zh/39000#c23
Q003859,wiki-zh/39000#c23
Q003860,wiki-zh/39000#c24
Q003861,wiki-zh/39000#c24
Q003862,wiki-zh/39000#c25
Q003863,wiki-zh/39000#c25
Q003864,wiki-zh/39000#c15
Q003865,wiki-zh/39000#c26
Q003866,wiki-zh/39000#c26
Q003867,wiki-zh/39000#c26
Q003868,wiki-zh/39000#c27
Q003869,wiki-zh/39000#c27
Q003870,wiki-zh/39000#c27
Q003871,wiki-zh/39000#c28
Q003872,wiki-zh/39000#c28
Q003873,wiki-zh/39000#c27
Q003874,wiki-zh/39000#c27
Q003875,wiki-zh/39000#c28
Q003876,wiki-zh/39000#c28
Q003877,wiki-zh/39000#c28
Q003878,wiki-zh/39000#c28
Q003879,wiki-zh/39000#c28
Q003880,wiki-zh/39000#c28
Q003881,wiki-zh/39000#c29
Q003882,wiki-zh/39000#c29
Q003883,wiki-zh/39000#c29
Q003884,wiki-zh/39000#c29
Q003885,wiki-zh/39000#c30
Q003886,wiki-zh/39000#c30
Q003887,wiki-zh/39000#c30
Q003888,wiki-zh/39000#c30
Q003889,wiki-zh/39000#c30
Q003890,wiki-zh/39000#c30
Q003891,wiki-zh/39000#c30
Q003892,wiki-zh/39000#c30
Q003893,wiki-zh/39000#c31
Q003894,wiki-zh/39000#c30
Q003895,wiki-zh/39000#c32
Q003896,wiki-zh/39000#c32
Q003897,wiki-zh/39000#c33
Q003898,wiki-zh/39000#c33
Q003899,wiki-zh/39000#c30
Q003900,wiki-zh/39000#c30
Q003901,wiki-zh/39000#c30
Q003902,wiki-zh/39000#c30
Q003903,wiki-zh/39000#c30
Q003904,wiki-zh/39000#c30
Q003905,wiki-zh/39000#c30
Q003906,wiki-zh/39000#c34
Q003907,wiki-zh/39000#c34
Q003908,wiki-zh/39000#c34
Q003909,wiki-zh/39000#c30
Q003910,wiki-zh/39000#c34
Q003911,wiki-zh/39000#c34
Q003912,wiki-zh/39000#c30
Q003913,wiki-zh/39000#c34
Q003914,wiki-zh/39000#c34
Q003915,wiki-zh/39000#c30
Q003916,wiki-zh/39000#c35
Q003917,wiki-zh/39000#c34
Q003918,wiki-zh/39000#c34
Q003919,wiki-zh/39000#c36
Q003920,wiki-zh/39000#c36
Q003921,wiki-zh/39000#c36
Q003922,wiki-zh/39000#c37
Q003923,wiki-zh/39000#c37
Q003924,wiki-zh/39000#c37
Q003925,wiki-zh/39000#c36
Q003926,wiki-zh/39000#c36
Q003927,wiki-zh/39000#c36
Q003928,wiki-zh/39000#c38
Q003929,wiki-zh/39000#c38
Q003930,wiki-zh/39000#c38
Q003931,wiki-zh/39000#c38
Q003932,wiki-zh/39000#c38
Q003933,wiki-zh/39000#c38
Q003934,wiki-zh/39000#c38
Q003935,wiki-zh/39000#c38
Q003936,wiki-zh/39000#c38
Q003937,wiki-zh/39000#c38
Q003938,wiki-zh/3904361#c0
Q003939,wiki-zh/3904361#c0
Q003940,wiki-zh/3904361#c0
Q003941,wiki-zh/3904361#c1
Q003942,wiki-zh/3904361#c1
Q003943,wiki-zh/3904361#c1
Q003944,wiki-zh/3904361#c1
Q003945,wiki-zh/3904361#c2
Q003946,wiki-zh/3904361#c2
Q003947,wiki-zh/3904361#c3
Q003948,wiki-zh/3904361#c3
Q003949,wiki-zh/3904361#c3
Q003950,wiki-zh/3904361#c3
Q003951,wiki-zh/3904361#c3
Q003952,wiki-zh/3904361#c4
Q003953,wiki-zh/3904361#c4
Q003954,wiki-zh/3904361#c4
Q003955,wiki-zh/3904361#c4
Q003956,wiki-zh/3904361#c4
Q003957,wiki-zh/3904361#c5
Q003958,wiki-zh/3904361#c5
Q003959,wiki-zh/3904361#c5
Q003960,wiki-zh/3904361#c5
Q003961,wiki-zh/3904361#c5
Q003962,wiki-zh/3904361#c5
Q003963,wiki-zh/3904361#c5
Q003964,wiki-zh/3904361#c6
Q003965,wiki-zh/3904361#c6
Q003966,wiki-zh/3904361#c6
Q003967,wiki-zh/3904361#c6
Q003968,wiki-zh/3904361#c6
Q003969,wiki-zh/3904361#c7
Q003970,wiki-zh/3904361#c7
Q003971,wiki-zh/3904361#c7
Q003972,wiki-zh/3904361#c7
Q003973,wiki-zh/3904361#c7
Q003974,wiki-zh/3904361#c7
Q003975,wiki-zh/3904361#c7
Q003976,wiki-zh/3904361#c8
Q003977,wiki-zh/3904361#c8
Q003978,wiki-zh/3904361#c8
Q003979,wiki-zh/3904361#c9
Q003980,wiki-zh/3904361#c9
Q003981,wiki-zh/3904361#c8
Q003982,wiki-zh/3904361#c9
Q003983,wiki-zh/3904361#c9
Q003984,wiki-zh/3904361#c10
Q003985,wiki-zh/3904361#c10
Q003986,wiki-zh/3904361#c10
Q003987,wiki-zh/3904361#c10
Q003988,wiki-zh/3904361#c10
Q003989,wiki-zh/3904361#c10
Q003990,wiki-zh/3904361#c10
Q003991,wiki-zh/3904361#c10
Q003992,wiki-zh/3904361#c10
Q003993,wiki-zh/3904361#c11
Q003994,wiki-zh/3904361#c11
Q003995,wiki-zh/3904361#c12
Q003996,wiki-zh/3904361#c12
Q003997,wiki-zh/3904361#c12
Q003998,wiki-zh/3904361#c12
Q003999,wiki-zh/3904361#c13
Q004000,wiki-zh/3904361#c13
Q004001,wiki-zh/3904361#c13
Q004002,wiki-zh/3904361#c13
Q004003,wiki-zh/3904361#c13
Q004004,wiki-zh/3904361#c14
Q004005,wiki-zh/3904361#c14
Q004006,wiki-zh/3904361#c15
Q004007,wiki-zh/3904361#c15
Q004008,wiki-zh/3904361#c15
Q004009,wiki-zh/3904361#c15
Q004010,wiki-zh/3904361#c15
Q004011,wiki-zh/3904361#c15
Q004012,wiki-zh/3904361#c16
Q004013,wiki-zh/3904361#c16
Q004014,wiki-zh/3904361#c17
Q004015,wiki-zh/3904361#c17
Q004016,wiki-zh/3904361#c18
Q004017,wiki-zh/3904361#c18
Q004018,wiki-zh/3904361#c19
Q004019,wiki-zh/3904361#c19
Q004020,wiki-zh/3904361#c19
Q004021,wiki-zh/3904361#c20
Q004022,wiki-zh/3904361#c20
Q004023,wiki-zh/3904361#c20
Q004024,wiki-zh/3904361#c20
Q004025,wiki-zh/3904361#c20
Q004026,wiki-zh/3904361#c20
Q004027,wiki-zh/3904361#c21
Q004028,wiki-zh/3904361#c21
Q004029,wiki-zh/3904361#c21
Q004030,wiki-zh/3904361#c21
Q004031,wiki-zh/3904361#c21
Q004032,wiki-zh/3904361#c21
Q004033,wiki-zh/3904361#c22
Q004034,wiki-zh/3904361#c22
Q004035,wiki-zh/3904361#c23
Q004036,wiki-zh/3904361#c23
Q004037,wiki-zh/3904361#c23
Q004038,wiki-zh/3904361#c23
Q004039,wiki-zh/3904361#c23
Q004040,wiki-zh/3904361#c24
Q004041,wiki-zh/3904361#c24
Q004042,wiki-zh/3904361#c24
Q004043,wiki-zh/3904361#c25
Q004044,wiki-zh/3904361#c25
Q004045,wiki-zh/3904361#c26
Q004046,wiki-zh/3904361#c26
Q004047,wiki-zh/3904361#c26
Q004048,wiki-zh/3904361#c26
Q004049,wiki-zh/3904361#c26
Q004050,wiki-zh/3904361#c27
Q004051,wiki-zh/3904361#c27
Q004052,wiki-zh/3904361#c27
Q004053,wiki-zh/3904361#c27
Q004054,wiki-zh/3904361#c27
Q004055,wiki-zh/3904361#c27
Q004056,wiki-zh/3904361#c27
Q004057,wiki-zh/3904361#c27
Q004058,wiki-zh/3904361#c27
Q004059,wiki-zh/3904361#c27
Q004060,wiki-zh/3904361#c27
Q004061,wiki-zh/3904361#c28
Q004062,wiki-zh/3904361#c28
Q004063,wiki-zh/3904361#c28
Q004064,wiki-zh/3904361#c28
Q004065,wiki-zh/3904361#c28
Q004066,wiki-zh/3904361#c28
Q004067,wiki-zh/3904361#c29
Q004068,wiki-zh/3904361#c29
Q004069,wiki-zh/3904361#c29
Q004070,wiki-zh/3904361#c29
Q004071,wiki-zh/3904361#c30
Q004072,wiki-zh/3904361#c30
Q004073,wiki-zh/3904361#c31
Q004074,wiki-zh/3904361#c31
Q004075,wiki-zh/3904361#c32
Q004076,wiki-zh/3904361#c32
Q004077,wiki-zh/3904361#c32
Q004078,wiki-zh/3904361#c32
Q004079,wiki-zh/3904361#c32
Q004080,wiki-zh/3904361#c32
Q004081,wiki-zh/3904361#c32
Q004082,wiki-zh/3904361#c32
Q004083,wiki-zh/3904361#c33
Q004084,wiki-zh/3904361#c33
Q004085,wiki-zh/3904361#c33
Q004086,wiki-zh/3904361#c34
Q004087,wiki-zh/3904361#c34
Q004088,wiki-zh/3904361#c34
Q004089,wiki-zh/3904361#c34
Q004090,wiki-zh/3904361#c35
Q004091,wiki-zh/3904361#c35
Q004092,wiki-zh/3904361#c35
Q004093,wiki-zh/3904361#c36
Q004094,wiki-zh/3904361#c36
Q004095,wiki-zh/3904361#c36
Q004096,wiki-zh/3904361#c36
Q004097,wiki-zh/3904361#c37
Q004098,wiki-zh/3904361#c38
Q004099,wiki-zh/3904361#c38
Q004100,wiki-zh/3904361#c38
Q004101,wiki-zh/3904361#c38
Q004102,wiki-zh/3904361#c39
Q004103,wiki-zh/3904361#c39
Q004104,wiki-zh/3904361#c39
Q004105,wiki-zh/3904361#c39
Q004106,wiki-zh/3904361#c39
Q004107,wiki-zh/3904361#c39
Q004108,wiki-zh/3904361#c39
Q004109,wiki-zh/3904361#c39
Q004110,wiki-zh/3904361#c39
Q004111,wiki-zh/3904361#c39
Q004112,wiki-zh/3904361#c39
Q004113,wiki-zh/3904361#c39
Q004114,wiki-zh/3904361#c40
Q004115,wiki-zh/3904361#c40
Q004116,wiki-zh/3904361#c40
Q004117,wiki-zh/3904361#c40
Q004118,wiki-zh/3904361#c41
Q004119,wiki-zh/3904361#c41
Q004120,wiki-zh/3904361#c41
Q004121,wiki-zh/3904361#c41
Q004122,wiki-zh/3904361#c42
Q004123,wiki-zh/3904361#c42
Q004124,wiki-zh/3904361#c43
Q004125,wiki-zh/3904361#c44
Q004126,wiki-zh/3904361#c44
Q004127,wiki-zh/3904361#c44
Q004128,wiki-zh/3904361#c44
Q004129,wiki-zh/3904361#c44
Q004130,wiki-zh/3904361#c44
Q004131,wiki-zh/3904361#c44
Q004132,wiki-zh/3904361#c45
Q004133,wiki-zh/3904361#c45
Q004134,wiki-zh/3904361#c45
Q004135,wiki-zh/3904361#c45
Q004136,wiki-zh/3904361#c46
Q004137,wiki-zh/3904361#c46
Q004138,wiki-zh/3904361#c46
Q004139,wiki-zh/3904361#c46
Q004140,wiki-zh/3904361#c47
Q004141,wiki-zh/3904361#c47
Q004142,wiki-zh/3904361#c48
Q004143,wiki-zh/3904361#c48
Q004144,wiki-zh/3904361#c48
Q004145,wiki-zh/3904361#c48
Q004146,wiki-zh/3904361#c49
Q004147,wiki-zh/3904361#c49
Q004148,wiki-zh/3904361#c49
Q004149,wiki-zh/3904361#c49
Q004150,wiki-zh/3904361#c49
Q004151,wiki-zh/3904361#c49
Q004152,wiki-zh/3904361#c50
Q004153,wiki-zh/3904361#c50
Q004154,wiki-zh/3904361#c51
Q004155,wiki-zh/3904361#c52
Q004156,wiki-zh/3904361#c52
Q004157,wiki-zh/3904361#c52
Q004158,wiki-zh/3904361#c52
Q004159,wiki-zh/3904361#c52
Q004160,wiki-zh/3904361#c53
Q004161,wiki-zh/3904361#c53
Q004162,wiki-zh/3904361#c52
Q004163,wiki-zh/3904361#c52
Q004164,wiki-zh/3904361#c54
Q004165,wiki-zh/3904361#c54
Q004166,wiki-zh/3904361#c52
Q004167,wiki-zh/3904361#c52
Q004168,wiki-zh/3904361#c55
Q004169,wiki-zh/3904361#c55
Q004170,wiki-zh/3904361#c55
Q004171,wiki-zh/3904361#c55
Q004172,wiki-zh/3904361#c55
Q004173,wiki-zh/3904361#c55
Q004174,wiki-zh/3904361#c55
Q004175,wiki-zh/3904361#c56
Q004176,wiki-zh/3904361#c56
Q004177,wiki-zh/3904361#c56
Q004178,wiki-zh/3904361#c56
Q004179,wiki-zh/3904361#c57
Q004180,wiki-zh/3904361#c57
Q004181,wiki-zh/3904361#c57
Q004182,wiki-zh/3904361#c56
Q004183,wiki-zh/3904361#c57
Q004184,wiki-zh/3904361#c57
Q004185,wiki-zh/3904361#c58
Q004186,wiki-zh/3904361#c58
Q004187,wiki-zh/3904361#c59
Q004188,wiki-zh/3904361#c59
Q004189,wiki-zh/3904361#c59
Q004190,wiki-zh/3904361#c59
Q004191,wiki-zh/3904361#c59
Q004192,wiki-zh/3904361#c59
Q004193,wiki-zh/3904361#c60
Q004194,wiki-zh/3904361#c60
Q004195,wiki-zh/3904361#c61
Q004196,wiki-zh/3904361#c61
Q004197,wiki-zh/3904361#c59
Q004198,wiki-zh/3904361#c59
Q004199,wiki-zh/3981195#c0
Q004200,wiki-zh/3981195#c0
Q004201,wiki-zh/3981195#c0
Q004202,wiki-zh/3981195#c1
Q004203,wiki-zh/3981195#c1
Q004204,wiki-zh/3981195#c1
Q004205,wiki-zh/3981195#c2
Q004206,wiki-zh/3981195#c2
Q004207,wiki-zh/3981195#c2
Q004208,wiki-zh/3981195#c2
Q004209,wiki-zh/3981195#c3
Q004210,wiki-zh/3981195#c3
Q004211,wiki-zh/3981195#c3
Q004212,wiki-zh/3981195#c3
Q004213,wiki-zh/3981195#c3
Q004214,wiki-zh/3981195#c3
Q004215,wiki-zh/3981195#c3
Q004216,wiki-zh/3981195#c3
Q004217,wiki-zh/3981195#c3
Q004218,wiki-zh/3981195#c3
Q004219,wiki-zh/3981195#c3
Q004220,wiki-zh/3981195#c3
Q004221,wiki-zh/3981195#c3
Q004222,wiki-zh/3981195#c4
Q004223,wiki-zh/3981195#c4
Q004224,wiki-zh/3981195#c3
Q004225,wiki-zh/3981195#c4
Q004226,wiki-zh/3981195#c4
Q004227,wiki-zh/3981195#c4
Q004228,wiki-zh/3981195#c5
Q004229,wiki-zh/3981195#c5
Q004230,wiki-zh/3981195#c5
Q004231,wiki-zh/3981195#c5
Q004232,wiki-zh/3981195#c5
Q004233,wiki-zh/3981195#c5
Q004234,wiki-zh/3981195#c5
Q004235,wiki-zh/3981195#c5
Q004236,wiki-zh/3981195#c6
Q004237,wiki-zh/3981195#c6
Q004238,wiki-zh/3981195#c7
Q004239,wiki-zh/3981195#c7
Q004240,wiki-zh/3981195#c7
Q004241,wiki-zh/3981195#c7
Q004242,wiki-zh/3981195#c7
Q004243,wiki-zh/3981195#c7
Q004244,wiki-zh/3981195#c7
Q004245,wiki-zh/3981195#c8
Q004246,wiki-zh/3981195#c8
Q004247,wiki-zh/3981195#c9
Q004248,wiki-zh/3981195#c9
Q004249,wiki-zh/3981195#c10
Q004250,wiki-zh/3981195#c10
Q004251,wiki-zh/3981195#c10
Q004252,wiki-zh/3981195#c10
Q004253,wiki-zh/3981195#c10
Q004254,wiki-zh/3981195#c11
Q004255,wiki-zh/3981195#c11
Q004256,wiki-zh/3981195#c11
Q004257,wiki-zh/3981195#c11
Q004258,wiki-zh/3981195#c11
Q004259,wiki-zh/3981195#c12
Q004260,wiki-zh/3981195#c12
Q004261,wiki-zh/3981195#c12
Q004262,wiki-zh/3981195#c12
Q004263,wiki-zh/3981195#c12
Q004264,wiki-zh/3981195#c13
Q004265,wiki-zh/3981195#c13
Q004266,wiki-zh/3981195#c14
Q004267,wiki-zh/3981195#c14
Q004268,wiki-zh/3981195#c14
Q004269,wiki-zh/3981195#c15
Q004270,wiki-zh/3981195#c15
Q004271,wiki-zh/3981195#c16
Q004272,wiki-zh/3981195#c16
Q004273,wiki-zh/3981195#c16
Q004274,wiki-zh/3981195#c16
Q004275,wiki-zh/3981195#c16
Q004276,wiki-zh/3981195#c5
Q004277,wiki-zh/3981195#c16
Q004278,wiki-zh/3981195#c16
Q004279,wiki-zh/3981195#c16
Q004280,wiki-zh/3981195#c16
Q004281,wiki-zh/3981195#c16
Q004282,wiki-zh/3981195#c16
Q004283,wiki-zh/3981195#c16
Q004284,wiki-zh/3981195#c17
Q004285,wiki-zh/3981195#c17
Q004286,wiki-zh/3981195#c16
Q004287,wiki-zh/3981195#c16
Q004288,wiki-zh/3981195#c16
Q004289,wiki-zh/3981195#c16
Q004290,wiki-zh/3981195#c16
Q004291,wiki-zh/3981195#c16
Q004292,wiki-zh/3981195#c16
Q004293,wiki-zh/3981195#c16
Q004294,wiki-zh/3981195#c16
Q004295,wiki-zh/3981195#c16
Q004296,wiki-zh/3981195#c16
Q004297,wiki-zh/3981195#c16
Q004298,wiki-zh/3981195#c18
Q004299,wiki-zh/3981195#c18
Q004300,wiki-zh/3981195#c18
Q004301,wiki-zh/3981195#c19
Q004302,wiki-zh/3981195#c19
Q004303,wiki-zh/3981195#c18
Q004304,wiki-zh/3981195#c16
Q004305,wiki-zh/3981195#c16
Q004306,wiki-zh/3981195#c16
Q004307,wiki-zh/3981195#c16
Q004308,wiki-zh/3981195#c20
Q004309,wiki-zh/3981195#c20
Q004310,wiki-zh/3981195#c21
Q004311,wiki-zh/3981195#c21
Q004312,wiki-zh/3981195#c5
Q004313,wiki-zh/3981195#c22
Q004314,wiki-zh/3981195#c22
Q004315,wiki-zh/3981195#c22
Q004316,wiki-zh/3981195#c22
Q004317,wiki-zh/3981195#c23
Q004318,wiki-zh/3981195#c23
Q004319,wiki-zh/3981195#c24
Q004320,wiki-zh/3981195#c25
Q004321,wiki-zh/3981195#c25
Q004322,wiki-zh/3981195#c25
Q004323,wiki-zh/3981195#c26
Q004324,wiki-zh/3981195#c26
Q004325,wiki-zh/3981195#c22
Q004326,wiki-zh/3981195#c22
Q004327,wiki-zh/3981195#c26
Q004328,wiki-zh/3981195#c26
Q004329,wiki-zh/3981195#c26
Q004330,wiki-zh/3981195#c27
Q004331,wiki-zh/3981195#c27
Q004332,wiki-zh/3981195#c27
Q004333,wiki-zh/3981195#c27
Q004334,wiki-zh/3981195#c27
Q004335,wiki-zh/3981195#c27
Q004336,wiki-zh/3981195#c27
Q004337,wiki-zh/3981195#c27
Q004338,wiki-zh/3981195#c27
Q004339,wiki-zh/3981195#c27
Q004340,wiki-zh/3981195#c28
Q004341,wiki-zh/3981195#c28
Q004342,wiki-zh/3981195#c28
Q004343,wiki-zh/3981195#c29
Q004344,wiki-zh/3981195#c29
Q004345,wiki-zh/3981195#c30
Q004346,wiki-zh/3981195#c30
Q004347,wiki-zh/3981195#c30
Q004348,wiki-zh/3981195#c30
Q004349,wiki-zh/3981195#c31
Q004350,wiki-zh/3981195#c31
Q004351,wiki-zh/3981195#c31
Q004352,wiki-zh/3981195#c32
Q004353,wiki-zh/3981195#c32
Q004354,wiki-zh/3981195#c32
Q004355,wiki-zh/3981195#c32
Q004356,wiki-zh/3981195#c32
Q004357,wiki-zh/3981195#c32
Q004358,wiki-zh/3981195#c32
Q004359,wiki-zh/3981195#c32
Q004360,wiki-zh/3981195#c32
Q004361,wiki-zh/3981195#c33
Q004362,wiki-zh/3981195#c33
Q004363,wiki-zh/3981195#c33
Q004364,wiki-zh/3981195#c34
Q004365,wiki-zh/3981195#c34
Q004366,wiki-zh/3981195#c35
Q004367,wiki-zh/3981195#c35
Q004368,wiki-zh/3981195#c35
Q004369,wiki-zh/3981195#c35
Q004370,wiki-zh/3981195#c36
Q004371,wiki-zh/3981195#c36
Q004372,wiki-zh/3981195#c37
Q004373,wiki-zh/3981195#c37
Q004374,wiki-zh/3981195#c38
Q004375,wiki-zh/3981195#c38
Q004376,wiki-zh/3981195#c39
Q004377,wiki-zh/3981195#c39
Q004378,wiki-zh/3981195#c36
Q004379,wiki-zh/3981195#c39
Q004380,wiki-zh/3981195#c38
Q004381,wiki-zh/3981195#c38
Q004382,wiki-zh/3981195#c39
Q004383,wiki-zh/3981195#c38
Q004384,wiki-zh/3981195#c38
Q004385,wiki-zh/3981195#c40
Q004386,wiki-zh/3981195#c40
Q004387,wiki-zh/3981195#c40
Q004388,wiki-zh/3981195#c41
Q004389,wiki-zh/3981195#c41
Q004390,wiki-zh/3981195#c42
Q004391,wiki-zh/3981195#c43
Q004392,wiki-zh/3981195#c44
Q004393,wiki-zh/3981195#c44
Q004394,wiki-zh/3981195#c44
Q004395,wiki-zh/3981195#c44
Q004396,wiki-zh/3981195#c44
Q004397,wiki-zh/3981195#c44
Q004398,wiki-zh/3981195#c44
Q004399,wiki-zh/3981195#c44
Q004400,wiki-zh/3981195#c44
Q004401,wiki-zh/3981195#c45
Q004402,wiki-zh/3981195#c45
Q004403,wiki-zh/3981195#c45
Q004404,wiki-zh/3981195#c46
Q004405,wiki-zh/3981195#c46
Q004406,wiki-zh/3981195#c46
Q004407,wiki-zh/3981195#c47
Q004408,wiki-zh/3981195#c47
Q004409,wiki-zh/3981195#c47
Q004410,wiki-zh/3981195#c48
Q004411,wiki-zh/3981195#c48
Q004412,wiki-zh/3981195#c49
Q004413,wiki-zh/3981195#c49
Q004414,wiki-zh/3981195#c50
Q004415,wiki-zh/3981195#c50
Q004416,wiki-zh/3981195#c51
Q004417,wiki-zh/3981195#c51
Q004418,wiki-zh/3981195#c52
Q004419,wiki-zh/3981195#c52
Q004420,wiki-zh/3981195#c53
Q004421,wiki-zh/3981195#c53
Q004422,wiki-zh/3981195#c54
Q004423,wiki-zh/3981195#c54
Q004424,wiki-zh/4057982#c0
Q004425,wiki-zh/4057982#c1
Q004426,wiki-zh/4057982#c2
Q004427,wiki-zh/4057982#c3
Q004428,wiki-zh/4057982#c3
Q004429,wiki-zh/4057982#c4
Q004430,wiki-zh/4057982#c4
Q004431,wiki-zh/4057982#c5
Q004432,wiki-zh/4057982#c5
Q004433,wiki-zh/4057982#c5
Q004434,wiki-zh/4057982#c5
Q004435,wiki-zh/4057982#c6
Q004436,wiki-zh/4057982#c6
Q004437,wiki-zh/4057982#c6
Q004438,wiki-zh/4057982#c6
Q004439,wiki-zh/4057982#c6
Q004440,wiki-zh/4057982#c7
Q004441,wiki-zh/4057982#c8
Q004442,wiki-zh/4057982#c8
Q004443,wiki-zh/4057982#c8
Q004444,wiki-zh/4057982#c8
Q004445,wiki-zh/4057982#c9
Q004446,wiki-zh/4057982#c9
Q004447,wiki-zh/4057982#c9
Q004448,wiki-zh/4057982#c9
Q004449,wiki-zh/4057982#c9
Q004450,wiki-zh/4057982#c10
Q004451,wiki-zh/4057982#c10
Q004452,wiki-zh/4057982#c10
Q004453,wiki-zh/4057982#c10
Q004454,wiki-zh/4057982#c11
Q004455,wiki-zh/4057982#c11
Q004456,wiki-zh/4057982#c11
Q004457,wiki-zh/4057982#c11
Q004458,wiki-zh/4057982#c11
Q004459,wiki-zh/4057982#c11
Q004460,wiki-zh/4057982#c11
Q004461,wiki-zh/4057982#c11
Q004462,wiki-zh/4057982#c11
Q004463,wiki-zh/4057982#c11
Q004464,wiki-zh/4057982#c11
Q004465,wiki-zh/4057982#c11
Q004466,wiki-zh/4057982#c11
Q004467,wiki-zh/4057982#c11
Q004468,wiki-zh/4057982#c11
Q004469,wiki-zh/4057982#c11
Q004470,wiki-zh/4057982#c11
Q004471,wiki-zh/4057982#c11
Q004472,wiki-zh/4057982#c11
Q004473,wiki-zh/4057982#c11
Q004474,wiki-zh/4057982#c11
Q004475,wiki-zh/4057982#c11
Q004476,wiki-zh/4057982#c11
Q004477,wiki-zh/4057982#c11
Q004478,wiki-zh/4057982#c11
Q004479,wiki-zh/4057982#c11
Q004480,wiki-zh/4057982#c11
Q004481,wiki-zh/4057982#c11
Q004482,wiki-zh/4057982#c11
Q004483,wiki-zh/4057982#c11
Q004484,wiki-zh/4057982#c11
Q004485,wiki-zh/4057982#c11
Q004486,wiki-zh/4057982#c11
Q004487,wiki-zh/4057982#c11
Q004488,wiki-zh/4057982#c11
Q004489,wiki-zh/4057982#c11
Q004490,wiki-zh/4057982#c11
Q004491,wiki-zh/4057982#c11
Q004492,wiki-zh/4057982#c11
Q004493,wiki-zh/4057982#c12
Q004494,wiki-zh/4057982#c12
Q004495,wiki-zh/4057982#c12
Q004496,wiki-zh/4057982#c12
Q004497,wiki-zh/4057982#c12
Q004498,wiki-zh/4057982#c12
Q004499,wiki-zh/4057982#c12
Q004500,wiki-zh/4057982#c12
Q004501,wiki-zh/4057982#c12
Q004502,wiki-zh/4057982#c12
Q004503,wiki-zh/4057982#c12
Q004504,wiki-zh/4057982#c12
Q004505,wiki-zh/4057982#c12
Q004506,wiki-zh/4057982#c12
Q004507,wiki-zh/4057982#c12
Q004508,wiki-zh/4057982#c12
Q004509,wiki-zh/4057982#c12
Q004510,wiki-zh/4057982#c12
Q004511,wiki-zh/4057982#c12
Q004512,wiki-zh/4057982#c12
Q004513,wiki-zh/4057982#c12
Q004514,wiki-zh/4057982#c12
Q004515,wiki-zh/4057982#c12
Q004516,wiki-zh/4057982#c12
Q004517,wiki-zh/4057982#c12
Q004518,wiki-zh/4057982#c12
Q004519,wiki-zh/4057982#c12
Q004520,wiki-zh/4057982#c12
Q004521,wiki-zh/4057982#c12
Q004522,wiki-zh/4057982#c12
Q004523,wiki-zh/4057982#c12
Q004524,wiki-zh/4057982#c12
Q004525,wiki-zh/4057982#c12
Q004526,wiki-zh/4057982#c13
Q004527,wiki-zh/4057982#c13
Q004528,wiki-zh/4057982#c13
Q004529,wiki-zh/4057982#c13
Q004530,wiki-zh/4057982#c13
Q004531,wiki-zh/4057982#c13
Q004532,wiki-zh/4057982#c13
Q004533,wiki-zh/4057982#c13
Q004534,wiki-zh/4057982#c13
Q004535,wiki-zh/4057982#c13
Q004536,wiki-zh/4057982#c13
Q004537,wiki-zh/4057982#c13
Q004538,wiki-zh/4057982#c13
Q004539,wiki-zh/4057982#c13
Q004540,wiki-zh/4057982#c13
Q004541,wiki-zh/4057982#c14
Q004542,wiki-zh/4057982#c14
Q004543,wiki-zh/4057982#c14
Q004544,wiki-zh/4057982#c14
Q004545,wiki-zh/4057982#c14
Q004546,wiki-zh/4057982#c14
Q004547,wiki-zh/4057982#c14
Q004548,wiki-zh/4057982#c14
Q004549,wiki-zh/4057982#c14
Q004550,wiki-zh/4057982#c14
Q004551,wiki-zh/4057982#c15
Q004552,wiki-zh/4057982#c15
Q004553,wiki-zh/4057982#c12
Q004554,wiki-zh/4057982#c16
Q004555,wiki-zh/4057982#c14
Q004556,wiki-zh/4057982#c14
Q004557,wiki-zh/4057982#c14
Q004558,wiki-zh/4057982#c17
Q004559,wiki-zh/4057982#c17
Q004560,wiki-zh/4057982#c18
Q004561,wiki-zh/4057982#c17
Q004562,wiki-zh/4057982#c17
Q004563,wiki-zh/4057982#c17
Q004564,wiki-zh/4057982#c17
Q004565,wiki-zh/4057982#c17
Q004566,wiki-zh/4057982#c19
Q004567,wiki-zh/4057982#c19
Q004568,wiki-zh/4057982#c19
Q004569,wiki-zh/4057982#c19
Q004570,wiki-zh/4057982#c20
Q004571,wiki-zh/4057982#c20
Q004572,wiki-zh/4057982#c21
Q004573,wiki-zh/4057982#c21
Q004574,wiki-zh/4057982#c22
Q004575,wiki-zh/4057982#c22
Q004576,wiki-zh/4057982#c22
Q004577,wiki-zh/4057982#c22
Q004578,wiki-zh/4057982#c22
Q004579,wiki-zh/4057982#c23
Q004580,wiki-zh/4057982#c23
Q004581,wiki-zh/4057982#c24
Q004582,wiki-zh/4057982#c24
Q004583,wiki-zh/4057982#c25
Q004584,wiki-zh/4057982#c25
Q004585,wiki-zh/4152#c0
Q004586,wiki-zh/4152#c1
Q004587,wiki-zh/4152#c2
Q004588,wiki-zh/4152#c3
Q004589,wiki-zh/4152#c4
Q004590,wiki-zh/4152#c5
Q004591,wiki-zh/4152#c6
Q004592,wiki-zh/4152#c7
Q004593,wiki-zh/4152#c8
Q004594,wiki-zh/4152#c9
Q004595,wiki-zh/4152#c10
Q004596,wiki-zh/4152#c10
Q004597,wiki-zh/4152#c10
Q004598,wiki-zh/4152#c11
Q004599,wiki-zh/4152#c11
Q004600,wiki-zh/4152#c11
Q004601,wiki-zh/4152#c11
Q004602,wiki-zh/4152#c11
Q004603,wiki-zh/4152#c11
Q004604,wiki-zh/4152#c12
Q004605,wiki-zh/4152#c12
Q004606,wiki-zh/4152#c13
Q004607,wiki-zh/4152#c13
Q004608,wiki-zh/4152#c13
Q004609,wiki-zh/4152#c13
Q004610,wiki-zh/4152#c13
Q004611,wiki-zh/4152#c13
Q004612,wiki-zh/4152#c13
Q004613,wiki-zh/4152#c14
Q004614,wiki-zh/4152#c14
Q004615,wiki-zh/4152#c15
Q004616,wiki-zh/4152#c15
Q004617,wiki-zh/4152#c15
Q004618,wiki-zh/4152#c15
Q004619,wiki-zh/4152#c16
Q004620,wiki-zh/4152#c16
Q004621,wiki-zh/4152#c16
Q004622,wiki-zh/4152#c17
Q004623,wiki-zh/4152#c17
Q004624,wiki-zh/4152#c18
Q004625,wiki-zh/4152#c18
Q004626,wiki-zh/4152#c18
Q004627,wiki-zh/4152#c18
Q004628,wiki-zh/4152#c19
Q004629,wiki-zh/4152#c19
Q004630,wiki-zh/4152#c19
Q004631,wiki-zh/4152#c19
Q004632,wiki-zh/4152#c19
Q004633,wiki-zh/4152#c19
Q004634,wiki-zh/4152#c19
Q004635,wiki-zh/4152#c19
Q004636,wiki-zh/4152#c19
Q004637,wiki-zh/4152#c19
Q004638,wiki-zh/4152#c20
Q004639,wiki-zh/4152#c20
Q004640,wiki-zh/4152#c21
Q004641,wiki-zh/4152#c21
Q004642,wiki-zh/4152#c21
Q004643,wiki-zh/4152#c21
Q004644,wiki-zh/4152#c22
Q004645,wiki-zh/4152#c22
Q004646,wiki-zh/4152#c22
Q004647,wiki-zh/4152#c22
Q004648,wiki-zh/4152#c22
Q004649,wiki-zh/4152#c23
Q004650,wiki-zh/4152#c23
Q004651,wiki-zh/4152#c22
Q004652,wiki-zh/4152#c23
Q004653,wiki-zh/4152#c22
Q004654,wiki-zh/4152#c23
Q004655,wiki-zh/4152#c24
Q004656,wiki-zh/4152#c24
Q004657,wiki-zh/4152#c24
Q004658,wiki-zh/4152#c24
Q004659,wiki-zh/4152#c24
Q004660,wiki-zh/4152#c25
Q004661,wiki-zh/4152#c25
Q004662,wiki-zh/4152#c24
Q004663,wiki-zh/4152#c24
Q004664,wiki-zh/4152#c24
Q004665,wiki-zh/4152#c24
Q004666,wiki-zh/4152#c24
Q004667,wiki-zh/4152#c24
Q004668,wiki-zh/4152#c24
Q004669,wiki-zh/4152#c26
Q004670,wiki-zh/4152#c26
Q004671,wiki-zh/4152#c26
Q004672,wiki-zh/4152#c26
Q004673,wiki-zh/4152#c27
Q004674,wiki-zh/4152#c27
Q004675,wiki-zh/4152#c28
Q004676,wiki-zh/4152#c28
Q004677,wiki-zh/4152#c29
Q004678,wiki-zh/4152#c29
Q004679,wiki-zh/4152#c29
Q004680,wiki-zh/4152#c29
Q004681,wiki-zh/4152#c29
Q004682,wiki-zh/4152#c29
Q004683,wiki-zh/4152#c29
Q004684,wiki-zh/4152#c30
Q004685,wiki-zh/4152#c30
Q004686,wiki-zh/4152#c31
Q004687,wiki-zh/4152#c31
Q004688,wiki-zh/4152#c31
Q004689,wiki-zh/4152#c32
Q004690,wiki-zh/4152#c32
Q004691,wiki-zh/4152#c33
Q004692,wiki-zh/4152#c33
Q004693,wiki-zh/4152#c33
Q004694,wiki-zh/4152#c33
Q004695,wiki-zh/4152#c33
Q004696,wiki-zh/4152#c33
Q004697,wiki-zh/4152#c33
Q004698,wiki-zh/4152#c33
Q004699,wiki-zh/4152#c33
Q004700,wiki-zh/4152#c33
Q004701,wiki-zh/4152#c33
Q004702,wiki-zh/4152#c33
Q004703,wiki-zh/4152#c33
Q004704,wiki-zh/4152#c33
Q004705,wiki-zh/4152#c33
Q004706,wiki-zh/4152#c33
Q004707,wiki-zh/4152#c33
Q004708,wiki-zh/4152#c33
Q004709,wiki-zh/4152#c33
Q004710,wiki-zh/4152#c33
Q004711,wiki-zh/4152#c33
Q004712,wiki-zh/4152#c23
Q004713,wiki-zh/4152#c34
Q004714,wiki-zh/4152#c33
Q004715,wiki-zh/4152#c35
Q004716,wiki-zh/4152#c35
Q004717,wiki-zh/4152#c33
Q004718,wiki-zh/4152#c33
Q004719,wiki-zh/4152#c36
Q004720,wiki-zh/4152#c37
Q004721,wiki-zh/4152#c37
Q004722,wiki-zh/4152#c38
Q004723,wiki-zh/4152#c38
Q004724,wiki-zh/4152#c39
Q004725,wiki-zh/4152#c39
Q004726,wiki-zh/4152#c40
Q004727,wiki-zh/4152#c40
Q004728,wiki-zh/4152#c41
Q004729,wiki-zh/4152#c41
Q004730,wiki-zh/4152#c42
Q004731,wiki-zh/4152#c42
Q004732,wiki-zh/4152#c43
Q004733,wiki-zh/4152#c43
Q004734,wiki-zh/4152#c44
Q004735,wiki-zh/4152#c44
Q004736,wiki-zh/4152#c45
Q004737,wiki-zh/4152#c25
Q004738,wiki-zh/4152#c46
Q004739,wiki-zh/4152#c46
Q004740,wiki-zh/4152#c47
Q004741,wiki-zh/4152#c47
Q004742,wiki-zh/4152#c48
Q004743,wiki-zh/4152#c48
Q004744,wiki-zh/4152#c49
Q004745,wiki-zh/4152#c49
Q004746,wiki-zh/4152#c49
Q004747,wiki-zh/4152#c49
Q004748,wiki-zh/4152#c50
Q004749,wiki-zh/4152#c50
Q004750,wiki-zh/4152#c50
Q004751,wiki-zh/4152#c50
Q004752,wiki-zh/4152#c50
Q004753,wiki-zh/4152#c50
Q004754,wiki-zh/4152#c51
Q004755,wiki-zh/4152#c51
Q004756,wiki-zh/4152#c52
Q004757,wiki-zh/4152#c52
Q004758,wiki-zh/4152#c51
Q004759,wiki-zh/4152#c51
Q004760,wiki-zh/4152#c51
Q004761,wiki-zh/4152#c52
Q004762,wiki-zh/4152#c52
Q004763,wiki-zh/4152#c53
Q004764,wiki-zh/4152#c54
Q004765,wiki-zh/4152#c54
Q004766,wiki-zh/4152#c54
Q004767,wiki-zh/4152#c54
Q004768,wiki-zh/4152#c54
Q004769,wiki-zh/4152#c54
Q004770,wiki-zh/4152#c54
Q004771,wiki-zh/4152#c54
Q004772,wiki-zh/4152#c54
Q004773,wiki-zh/4152#c54
Q004774,wiki-zh/4152#c54
Q004775,wiki-zh/4152#c54
Q004776,wiki-zh/4152#c54
Q004777,wiki-zh/4152#c54
Q004778,wiki-zh/4152#c55
Q004779,wiki-zh/4152#c55
Q004780,wiki-zh/4152#c55
Q004781,wiki-zh/4152#c56
Q004782,wiki-zh/4152#c56
Q004783,wiki-zh/4152#c56
Q004784,wiki-zh/4152#c28
Q004785,wiki-zh/4152#c57
Q004786,wiki-zh/4152#c57
Q004787,wiki-zh/4152#c57
Q004788,wiki-zh/4152#c57
Q004789,wiki-zh/4152#c57
Q004790,wiki-zh/4152#c57
Q004791,wiki-zh/4152#c57
Q004792,wiki-zh/4152#c57
Q004793,wiki-zh/4152#c57
Q004794,wiki-zh/4152#c58
Q004795,wiki-zh/4152#c58
Q004796,wiki-zh/4152#c58
Q004797,wiki-zh/4152#c59
Q004798,wiki-zh/4152#c59
Q004799,wiki-zh/4152#c60
Q004800,wiki-zh/4152#c60
Q004801,wiki-zh/4152#c60
Q004802,wiki-zh/4152#c61
Q004803,wiki-zh/4152#c61
Q004804,wiki-zh/4152#c62
Q004805,wiki-zh/4152#c62
Q004806,wiki-zh/4152#c63
Q004807,wiki-zh/4152#c63
Q004808,wiki-zh/4152#c64
Q004809,wiki-zh/4152#c64
Q004810,wiki-zh/4152#c64
Q004811,wiki-zh/4152#c64
Q004812,wiki-zh/4152#c64
Q004813,wiki-zh/4152#c64
Q004814,wiki-zh/4152#c64
Q004815,wiki-zh/4152#c64
Q004816,wiki-zh/4152#c64
Q004817,wiki-zh/4152#c65
Q004818,wiki-zh/4152#c65
Q004819,wiki-zh/4152#c66
Q004820,wiki-zh/4152#c66
Q004821,wiki-zh/4152#c66
Q004822,wiki-zh/4152#c66
Q004823,wiki-zh/4152#c66
Q004824,wiki-zh/4152#c66
Q004825,wiki-zh/4152#c66
Q004826,wiki-zh/4152#c66
Q004827,wiki-zh/4152#c33
Q004828,wiki-zh/4152#c67
Q004829,wiki-zh/4152#c64
Q004830,wiki-zh/4152#c68
Q004831,wiki-zh/4152#c69
Q004832,wiki-zh/4152#c70
Q004833,wiki-zh/4152#c71
Q004834,wiki-zh/4152#c72
Q004835,wiki-zh/4152#c73
Q004836,wiki-zh/4152#c73
Q004837,wiki-zh/4152#c66
Q004838,wiki-zh/4152#c49
Q004839,wiki-zh/4152#c74
Q004840,wiki-zh/4152#c75
Q004841,wiki-zh/4152#c75
Q004842,wiki-zh/4152#c75
Q004843,wiki-zh/4152#c76
Q004844,wiki-zh/4152#c76
Q004845,wiki-zh/4152#c76
Q004846,wiki-zh/4152#c76
Q004847,wiki-zh/4152#c76
Q004848,wiki-zh/4152#c76
Q004849,wiki-zh/4152#c76
Q004850,wiki-zh/4152#c76
Q004851,wiki-zh/4152#c76
Q004852,wiki-zh/4152#c76
Q004853,wiki-zh/4152#c77
Q004854,wiki-zh/4152#c77
Q004855,wiki-zh/4152#c77
Q004856,wiki-zh/4152#c78
Q004857,wiki-zh/4152#c78
Q004858,wiki-zh/4152#c78
Q004859,wiki-zh/4152#c79
Q004860,wiki-zh/4152#c79
Q004861,wiki-zh/4152#c79
Q004862,wiki-zh/4152#c79
Q004863,wiki-zh/4152#c80
Q004864,wiki-zh/4152#c80
Q004865,wiki-zh/4265974#c0
Q004866,wiki-zh/4265974#c0
Q004867,wiki-zh/4265974#c1
Q004868,wiki-zh/4265974#c1
Q004869,wiki-zh/4265974#c1
Q004870,wiki-zh/4265974#c2
Q004871,wiki-zh/4265974#c2
Q004872,wiki-zh/4265974#c2
Q004873,wiki-zh/4265974#c2
Q004874,wiki-zh/4265974#c2
Q004875,wiki-zh/4265974#c2
Q004876,wiki-zh/4265974#c2
Q004877,wiki-zh/4265974#c2
Q004878,wiki-zh/4265974#c2
Q004879,wiki-zh/4265974#c2
Q004880,wiki-zh/4265974#c2
Q004881,wiki-zh/4265974#c2
Q004882,wiki-zh/4265974#c2
Q004883,wiki-zh/4265974#c3
Q004884,wiki-zh/4265974#c3
Q004885,wiki-zh/4265974#c3
Q004886,wiki-zh/4265974#c3
Q004887,wiki-zh/4265974#c3
Q004888,wiki-zh/4265974#c3
Q004889,wiki-zh/4265974#c3
Q004890,wiki-zh/4265974#c3
Q004891,wiki-zh/4265974#c3
Q004892,wiki-zh/4265974#c3
Q004893,wiki-zh/4265974#c4
Q004894,wiki-zh/4265974#c4
Q004895,wiki-zh/4265974#c5
Q004896,wiki-zh/4265974#c5
Q004897,wiki-zh/4265974#c5
Q004898,wiki-zh/4265974#c6
Q004899,wiki-zh/4265974#c6
Q004900,wiki-zh/4265974#c7
Q004901,wiki-zh/4265974#c7
Q004902,wiki-zh/4265974#c7
Q004903,wiki-zh/4265974#c8
Q004904,wiki-zh/4265974#c8
Q004905,wiki-zh/4265974#c8
Q004906,wiki-zh/4265974#c9
Q004907,wiki-zh/4265974#c10
Q004908,wiki-zh/4265974#c11
Q004909,wiki-zh/4265974#c11
Q004910,wiki-zh/4265974#c3
Q004911,wiki-zh/4265974#c12
Q004912,wiki-zh/4265974#c12
Q004913,wiki-zh/4265974#c13
Q004914,wiki-zh/4265974#c13
Q004915,wiki-zh/4265974#c12
Q004916,wiki-zh/4265974#c12
Q004917,wiki-zh/4265974#c12
Q004918,wiki-zh/4265974#c12
Q004919,wiki-zh/4265974#c3
Q004920,wiki-zh/4265974#c14
Q004921,wiki-zh/4265974#c14
Q004922,wiki-zh/4265974#c14
Q004923,wiki-zh/4265974#c14
Q004924,wiki-zh/4265974#c15
Q004925,wiki-zh/4265974#c15
Q004926,wiki-zh/4265974#c15
Q004927,wiki-zh/4265974#c14
Q004928,wiki-zh/4265974#c16
Q004929,wiki-zh/4265974#c16
Q004930,wiki-zh/4265974#c16
Q004931,wiki-zh/4265974#c16
Q004932,wiki-zh/4265974#c16
Q004933,wiki-zh/4265974#c16
Q004934,wiki-zh/4265974#c16
Q004935,wiki-zh/4265974#c16
Q004936,wiki-zh/4265974#c16
Q004937,wiki-zh/4265974#c17
Q004938,wiki-zh/4265974#c18
Q004939,wiki-zh/4265974#c18
Q004940,wiki-zh/4265974#c19
Q004941,wiki-zh/4265974#c20
Q004942,wiki-zh/4265974#c18
Q004943,wiki-zh/4265974#c18
Q004944,wiki-zh/4265974#c18
Q004945,wiki-zh/4265974#c20
Q004946,wiki-zh/4265974#c20
Q004947,wiki-zh/4265974#c20
Q004948,wiki-zh/4265974#c20
Q004949,wiki-zh/4265974#c20
Q004950,wiki-zh/4265974#c20
Q004951,wiki-zh/4265974#c21
Q004952,wiki-zh/4265974#c20
Q004953,wiki-zh/4265974#c20
Q004954,wiki-zh/4265974#c20
Q004955,wiki-zh/4265974#c20
Q004956,wiki-zh/4265974#c20
Q004957,wiki-zh/4265974#c22
Q004958,wiki-zh/4265974#c22
Q004959,wiki-zh/4265974#c23
Q004960,wiki-zh/4265974#c23
Q004961,wiki-zh/4265974#c23
Q004962,wiki-zh/4265974#c23
Q004963,wiki-zh/4265974#c24
Q004964,wiki-zh/4265974#c24
Q004965,wiki-zh/4265974#c24
Q004966,wiki-zh/4265974#c24
Q004967,wiki-zh/4265974#c25
Q004968,wiki-zh/4265974#c26
Q004969,wiki-zh/4265974#c26
Q004970,wiki-zh/4265974#c26
Q004971,wiki-zh/4265974#c27
Q004972,wiki-zh/4265974#c27
Q004973,wiki-zh/4265974#c27
Q004974,wiki-zh/4265974#c27
Q004975,wiki-zh/4265974#c28
Q004976,wiki-zh/4265974#c28
Q004977,wiki-zh/4265974#c28
Q004978,wiki-zh/4265974#c28
Q004979,wiki-zh/4265974#c28
Q004980,wiki-zh/4265974#c28
Q004981,wiki-zh/4265974#c28
Q004982,wiki-zh/4265974#c28
Q004983,wiki-zh/4265974#c28
Q004984,wiki-zh/4265974#c28
Q004985,wiki-zh/4265974#c29
Q004986,wiki-zh/4265974#c29
Q004987,wiki-zh/4265974#c30
Q004988,wiki-zh/4265974#c30
Q004989,wiki-zh/4265974#c30
Q004990,wiki-zh/4265974#c30
Q004991,wiki-zh/4265974#c30
Q004992,wiki-zh/4265974#c30
Q004993,wiki-zh/4265974#c30
Q004994,wiki-zh/4265974#c30
Q004995,wiki-zh/4265974#c30
Q004996,wiki-zh/4265974#c30
Q004997,wiki-zh/4265974#c30
Q004998,wiki-zh/4265974#c31
Q004999,wiki-zh/4265974#c31
Q005000,wiki-zh/4265974#c31
Q005001,wiki-zh/4265974#c32
Q005002,wiki-zh/4265974#c32
Q005003,wiki-zh/4265974#c32
Q005004,wiki-zh/4265974#c33
Q005005,wiki-zh/4265974#c33
Q005006,wiki-zh/4265974#c31
Q005007,wiki-zh/4265974#c34
Q005008,wiki-zh/4265974#c34
Q005009,wiki-zh/4265974#c34
Q005010,wiki-zh/4265974#c35
Q005011,wiki-zh/4265974#c35
Q005012,wiki-zh/4265974#c36
Q005013,wiki-zh/4265974#c36
Q005014,wiki-zh/4265974#c37
Q005015,wiki-zh/4265974#c37
Q005016,wiki-zh/4265974#c37
Q005017,wiki-zh/4265974#c37
Q005018,wiki-zh/4265974#c37
Q005019,wiki-zh/4265974#c37
Q005020,wiki-zh/4265974#c37
Q005021,wiki-zh/4265974#c37
Q005022,wiki-zh/4265974#c37
Q005023,wiki-zh/4265974#c37
Q005024,wiki-zh/4265974#c37
Q005025,wiki-zh/4265974#c31
Q005026,wiki-zh/4265974#c37
Q005027,wiki-zh/4265974#c38
Q005028,wiki-zh/4265974#c38
Q005029,wiki-zh/4265974#c39
Q005030,wiki-zh/4265974#c39
Q005031,wiki-zh/4265974#c40
Q005032,wiki-zh/4265974#c40
Q005033,wiki-zh/4265974#c41
Q005034,wiki-zh/4265974#c41
Q005035,wiki-zh/4265974#c41
Q005036,wiki-zh/4265974#c41
Q005037,wiki-zh/4265974#c41
Q005038,wiki-zh/4265974#c41
Q005039,wiki-zh/4265974#c42
Q005040,wiki-zh/4265974#c42
Q005041,wiki-zh/4265974#c42
Q005042,wiki-zh/4265974#c42
Q005043,wiki-zh/4265974#c42
Q005044,wiki-zh/4265974#c42
Q005045,wiki-zh/4265974#c42
Q005046,wiki-zh/4265974#c42
Q005047,wiki-zh/4265974#c42
Q005048,wiki-zh/4265974#c42
Q005049,wiki-zh/4265974#c42
Q005050,wiki-zh/4265974#c43
Q005051,wiki-zh/4265974#c43
Q005052,wiki-zh/4265974#c43
Q005053,wiki-zh/4265974#c44
Q005054,wiki-zh/4265974#c44
Q005055,wiki-zh/4265974#c45
Q005056,wiki-zh/4265974#c45
Q005057,wiki-zh/4265974#c45
Q005058,wiki-zh/4265974#c45
Q005059,wiki-zh/4265974#c45
Q005060,wiki-zh/4265974#c45
Q005061,wiki-zh/4265974#c45
Q005062,wiki-zh/4265974#c45
Q005063,wiki-zh/4265974#c45
Q005064,wiki-zh/4265974#c45
Q005065,wiki-zh/4265974#c45
Q005066,wiki-zh/4265974#c45
Q005067,wiki-zh/4265974#c45
Q005068,wiki-zh/4265974#c45
Q005069,wiki-zh/4265974#c45
Q005070,wiki-zh/4265974#c46
Q005071,wiki-zh/4265974#c46
Q005072,wiki-zh/4265974#c47
Q005073,wiki-zh/4265974#c47
Q005074,wiki-zh/4265974#c48
Q005075,wiki-zh/4265974#c48
Q005076,wiki-zh/4265974#c49
Q005077,wiki-zh/4265974#c49
Q005078,wiki-zh/4265974#c50
Q005079,wiki-zh/4265974#c50
Q005080,wiki-zh/4265974#c51
Q005081,wiki-zh/4265974#c51
Q005082,wiki-zh/4265974#c52
Q005083,wiki-zh/4265974#c52
Q005084,wiki-zh/4265974#c52
Q005085,wiki-zh/4265974#c52
Q005086,wiki-zh/4265974#c53
Q005087,wiki-zh/4265974#c53
Q005088,wiki-zh/4265974#c53
Q005089,wiki-zh/4265974#c53
Q005090,wiki-zh/4265974#c54
Q005091,wiki-zh/4265974#c54
Q005092,wiki-zh/4265974#c53
Q005093,wiki-zh/4265974#c55
Q005094,wiki-zh/4265974#c55
Q005095,wiki-zh/4265974#c56
Q005096,wiki-zh/4265974#c56
Q005097,wiki-zh/4265974#c55
Q005098,wiki-zh/4265974#c55
Q005099,wiki-zh/4265974#c55
Q005100,wiki-zh/4265974#c57
Q005101,wiki-zh/4265974#c57
Q005102,wiki-zh/4265974#c58
Q005103,wiki-zh/4265974#c58
Q005104,wiki-zh/4265974#c59
Q005105,wiki-zh/4265974#c59
Q005106,wiki-zh/4265974#c59
Q005107,wiki-zh/4265974#c59
Q005108,wiki-zh/4265974#c60
Q005109,wiki-zh/4265974#c60
Q005110,wiki-zh/4265974#c60
Q005111,wiki-zh/4265974#c60
Q005112,wiki-zh/4265974#c61
Q005113,wiki-zh/4265974#c61
Q005114,wiki-zh/4265974#c62
Q005115,wiki-zh/4265974#c62
Q005116,wiki-zh/4265974#c63
Q005117,wiki-zh/4265974#c63
Q005118,wiki-zh/4265974#c63
Q005119,wiki-zh/4265974#c64
Q005120,wiki-zh/4265974#c64
Q005121,wiki-zh/4265974#c64
Q005122,wiki-zh/4265974#c64
Q005123,wiki-zh/4265974#c64
Q005124,wiki-zh/4265974#c64
Q005125,wiki-zh/4265974#c65
Q005126,wiki-zh/4265974#c65
Q005127,wiki-zh/4265974#c66
Q005128,wiki-zh/4265974#c66
Q005129,wiki-zh/4265974#c67
Q005130,wiki-zh/4265974#c67
Q005131,wiki-zh/4265974#c67
Q005132,wiki-zh/4265974#c68
Q005133,wiki-zh/4265974#c68
Q005134,wiki-zh/4265974#c68
Q005135,wiki-zh/4265974#c68
Q005136,wiki-zh/4265974#c68
Q005137,wiki-zh/4265974#c69
Q005138,wiki-zh/4265974#c69
Q005139,wiki-zh/4265974#c70
Q005140,wiki-zh/4265974#c71
Q005141,wiki-zh/4265974#c72
Q005142,wiki-zh/4265974#c72
Q005143,wiki-zh/4265974#c73
Q005144,wiki-zh/4265974#c73
Q005145,wiki-zh/4265974#c73
Q005146,wiki-zh/4265974#c74
Q005147,wiki-zh/4265974#c74
Q005148,wiki-zh/4265974#c75
Q005149,wiki-zh/4265974#c76
Q005150,wiki-zh/4265974#c76
Q005151,wiki-zh/4265974#c77
Q005152,wiki-zh/4265974#c77
Q005153,wiki-zh/4265974#c77
Q005154,wiki-zh/4265974#c78
Q005155,wiki-zh/4265974#c78
Q005156,wiki-zh/4265974#c79
Q005157,wiki-zh/4265974#c79
Q005158,wiki-zh/43005#c0
Q005159,wiki-zh/43005#c0
Q005160,wiki-zh/43005#c1
Q005161,wiki-zh/43005#c1
Q005162,wiki-zh/43005#c1
Q005163,wiki-zh/43005#c1
Q005164,wiki-zh/43005#c1
Q005165,wiki-zh/43005#c1
Q005166,wiki-zh/43005#c2
Q005167,wiki-zh/43005#c2
Q005168,wiki-zh/43005#c2
Q005169,wiki-zh/43005#c2
Q005170,wiki-zh/43005#c2
Q005171,wiki-zh/43005#c2
Q005172,wiki-zh/43005#c2
Q005173,wiki-zh/43005#c2
Q005174,wiki-zh/43005#c2
Q005175,wiki-zh/43005#c3
Q005176,wiki-zh/43005#c3
Q005177,wiki-zh/43005#c4
Q005178,wiki-zh/43005#c4
Q005179,wiki-zh/43005#c5
Q005180,wiki-zh/43005#c5
Q005181,wiki-zh/43005#c5
Q005182,wiki-zh/43005#c5
Q005183,wiki-zh/43005#c6
Q005184,wiki-zh/43005#c6
Q005185,wiki-zh/43005#c6
Q005186,wiki-zh/43005#c6
Q005187,wiki-zh/43005#c6
Q005188,wiki-zh/43005#c7
Q005189,wiki-zh/43005#c7
Q005190,wiki-zh/43005#c7
Q005191,wiki-zh/43005#c7
Q005192,wiki-zh/43005#c7
Q005193,wiki-zh/43005#c7
Q005194,wiki-zh/43005#c7
Q005195,wiki-zh/43005#c7
Q005196,wiki-zh/43005#c8
Q005197,wiki-zh/43005#c8
Q005198,wiki-zh/43005#c8
Q005199,wiki-zh/43005#c8
Q005200,wiki-zh/43005#c8
Q005201,wiki-zh/43005#c8
Q005202,wiki-zh/43005#c9
Q005203,wiki-zh/43005#c9
Q005204,wiki-zh/43005#c9
Q005205,wiki-zh/43005#c9
Q005206,wiki-zh/43005#c9
Q005207,wiki-zh/43005#c9
Q005208,wiki-zh/43005#c9
Q005209,wiki-zh/43005#c9
Q005210,wiki-zh/43005#c10
Q005211,wiki-zh/43005#c10
Q005212,wiki-zh/43005#c10
Q005213,wiki-zh/43005#c10
Q005214,wiki-zh/43005#c10
Q005215,wiki-zh/43005#c10
Q005216,wiki-zh/43005#c10
Q005217,wiki-zh/43005#c11
Q005218,wiki-zh/43005#c11
Q005219,wiki-zh/43005#c11
Q005220,wiki-zh/43005#c10
Q005221,wiki-zh/43005#c10
Q005222,wiki-zh/43005#c10
Q005223,wiki-zh/43005#c12
Q005224,wiki-zh/43005#c12
Q005225,wiki-zh/43005#c12
Q005226,wiki-zh/43005#c12
Q005227,wiki-zh/43005#c10
Q005228,wiki-zh/43005#c10
Q005229,wiki-zh/43005#c10
Q005230,wiki-zh/43005#c10
Q005231,wiki-zh/43005#c10
Q005232,wiki-zh/43005#c10
Q005233,wiki-zh/43005#c10
Q005234,wiki-zh/43005#c10
Q005235,wiki-zh/43005#c10
Q005236,wiki-zh/43005#c10
Q005237,wiki-zh/43005#c10
Q005238,wiki-zh/43005#c13
Q005239,wiki-zh/43005#c13
Q005240,wiki-zh/43005#c10
Q005241,wiki-zh/43005#c10
Q005242,wiki-zh/43005#c10
Q005243,wiki-zh/43005#c10
Q005244,wiki-zh/43005#c10
Q005245,wiki-zh/43005#c10
Q005246,wiki-zh/43005#c10
Q005247,wiki-zh/43005#c10
Q005248,wiki-zh/43005#c10
Q005249,wiki-zh/43005#c10
Q005250,wiki-zh/43005#c10
Q005251,wiki-zh/43005#c6
Q005252,wiki-zh/43005#c12
Q005253,wiki-zh/43005#c14
Q005254,wiki-zh/43005#c14
Q005255,wiki-zh/43005#c15
Q005256,wiki-zh/43005#c15
Q005257,wiki-zh/43005#c15
Q005258,wiki-zh/43005#c15
Q005259,wiki-zh/43005#c6
Q005260,wiki-zh/43005#c6
Q005261,wiki-zh/43005#c6
Q005262,wiki-zh/43005#c6
Q005263,wiki-zh/43005#c6
Q005264,wiki-zh/43005#c6
Q005265,wiki-zh/43005#c6
Q005266,wiki-zh/43005#c6
Q005267,wiki-zh/43005#c6
Q005268,wiki-zh/43005#c6
Q005269,wiki-zh/43005#c6
Q005270,wiki-zh/43005#c6
Q005271,wiki-zh/43005#c6
Q005272,wiki-zh/43005#c6
Q005273,wiki-zh/43005#c6
Q005274,wiki-zh/43005#c6
Q005275,wiki-zh/43005#c6
Q005276,wiki-zh/43005#c6
Q005277,wiki-zh/43005#c6
Q005278,wiki-zh/43005#c16
Q005279,wiki-zh/43005#c16
Q005280,wiki-zh/43005#c16
Q005281,wiki-zh/43005#c17
Q005282,wiki-zh/43005#c17
Q005283,wiki-zh/43005#c18
Q005284,wiki-zh/43005#c19
Q005285,wiki-zh/43005#c19
Q005286,wiki-zh/43005#c19
Q005287,wiki-zh/43005#c19
Q005288,wiki-zh/43005#c6
Q005289,wiki-zh/43005#c20
Q005290,wiki-zh/43005#c20
Q005291,wiki-zh/43005#c20
Q005292,wiki-zh/43005#c20
Q005293,wiki-zh/43005#c20
Q005294,wiki-zh/43005#c21
Q005295,wiki-zh/43005#c21
Q005296,wiki-zh/43005#c21
Q005297,wiki-zh/43005#c22
Q005298,wiki-zh/43005#c22
Q005299,wiki-zh/43005#c23
Q005300,wiki-zh/43005#c23
Q005301,wiki-zh/43005#c23
Q005302,wiki-zh/43005#c23
Q005303,wiki-zh/43005#c23
Q005304,wiki-zh/43005#c24
Q005305,wiki-zh/43005#c24
Q005306,wiki-zh/43005#c25
Q005307,wiki-zh/43005#c25
Q005308,wiki-zh/43005#c25
Q005309,wiki-zh/43005#c26
Q005310,wiki-zh/43005#c26
Q005311,wiki-zh/43005#c27
Q005312,wiki-zh/43005#c27
Q005313,wiki-zh/4300632#c0
Q005314,wiki-zh/4300632#c1
Q005315,wiki-zh/4300632#c1
Q005316,wiki-zh/4300632#c1
Q005317,wiki-zh/4300632#c1
Q005318,wiki-zh/4300632#c1
Q005319,wiki-zh/4300632#c2
Q005320,wiki-zh/4300632#c2
Q005321,wiki-zh/4300632#c2
Q005322,wiki-zh/4300632#c2
Q005323,wiki-zh/4300632#c2
Q005324,wiki-zh/4300632#c3
Q005325,wiki-zh/4300632#c3
Q005326,wiki-zh/4300632#c3
Q005327,wiki-zh/4300632#c3
Q005328,wiki-zh/4300632#c3
Q005329,wiki-zh/4300632#c4
Q005330,wiki-zh/4300632#c4
Q005331,wiki-zh/4300632#c5
Q005332,wiki-zh/4300632#c5
Q005333,wiki-zh/4300632#c6
Q005334,wiki-zh/4300632#c6
Q005335,wiki-zh/4300632#c6
Q005336,wiki-zh/4300632#c6
Q005337,wiki-zh/4300632#c6
Q005338,wiki-zh/4300632#c7
Q005339,wiki-zh/4300632#c7
Q005340,wiki-zh/4300632#c6
Q005341,wiki-zh/4300632#c6
Q005342,wiki-zh/4300632#c6
Q005343,wiki-zh/4300632#c6
Q005344,wiki-zh/4300632#c6
Q005345,wiki-zh/4300632#c6
Q005346,wiki-zh/4300632#c6
Q005347,wiki-zh/4300632#c6
Q005348,wiki-zh/4300632#c6
Q005349,wiki-zh/4300632#c6
Q005350,wiki-zh/4300632#c6
Q005351,wiki-zh/4300632#c6
Q005352,wiki-zh/4300632#c6
Q005353,wiki-zh/4300632#c6
Q005354,wiki-zh/4300632#c6
Q005355,wiki-zh/4300632#c6
Q005356,wiki-zh/4300632#c6
Q005357,wiki-zh/4300632#c6
Q005358,wiki-zh/4300632#c6
Q005359,wiki-zh/4300632#c6
Q005360,wiki-zh/4300632#c6
Q005361,wiki-zh/4300632#c8
Q005362,wiki-zh/4300632#c8
Q005363,wiki-zh/4300632#c8
Q005364,wiki-zh/4300632#c9
Q005365,wiki-zh/4300632#c9
Q005366,wiki-zh/4300632#c10
Q005367,wiki-zh/4300632#c10
Q005368,wiki-zh/4300632#c10
Q005369,wiki-zh/4300632#c11
Q005370,wiki-zh/4300632#c12
Q005371,wiki-zh/4300632#c13
Q005372,wiki-zh/4300632#c13
Q005373,wiki-zh/4300632#c14
Q005374,wiki-zh/4300632#c14
Q005375,wiki-zh/4300632#c10
Q005376,wiki-zh/4300632#c10
Q005377,wiki-zh/4300632#c10
Q005378,wiki-zh/4300632#c10
Q005379,wiki-zh/4300632#c10
Q005380,wiki-zh/4300632#c10
Q005381,wiki-zh/4300632#c10
Q005382,wiki-zh/4300632#c15
Q005383,wiki-zh/4300632#c16
Q005384,wiki-zh/4300632#c16
Q005385,wiki-zh/4300632#c17
Q005386,wiki-zh/4300632#c17
Q005387,wiki-zh/4300632#c18
Q005388,wiki-zh/4300632#c18
Q005389,wiki-zh/4300632#c19
Q005390,wiki-zh/4300632#c19
Q005391,wiki-zh/4300632#c19
Q005392,wiki-zh/4300632#c19
Q005393,wiki-zh/4300632#c20
Q005394,wiki-zh/4300632#c20
Q005395,wiki-zh/4300632#c21
Q005396,wiki-zh/4300632#c21
Q005397,wiki-zh/4300632#c21
Q005398,wiki-zh/4300632#c21
Q005399,wiki-zh/4300632#c21
Q005400,wiki-zh/4300632#c22
Q005401,wiki-zh/4300632#c22
Q005402,wiki-zh/4300632#c23
Q005403,wiki-zh/4300632#c23
Q005404,wiki-zh/4300632#c23
Q005405,wiki-zh/4300632#c23
Q005406,wiki-zh/4300632#c23
Q005407,wiki-zh/4300632#c23
Q005408,wiki-zh/4300632#c23
Q005409,wiki-zh/4300632#c23
Q005410,wiki-zh/4300632#c23
Q005411,wiki-zh/4300632#c23
Q005412,wiki-zh/4300632#c23
Q005413,wiki-zh/4300632#c23
Q005414,wiki-zh/4300632#c23
Q005415,wiki-zh/4300632#c23
Q005416,wiki-zh/4300632#c23
Q005417,wiki-zh/4300632#c23
Q005418,wiki-zh/4300632#c23
Q005419,wiki-zh/4300632#c23
Q005420,wiki-zh/4300632#c23
Q005421,wiki-zh/4300632#c23
Q005422,wiki-zh/4300632#c23
Q005423,wiki-zh/4300632#c23
Q005424,wiki-zh/4300632#c23
Q005425,wiki-zh/4300632#c23
Q005426,wiki-zh/4300632#c23
Q005427,wiki-zh/4300632#c23
Q005428,wiki-zh/4300632#c23
Q005429,wiki-zh/4300632#c23
Q005430,wiki-zh/4300632#c23
Q005431,wiki-zh/4300632#c23
Q005432,wiki-zh/4300632#c23
Q005433,wiki-zh/4300632#c23
Q005434,wiki-zh/4300632#c23
Q005435,wiki-zh/4300632#c23
Q005436,wiki-zh/4300632#c23
Q005437,wiki-zh/4300632#c23
Q005438,wiki-zh/4300632#c23
Q005439,wiki-zh/4300632#c23
Q005440,wiki-zh/4300632#c23
Q005441,wiki-zh/4300632#c23
Q005442,wiki-zh/4300632#c23
Q005443,wiki-zh/4300632#c23
Q005444,wiki-zh/4300632#c23
Q005445,wiki-zh/4300632#c23
Q005446,wiki-zh/4300632#c23
Q005447,wiki-zh/4300632#c23
Q005448,wiki-zh/4300632#c23
Q005449,wiki-zh/4300632#c23
Q005450,wiki-zh/4300632#c23
Q005451,wiki-zh/4300632#c23
Q005452,wiki-zh/4300632#c23
Q005453,wiki-zh/4300632#c23
Q005454,wiki-zh/4300632#c23
Q005455,wiki-zh/4300632#c23
Q005456,wiki-zh/4300632#c23
Q005457,wiki-zh/4300632#c23
Q005458,wiki-zh/4300632#c23
Q005459,wiki-zh/4300632#c23
Q005460,wiki-zh/4300632#c23
Q005461,wiki-zh/4300632#c23
Q005462,wiki-zh/4300632#c23
Q005463,wiki-zh/4300632#c23
Q005464,wiki-zh/4300632#c23
Q005465,wiki-zh/4300632#c23
Q005466,wiki-zh/4300632#c23
Q005467,wiki-zh/4300632#c23
Q005468,wiki-zh/4300632#c23
Q005469,wiki-zh/4300632#c23
Q005470,wiki-zh/4300632#c23
Q005471,wiki-zh/4300632#c23
Q005472,wiki-zh/4300632#c23
Q005473,wiki-zh/4300632#c24
Q005474,wiki-zh/4300632#c24
Q005475,wiki-zh/4300632#c25
Q005476,wiki-zh/4300632#c25
Q005477,wiki-zh/4300632#c26
Q005478,wiki-zh/4300632#c26
Q005479,wiki-zh/4300632#c27
Q005480,wiki-zh/4300632#c27
Q005481,wiki-zh/4300632#c27
Q005482,wiki-zh/4300632#c27
Q005483,wiki-zh/4300632#c27
Q005484,wiki-zh/4300632#c27
Q005485,wiki-zh/4300632#c28
Q005486,wiki-zh/4300632#c29
Q005487,wiki-zh/4300632#c27
Q005488,wiki-zh/481147#c0
Q005489,wiki-zh/481147#c1
Q005490,wiki-zh/481147#c1
Q005491,wiki-zh/481147#c2
Q005492,wiki-zh/481147#c2
Q005493,wiki-zh/481147#c3
Q005494,wiki-zh/481147#c3
Q005495,wiki-zh/481147#c4
Q005496,wiki-zh/481147#c4
Q005497,wiki-zh/481147#c5
Q005498,wiki-zh/481147#c5
Q005499,wiki-zh/481147#c6
Q005500,wiki-zh/481147#c6
Q005501,wiki-zh/481147#c7
Q005502,wiki-zh/481147#c8
Q005503,wiki-zh/481147#c9
Q005504,wiki-zh/481147#c10
Q005505,wiki-zh/481147#c11
Q005506,wiki-zh/481147#c12
Q005507,wiki-zh/481147#c12
Q005508,wiki-zh/481147#c13
Q005509,wiki-zh/481147#c13
Q005510,wiki-zh/481147#c14
Q005511,wiki-zh/481147#c14
Q005512,wiki-zh/481147#c15
Q005513,wiki-zh/481147#c15
Q005514,wiki-zh/481147#c16
Q005515,wiki-zh/481147#c16
Q005516,wiki-zh/481147#c17
Q005517,wiki-zh/481147#c17
Q005518,wiki-zh/481147#c18
Q005519,wiki-zh/481147#c18
Q005520,wiki-zh/481147#c19
Q005521,wiki-zh/481147#c20
Q005522,wiki-zh/481147#c20
Q005523,wiki-zh/481147#c21
Q005524,wiki-zh/481147#c21
Q005525,wiki-zh/481147#c22
Q005526,wiki-zh/481147#c22
Q005527,wiki-zh/481147#c23
Q005528,wiki-zh/481147#c23
Q005529,wiki-zh/481147#c24
Q005530,wiki-zh/481147#c24
Q005531,wiki-zh/481147#c25
Q005532,wiki-zh/481147#c25
Q005533,wiki-zh/481147#c26
Q005534,wiki-zh/481147#c26
Q005535,wiki-zh/481147#c27
Q005536,wiki-zh/481147#c28
Q005537,wiki-zh/481147#c28
Q005538,wiki-zh/481147#c29
Q005539,wiki-zh/481147#c29
Q005540,wiki-zh/481147#c30
Q005541,wiki-zh/481147#c31
Q005542,wiki-zh/481147#c31
Q005543,wiki-zh/481147#c32
Q005544,wiki-zh/481147#c32
Q005545,wiki-zh/481147#c33
Q005546,wiki-zh/481147#c33
Q005547,wiki-zh/481147#c34
Q005548,wiki-zh/481147#c35
Q005549,wiki-zh/481147#c36
Q005550,wiki-zh/481147#c37
Q005551,wiki-zh/481147#c37
Q005552,wiki-zh/481147#c38
Q005553,wiki-zh/481147#c38
Q005554,wiki-zh/481147#c39
Q005555,wiki-zh/481147#c40
Q005556,wiki-zh/481147#c40
Q005557,wiki-zh/481147#c22
Q005558,wiki-zh/481147#c24
Q005559,wiki-zh/481147#c26
Q005560,wiki-zh/481147#c28
Q005561,wiki-zh/481147#c12
Q005562,wiki-zh/481147#c29
Q005563,wiki-zh/481147#c31
Q005564,wiki-zh/481147#c32
Q005565,wiki-zh/481147#c33
Q005566,wiki-zh/481147#c37
Q005567,wiki-zh/481147#c13
Q005568,wiki-zh/481147#c41
Q005569,wiki-zh/481147#c41
Q005570,wiki-zh/481147#c42
Q005571,wiki-zh/481147#c43
Q005572,wiki-zh/481147#c43
Q005573,wiki-zh/481147#c22
Q005574,wiki-zh/481147#c24
Q005575,wiki-zh/481147#c26
Q005576,wiki-zh/481147#c28
Q005577,wiki-zh/481147#c12
Q005578,wiki-zh/481147#c29
Q005579,wiki-zh/481147#c31
Q005580,wiki-zh/481147#c32
Q005581,wiki-zh/481147#c33
Q005582,wiki-zh/481147#c37
Q005583,wiki-zh/481147#c13
Q005584,wiki-zh/481147#c44
Q005585,wiki-zh/481147#c44
Q005586,wiki-zh/481147#c44
Q005587,wiki-zh/481147#c22
Q005588,wiki-zh/481147#c24
Q005589,wiki-zh/481147#c26
Q005590,wiki-zh/481147#c28
Q005591,wiki-zh/481147#c12
Q005592,wiki-zh/481147#c29
Q005593,wiki-zh/481147#c31
Q005594,wiki-zh/481147#c32
Q005595,wiki-zh/481147#c33
Q005596,wiki-zh/481147#c37
Q005597,wiki-zh/481147#c13
Q005598,wiki-zh/481147#c45
Q005599,wiki-zh/481147#c45
Q005600,wiki-zh/481147#c45
Q005601,wiki-zh/481147#c22
Q005602,wiki-zh/481147#c24
Q005603,wiki-zh/481147#c26
Q005604,wiki-zh/481147#c28
Q005605,wiki-zh/481147#c12
Q005606,wiki-zh/481147#c29
Q005607,wiki-zh/481147#c31
Q005608,wiki-zh/481147#c32
Q005609,wiki-zh/481147#c33
Q005610,wiki-zh/481147#c37
Q005611,wiki-zh/481147#c13
Q005612,wiki-zh/481147#c46
Q005613,wiki-zh/481147#c47
Q005614,wiki-zh/481147#c48
Q005615,wiki-zh/481147#c49
Q005616,wiki-zh/481147#c49
Q005617,wiki-zh/481147#c50
Q005618,wiki-zh/481147#c50
Q005619,wiki-zh/481147#c51
Q005620,wiki-zh/481147#c51
Q005621,wiki-zh/481147#c52
Q005622,wiki-zh/481147#c53
Q005623,wiki-zh/481147#c53
Q005624,wiki-zh/481147#c54
Q005625,wiki-zh/481147#c55
Q005626,wiki-zh/481147#c55
Q005627,wiki-zh/481147#c56
Q005628,wiki-zh/481147#c56
Q005629,wiki-zh/481147#c13
Q005630,wiki-zh/481147#c57
Q005631,wiki-zh/481147#c57
Q005632,wiki-zh/481147#c58
Q005633,wiki-zh/481147#c58
Q005634,wiki-zh/481147#c59
Q005635,wiki-zh/481147#c59
Q005636,wiki-zh/481147#c22
Q005637,wiki-zh/481147#c24
Q005638,wiki-zh/481147#c26
Q005639,wiki-zh/481147#c28
Q005640,wiki-zh/481147#c29
Q005641,wiki-zh/481147#c31
Q005642,wiki-zh/481147#c32
Q005643,wiki-zh/481147#c33
Q005644,wiki-zh/481147#c37
Q005645,wiki-zh/481147#c60
Q005646,wiki-zh/481147#c60
Q005647,wiki-zh/481147#c61
Q005648,wiki-zh/481147#c61
Q005649,wiki-zh/481147#c62
Q005650,wiki-zh/481147#c62
Q005651,wiki-zh/481147#c63
Q005652,wiki-zh/481147#c63
Q005653,wiki-zh/481147#c64
Q005654,wiki-zh/481147#c64
Q005655,wiki-zh/481147#c65
Q005656,wiki-zh/481147#c65
Q005657,wiki-zh/481147#c66
Q005658,wiki-zh/481147#c66
Q005659,wiki-zh/481147#c67
Q005660,wiki-zh/481147#c67
Q005661,wiki-zh/481147#c68
Q005662,wiki-zh/481147#c68
Q005663,wiki-zh/481147#c69
Q005664,wiki-zh/481147#c69
Q005665,wiki-zh/481147#c70
Q005666,wiki-zh/481147#c70
Q005667,wiki-zh/4837#c0
Q005668,wiki-zh/4837#c1
Q005669,wiki-zh/4837#c2
Q005670,wiki-zh/4837#c3
Q005671,wiki-zh/4837#c3
Q005672,wiki-zh/4837#c3
Q005673,wiki-zh/4837#c3
Q005674,wiki-zh/4837#c3
Q005675,wiki-zh/4837#c4
Q005676,wiki-zh/4837#c4
Q005677,wiki-zh/4837#c3
Q005678,wiki-zh/4837#c5
Q005679,wiki-zh/4837#c5
Q005680,wiki-zh/4837#c5
Q005681,wiki-zh/4837#c5
Q005682,wiki-zh/4837#c5
Q005683,wiki-zh/4837#c5
Q005684,wiki-zh/4837#c5
Q005685,wiki-zh/4837#c6
Q005686,wiki-zh/4837#c6
Q005687,wiki-zh/4837#c5
Q005688,wiki-zh/4837#c7
Q005689,wiki-zh/4837#c8
Q005690,wiki-zh/4837#c3
Q005691,wiki-zh/4837#c9
Q005692,wiki-zh/4837#c10
Q005693,wiki-zh/4837#c10
Q005694,wiki-zh/4837#c11
Q005695,wiki-zh/4837#c11
Q005696,wiki-zh/4837#c11
Q005697,wiki-zh/4837#c12
Q005698,wiki-zh/4837#c12
Q005699,wiki-zh/4837#c12
Q005700,wiki-zh/4837#c12
Q005701,wiki-zh/4837#c13
Q005702,wiki-zh/4837#c13
Q005703,wiki-zh/4837#c13
Q005704,wiki-zh/4837#c13
Q005705,wiki-zh/4837#c13
Q005706,wiki-zh/4837#c13
Q005707,wiki-zh/4837#c14
Q005708,wiki-zh/4837#c14
Q005709,wiki-zh/4837#c14
Q005710,wiki-zh/4837#c15
Q005711,wiki-zh/4837#c15
Q005712,wiki-zh/4837#c15
Q005713,wiki-zh/4837#c15
Q005714,wiki-zh/4837#c15
Q005715,wiki-zh/4837#c15
Q005716,wiki-zh/4837#c15
Q005717,wiki-zh/4837#c15
Q005718,wiki-zh/4837#c16
Q005719,wiki-zh/4837#c16
Q005720,wiki-zh/4837#c16
Q005721,wiki-zh/4837#c16
Q005722,wiki-zh/4837#c16
Q005723,wiki-zh/4837#c16
Q005724,wiki-zh/4837#c17
Q005725,wiki-zh/4837#c17
Q005726,wiki-zh/4837#c18
Q005727,wiki-zh/4837#c18
Q005728,wiki-zh/4837#c18
Q005729,wiki-zh/4837#c10
Q005730,wiki-zh/4837#c19
Q005731,wiki-zh/4837#c19
Q005732,wiki-zh/4837#c20
Q005733,wiki-zh/4837#c20
Q005734,wiki-zh/4837#c20
Q005735,wiki-zh/4837#c21
Q005736,wiki-zh/4837#c21
Q005737,wiki-zh/4837#c22
Q005738,wiki-zh/4837#c22
Q005739,wiki-zh/4837#c14
Q005740,wiki-zh/4837#c22
Q005741,wiki-zh/4837#c22
Q005742,wiki-zh/4837#c22
Q005743,wiki-zh/4837#c23
Q005744,wiki-zh/4837#c23
Q005745,wiki-zh/4837#c24
Q005746,wiki-zh/4837#c24
Q005747,wiki-zh/4837#c24
Q005748,wiki-zh/4837#c24
Q005749,wiki-zh/4837#c24
Q005750,wiki-zh/4837#c25
Q005751,wiki-zh/4837#c25
Q005752,wiki-zh/4837#c23
Q005753,wiki-zh/4837#c23
Q005754,wiki-zh/4837#c25
Q005755,wiki-zh/4837#c25
Q005756,wiki-zh/4837#c26
Q005757,wiki-zh/4837#c26
Q005758,wiki-zh/4837#c26
Q005759,wiki-zh/4837#c25
Q005760,wiki-zh/4837#c25
Q005761,wiki-zh/4837#c25
Q005762,wiki-zh/4837#c25
Q005763,wiki-zh/4837#c27
Q005764,wiki-zh/4837#c27
Q005765,wiki-zh/4837#c27
Q005766,wiki-zh/4837#c27
Q005767,wiki-zh/4837#c28
Q005768,wiki-zh/4837#c28
Q005769,wiki-zh/4837#c3
Q005770,wiki-zh/4837#c28
Q005771,wiki-zh/4837#c28
Q005772,wiki-zh/4837#c28
Q005773,wiki-zh/4837#c28
Q005774,wiki-zh/4837#c28
Q005775,wiki-zh/4837#c29
Q005776,wiki-zh/4837#c29
Q005777,wiki-zh/4837#c30
Q005778,wiki-zh/4837#c30
Q005779,wiki-zh/4837#c30
Q005780,wiki-zh/4837#c31
Q005781,wiki-zh/4837#c31
Q005782,wiki-zh/4837#c32
Q005783,wiki-zh/4837#c32
Q005784,wiki-zh/4837#c32
Q005785,wiki-zh/4837#c32
Q005786,wiki-zh/4837#c33
Q005787,wiki-zh/4837#c33
Q005788,wiki-zh/4837#c34
Q005789,wiki-zh/4837#c34
Q005790,wiki-zh/4837#c34
Q005791,wiki-zh/4837#c34
Q005792,wiki-zh/4837#c15
Q005793,wiki-zh/4837#c26
Q005794,wiki-zh/4837#c35
Q005795,wiki-zh/4837#c35
Q005796,wiki-zh/4837#c36
Q005797,wiki-zh/4837#c36
Q005798,wiki-zh/4837#c35
Q005799,wiki-zh/4837#c37
Q005800,wiki-zh/4837#c37
Q005801,wiki-zh/4837#c37
Q005802,wiki-zh/4837#c37
Q005803,wiki-zh/4837#c37
Q005804,wiki-zh/4837#c38
Q005805,wiki-zh/4837#c38
Q005806,wiki-zh/4837#c38
Q005807,wiki-zh/4837#c38
Q005808,wiki-zh/4837#c38
Q005809,wiki-zh/4837#c39
Q005810,wiki-zh/4837#c39
Q005811,wiki-zh/4837#c40
Q005812,wiki-zh/4837#c40
Q005813,wiki-zh/4837#c40
Q005814,wiki-zh/4837#c41
Q005815,wiki-zh/4837#c41
Q005816,wiki-zh/4837#c42
Q005817,wiki-zh/4837#c42
Q005818,wiki-zh/4837#c42
Q005819,wiki-zh/4837#c42
Q005820,wiki-zh/4837#c43
Q005821,wiki-zh/4837#c43
Q005822,wiki-zh/4837#c43
Q005823,wiki-zh/4837#c43
Q005824,wiki-zh/4837#c43
Q005825,wiki-zh/4837#c43
Q005826,wiki-zh/4837#c43
Q005827,wiki-zh/4837#c44
Q005828,wiki-zh/4837#c44
Q005829,wiki-zh/4837#c44
Q005830,wiki-zh/4837#c45
Q005831,wiki-zh/4837#c45
Q005832,wiki-zh/4837#c11
Q005833,wiki-zh/4837#c46
Q005834,wiki-zh/4837#c46
Q005835,wiki-zh/4837#c38
Q005836,wiki-zh/4837#c47
Q005837,wiki-zh/4837#c47
Q005838,wiki-zh/4837#c48
Q005839,wiki-zh/4837#c48
Q005840,wiki-zh/4837#c48
Q005841,wiki-zh/4837#c48
Q005842,wiki-zh/4837#c48
Q005843,wiki-zh/4837#c48
Q005844,wiki-zh/4837#c49
Q005845,wiki-zh/4837#c49
Q005846,wiki-zh/4837#c49
Q005847,wiki-zh/4837#c50
Q005848,wiki-zh/4837#c50
Q005849,wiki-zh/4837#c50
Q005850,wiki-zh/4837#c50
Q005851,wiki-zh/4837#c50
Q005852,wiki-zh/4837#c51
Q005853,wiki-zh/4837#c51
Q005854,wiki-zh/4837#c51
Q005855,wiki-zh/4837#c52
Q005856,wiki-zh/4837#c52
Q005857,wiki-zh/4837#c52
Q005858,wiki-zh/4837#c53
Q005859,wiki-zh/4837#c53
Q005860,wiki-zh/4837#c53
Q005861,wiki-zh/4837#c53
Q005862,wiki-zh/4837#c53
Q005863,wiki-zh/4837#c53
Q005864,wiki-zh/4837#c53
Q005865,wiki-zh/4837#c53
Q005866,wiki-zh/4837#c54
Q005867,wiki-zh/4837#c54
Q005868,wiki-zh/4837#c54
Q005869,wiki-zh/4837#c54
Q005870,wiki-zh/4837#c54
Q005871,wiki-zh/4837#c55
Q005872,wiki-zh/4837#c55
Q005873,wiki-zh/4837#c56
Q005874,wiki-zh/4837#c56
Q005875,wiki-zh/4837#c56
Q005876,wiki-zh/4837#c56
Q005877,wiki-zh/4837#c57
Q005878,wiki-zh/4837#c57
Q005879,wiki-zh/4837#c57
Q005880,wiki-zh/4837#c57
Q005881,wiki-zh/4837#c57
Q005882,wiki-zh/4837#c58
Q005883,wiki-zh/4837#c58
Q005884,wiki-zh/4837#c54
Q005885,wiki-zh/4837#c59
Q005886,wiki-zh/4837#c59
Q005887,wiki-zh/4837#c60
Q005888,wiki-zh/4837#c60
Q005889,wiki-zh/4837#c61
Q005890,wiki-zh/4837#c61
Q005891,wiki-zh/4837#c62
Q005892,wiki-zh/4837#c62
Q005893,wiki-zh/4837#c63
Q005894,wiki-zh/4837#c63
Q005895,wiki-zh/4837#c64
Q005896,wiki-zh/4837#c64
Q005897,wiki-zh/4837#c65
Q005898,wiki-zh/4837#c65
Q005899,wiki-zh/4837#c66
Q005900,wiki-zh/4837#c66
Q005901,wiki-zh/4837#c67
Q005902,wiki-zh/4837#c67
Q005903,wiki-zh/4837#c68
Q005904,wiki-zh/4837#c68
Q005905,wiki-zh/509733#c0
Q005906,wiki-zh/509733#c1
Q005907,wiki-zh/509733#c1
Q005908,wiki-zh/509733#c2
Q005909,wiki-zh/509733#c2
Q005910,wiki-zh/509733#c3
Q005911,wiki-zh/509733#c4
Q005912,wiki-zh/509733#c4
Q005913,wiki-zh/509733#c5
Q005914,wiki-zh/509733#c5
Q005915,wiki-zh/509733#c6
Q005916,wiki-zh/509733#c6
Q005917,wiki-zh/509733#c7
Q005918,wiki-zh/509733#c7
Q005919,wiki-zh/509733#c8
Q005920,wiki-zh/509733#c8
Q005921,wiki-zh/509733#c9
Q005922,wiki-zh/509733#c9
Q005923,wiki-zh/509733#c9
Q005924,wiki-zh/509733#c10
Q005925,wiki-zh/509733#c10
Q005926,wiki-zh/509733#c10
Q005927,wiki-zh/509733#c10
Q005928,wiki-zh/509733#c11
Q005929,wiki-zh/509733#c11
Q005930,wiki-zh/509733#c12
Q005931,wiki-zh/509733#c13
Q005932,wiki-zh/509733#c13
Q005933,wiki-zh/509733#c14
Q005934,wiki-zh/509733#c13
Q005935,wiki-zh/509733#c13
Q005936,wiki-zh/509733#c15
Q005937,wiki-zh/509733#c15
Q005938,wiki-zh/509733#c16
Q005939,wiki-zh/509733#c16
Q005940,wiki-zh/509733#c16
Q005941,wiki-zh/509733#c16
Q005942,wiki-zh/509733#c16
Q005943,wiki-zh/509733#c16
Q005944,wiki-zh/509733#c16
Q005945,wiki-zh/509733#c16
Q005946,wiki-zh/509733#c16
Q005947,wiki-zh/509733#c16
Q005948,wiki-zh/509733#c16
Q005949,wiki-zh/509733#c17
Q005950,wiki-zh/509733#c17
Q005951,wiki-zh/509733#c18
Q005952,wiki-zh/509733#c18
Q005953,wiki-zh/509733#c18
Q005954,wiki-zh/509733#c18
Q005955,wiki-zh/509733#c19
Q005956,wiki-zh/509733#c19
Q005957,wiki-zh/509733#c20
Q005958,wiki-zh/509733#c20
Q005959,wiki-zh/509733#c21
Q005960,wiki-zh/509733#c21
Q005961,wiki-zh/509733#c22
Q005962,wiki-zh/509733#c23
Q005963,wiki-zh/509733#c23
Q005964,wiki-zh/509733#c24
Q005965,wiki-zh/509733#c25
Q005966,wiki-zh/509733#c25
Q005967,wiki-zh/509733#c26
Q005968,wiki-zh/509733#c26
Q005969,wiki-zh/509733#c27
Q005970,wiki-zh/509733#c27
Q005971,wiki-zh/509733#c27
Q005972,wiki-zh/509733#c28
Q005973,wiki-zh/509733#c28
Q005974,wiki-zh/509733#c29
Q005975,wiki-zh/509733#c30
Q005976,wiki-zh/509733#c30
Q005977,wiki-zh/509733#c31
Q005978,wiki-zh/509733#c31
Q005979,wiki-zh/509733#c31
Q005980,wiki-zh/509733#c31
Q005981,wiki-zh/509733#c31
Q005982,wiki-zh/509733#c32
Q005983,wiki-zh/509733#c32
Q005984,wiki-zh/509733#c32
Q005985,wiki-zh/509733#c32
Q005986,wiki-zh/509733#c33
Q005987,wiki-zh/509733#c33
Q005988,wiki-zh/509733#c34
Q005989,wiki-zh/509733#c35
Q005990,wiki-zh/509733#c35
Q005991,wiki-zh/509733#c35
Q005992,wiki-zh/509733#c35
Q005993,wiki-zh/509733#c35
Q005994,wiki-zh/509733#c35
Q005995,wiki-zh/509733#c35
Q005996,wiki-zh/509733#c36
Q005997,wiki-zh/509733#c36
Q005998,wiki-zh/509733#c37
Q005999,wiki-zh/509733#c37
Q006000,wiki-zh/509733#c38
Q006001,wiki-zh/509733#c38
Q006002,wiki-zh/509733#c38
Q006003,wiki-zh/509733#c38
Q006004,wiki-zh/509733#c38
Q006005,wiki-zh/509733#c38
Q006006,wiki-zh/509733#c38
Q006007,wiki-zh/509733#c38
Q006008,wiki-zh/509733#c38
Q006009,wiki-zh/509733#c38
Q006010,wiki-zh/509733#c38
Q006011,wiki-zh/509733#c38
Q006012,wiki-zh/509733#c38
Q006013,wiki-zh/509733#c39
Q006014,wiki-zh/509733#c39
Q006015,wiki-zh/509733#c39
Q006016,wiki-zh/509733#c39
Q006017,wiki-zh/509733#c40
Q006018,wiki-zh/509733#c41
Q006019,wiki-zh/509733#c42
Q006020,wiki-zh/509733#c42
Q006021,wiki-zh/509733#c42
Q006022,wiki-zh/509733#c43
Q006023,wiki-zh/509733#c43
Q006024,wiki-zh/509733#c44
Q006025,wiki-zh/509733#c44
Q006026,wiki-zh/509733#c44
Q006027,wiki-zh/509733#c44
Q006028,wiki-zh/509733#c44
Q006029,wiki-zh/509733#c45
Q006030,wiki-zh/509733#c45
Q006031,wiki-zh/509733#c44
Q006032,wiki-zh/509733#c44
Q006033,wiki-zh/509733#c44
Q006034,wiki-zh/509733#c46
Q006035,wiki-zh/509733#c46
Q006036,wiki-zh/509733#c47
Q006037,wiki-zh/509733#c47
Q006038,wiki-zh/509733#c48
Q006039,wiki-zh/509733#c48
Q006040,wiki-zh/509733#c49
Q006041,wiki-zh/509733#c49
Q006042,wiki-zh/509733#c49
Q006043,wiki-zh/509733#c49
Q006044,wiki-zh/509733#c19
Q006045,wiki-zh/509733#c50
Q006046,wiki-zh/509733#c50
Q006047,wiki-zh/509733#c50
Q006048,wiki-zh/509733#c51
Q006049,wiki-zh/509733#c51
Q006050,wiki-zh/509733#c50
Q006051,wiki-zh/509733#c50
Q006052,wiki-zh/509733#c50
Q006053,wiki-zh/509733#c50
Q006054,wiki-zh/509733#c50
Q006055,wiki-zh/509733#c50
Q006056,wiki-zh/509733#c50
Q006057,wiki-zh/509733#c52
Q006058,wiki-zh/509733#c52
Q006059,wiki-zh/509733#c52
Q006060,wiki-zh/509733#c50
Q006061,wiki-zh/509733#c50
Q006062,wiki-zh/509733#c50
Q006063,wiki-zh/509733#c50
Q006064,wiki-zh/509733#c50
Q006065,wiki-zh/509733#c50
Q006066,wiki-zh/509733#c50
Q006067,wiki-zh/509733#c50
Q006068,wiki-zh/509733#c50
Q006069,wiki-zh/509733#c33
Q006070,wiki-zh/509733#c50
Q006071,wiki-zh/509733#c50
Q006072,wiki-zh/509733#c53
Q006073,wiki-zh/509733#c53
Q006074,wiki-zh/509733#c53
Q006075,wiki-zh/509733#c53
Q006076,wiki-zh/509733#c54
Q006077,wiki-zh/509733#c54
Q006078,wiki-zh/509733#c54
Q006079,wiki-zh/509733#c55
Q006080,wiki-zh/509733#c55
Q006081,wiki-zh/509733#c56
Q006082,wiki-zh/509733#c56
Q006083,wiki-zh/509733#c56
Q006084,wiki-zh/509733#c56
Q006085,wiki-zh/509733#c56
Q006086,wiki-zh/509733#c56
Q006087,wiki-zh/509733#c56
Q006088,wiki-zh/509733#c56
Q006089,wiki-zh/509733#c56
Q006090,wiki-zh/509733#c56
Q006091,wiki-zh/509733#c56
Q006092,wiki-zh/509733#c56
Q006093,wiki-zh/5284892#c0
Q006094,wiki-zh/5284892#c0
Q006095,wiki-zh/5284892#c1
Q006096,wiki-zh/5284892#c1
Q006097,wiki-zh/5284892#c2
Q006098,wiki-zh/5284892#c2
Q006099,wiki-zh/5284892#c3
Q006100,wiki-zh/5284892#c3
Q006101,wiki-zh/5284892#c3
Q006102,wiki-zh/5284892#c3
Q006103,wiki-zh/5284892#c3
Q006104,wiki-zh/5284892#c3
Q006105,wiki-zh/5284892#c3
Q006106,wiki-zh/5284892#c3
Q006107,wiki-zh/5284892#c3
Q006108,wiki-zh/5284892#c3
Q006109,wiki-zh/5284892#c3
Q006110,wiki-zh/5284892#c3
Q006111,wiki-zh/5284892#c3
Q006112,wiki-zh/5284892#c3
Q006113,wiki-zh/5284892#c3
Q006114,wiki-zh/5284892#c3
Q006115,wiki-zh/5284892#c3
Q006116,wiki-zh/5284892#c3
Q006117,wiki-zh/5284892#c4
Q006118,wiki-zh/5284892#c4
Q006119,wiki-zh/5284892#c4
Q006120,wiki-zh/5284892#c4
Q006121,wiki-zh/5284892#c3
Q006122,wiki-zh/5284892#c3
Q006123,wiki-zh/5284892#c3
Q006124,wiki-zh/5284892#c3
Q006125,wiki-zh/5284892#c3
Q006126,wiki-zh/5284892#c3
Q006127,wiki-zh/5284892#c3
Q006128,wiki-zh/5284892#c3
Q006129,wiki-zh/5284892#c3
Q006130,wiki-zh/5284892#c3
Q006131,wiki-zh/5284892#c3
Q006132,wiki-zh/5284892#c3
Q006133,wiki-zh/5284892#c3
Q006134,wiki-zh/5284892#c3
Q006135,wiki-zh/5284892#c3
Q006136,wiki-zh/5284892#c3
Q006137,wiki-zh/5284892#c3
Q006138,wiki-zh/5284892#c3
Q006139,wiki-zh/5284892#c3
Q006140,wiki-zh/5284892#c5
Q006141,wiki-zh/5284892#c3
Q006142,wiki-zh/5284892#c3
Q006143,wiki-zh/5284892#c3
Q006144,wiki-zh/5284892#c3
Q006145,wiki-zh/5284892#c3
Q006146,wiki-zh/5284892#c3
Q006147,wiki-zh/5284892#c3
Q006148,wiki-zh/5284892#c3
Q006149,wiki-zh/5284892#c3
Q006150,wiki-zh/5284892#c3
Q006151,wiki-zh/5284892#c3
Q006152,wiki-zh/5284892#c3
Q006153,wiki-zh/5284892#c3
Q006154,wiki-zh/5284892#c3
Q006155,wiki-zh/5284892#c3
Q006156,wiki-zh/5284892#c3
Q006157,wiki-zh/5284892#c3
Q006158,wiki-zh/5284892#c3
Q006159,wiki-zh/5284892#c3
Q006160,wiki-zh/5284892#c3
Q006161,wiki-zh/5284892#c6
Q006162,wiki-zh/5284892#c6
Q006163,wiki-zh/5284892#c6
Q006164,wiki-zh/5284892#c6
Q006165,wiki-zh/5284892#c6
Q006166,wiki-zh/5284892#c7
Q006167,wiki-zh/5284892#c7
Q006168,wiki-zh/5284892#c7
Q006169,wiki-zh/5284892#c7
Q006170,wiki-zh/5284892#c7
Q006171,wiki-zh/5284892#c7
Q006172,wiki-zh/5284892#c7
Q006173,wiki-zh/5284892#c7
Q006174,wiki-zh/5284892#c8
Q006175,wiki-zh/5284892#c8
Q006176,wiki-zh/5284892#c8
Q006177,wiki-zh/5284892#c8
Q006178,wiki-zh/5284892#c8
Q006179,wiki-zh/5284892#c8
Q006180,wiki-zh/5284892#c8
Q006181,wiki-zh/5284892#c8
Q006182,wiki-zh/5284892#c8
Q006183,wiki-zh/5284892#c8
Q006184,wiki-zh/5284892#c8
Q006185,wiki-zh/5284892#c8
Q006186,wiki-zh/5284892#c9
Q006187,wiki-zh/5284892#c9
Q006188,wiki-zh/5284892#c9
Q006189,wiki-zh/5284892#c10
Q006190,wiki-zh/5284892#c10
Q006191,wiki-zh/5284892#c10
Q006192,wiki-zh/5284892#c10
Q006193,wiki-zh/5284892#c10
Q006194,wiki-zh/5284892#c10
Q006195,wiki-zh/5284892#c10
Q006196,wiki-zh/5284892#c10
Q006197,wiki-zh/5284892#c10
Q006198,wiki-zh/5284892#c10
Q006199,wiki-zh/5284892#c10
Q006200,wiki-zh/5284892#c10
Q006201,wiki-zh/5284892#c10
Q006202,wiki-zh/5284892#c10
Q006203,wiki-zh/5284892#c10
Q006204,wiki-zh/5284892#c10
Q006205,wiki-zh/5284892#c10
Q006206,wiki-zh/5284892#c10
Q006207,wiki-zh/5284892#c10
Q006208,wiki-zh/5284892#c10
Q006209,wiki-zh/5284892#c9
Q006210,wiki-zh/5284892#c9
Q006211,wiki-zh/5284892#c9
Q006212,wiki-zh/5284892#c11
Q006213,wiki-zh/5284892#c11
Q006214,wiki-zh/5284892#c11
Q006215,wiki-zh/5284892#c11
Q006216,wiki-zh/5284892#c11
Q006217,wiki-zh/5284892#c11
Q006218,wiki-zh/5284892#c11
Q006219,wiki-zh/5284892#c11
Q006220,wiki-zh/5284892#c12
Q006221,wiki-zh/5284892#c12
Q006222,wiki-zh/5284892#c12
Q006223,wiki-zh/5284892#c12
Q006224,wiki-zh/5284892#c12
Q006225,wiki-zh/5284892#c12
Q006226,wiki-zh/5284892#c12
Q006227,wiki-zh/5284892#c12
Q006228,wiki-zh/5284892#c12
Q006229,wiki-zh/5284892#c12
Q006230,wiki-zh/5284892#c12
Q006231,wiki-zh/5284892#c12
Q006232,wiki-zh/5284892#c12
Q006233,wiki-zh/5284892#c12
Q006234,wiki-zh/5284892#c13
Q006235,wiki-zh/5284892#c13
Q006236,wiki-zh/5284892#c13
Q006237,wiki-zh/5284892#c13
Q006238,wiki-zh/5284892#c13
Q006239,wiki-zh/5284892#c13
Q006240,wiki-zh/5284892#c13
Q006241,wiki-zh/5284892#c13
Q006242,wiki-zh/5284892#c7
Q006243,wiki-zh/5284892#c13
Q006244,wiki-zh/5284892#c13
Q006245,wiki-zh/5284892#c13
Q006246,wiki-zh/5284892#c13
Q006247,wiki-zh/5284892#c13
Q006248,wiki-zh/5284892#c13
Q006249,wiki-zh/5284892#c13
Q006250,wiki-zh/5284892#c13
Q006251,wiki-zh/5284892#c14
Q006252,wiki-zh/5284892#c15
Q006253,wiki-zh/5284892#c16
Q006254,wiki-zh/5284892#c16
Q006255,wiki-zh/5284892#c17
Q006256,wiki-zh/5284892#c17
Q006257,wiki-zh/5284892#c17
Q006258,wiki-zh/5284892#c17
Q006259,wiki-zh/5284892#c17
Q006260,wiki-zh/5284892#c18
Q006261,wiki-zh/5284892#c18
Q006262,wiki-zh/5284892#c18
Q006263,wiki-zh/5284892#c18
Q006264,wiki-zh/5284892#c18
Q006265,wiki-zh/5284892#c18
Q006266,wiki-zh/5284892#c19
Q006267,wiki-zh/5284892#c19
Q006268,wiki-zh/5284892#c19
Q006269,wiki-zh/5284892#c19
Q006270,wiki-zh/5284892#c20
Q006271,wiki-zh/5284892#c20
Q006272,wiki-zh/5284892#c20
Q006273,wiki-zh/5284892#c20
Q006274,wiki-zh/5284892#c21
Q006275,wiki-zh/5284892#c21
Q006276,wiki-zh/5284892#c21
Q006277,wiki-zh/5284892#c21
Q006278,wiki-zh/5284892#c21
Q006279,wiki-zh/5284892#c21
Q006280,wiki-zh/5284892#c21
Q006281,wiki-zh/5284892#c22
Q006282,wiki-zh/5284892#c22
Q006283,wiki-zh/5284892#c22
Q006284,wiki-zh/5284892#c22
Q006285,wiki-zh/5284892#c22
Q006286,wiki-zh/5284892#c22
Q006287,wiki-zh/5284892#c23
Q006288,wiki-zh/5284892#c24
Q006289,wiki-zh/5284892#c24
Q006290,wiki-zh/5284892#c24
Q006291,wiki-zh/5284892#c24
Q006292,wiki-zh/5284892#c24
Q006293,wiki-zh/5284892#c24
Q006294,wiki-zh/5284892#c25
Q006295,wiki-zh/5284892#c25
Q006296,wiki-zh/5284892#c26
Q006297,wiki-zh/5284892#c26
Q006298,wiki-zh/5284892#c26
Q006299,wiki-zh/5284892#c27
Q006300,wiki-zh/5284892#c27
Q006301,wiki-zh/5284892#c27
Q006302,wiki-zh/5284892#c27
Q006303,wiki-zh/5284892#c27
Q006304,wiki-zh/5284892#c27
Q006305,wiki-zh/5284892#c28
Q006306,wiki-zh/5284892#c28
Q006307,wiki-zh/5284892#c28
Q006308,wiki-zh/5284892#c29
Q006309,wiki-zh/5284892#c29
Q006310,wiki-zh/5284892#c30
Q006311,wiki-zh/5284892#c30
Q006312,wiki-zh/5284892#c31
Q006313,wiki-zh/5284892#c31
Q006314,wiki-zh/5284892#c31
Q006315,wiki-zh/5284892#c31
Q006316,wiki-zh/5284892#c32
Q006317,wiki-zh/5284892#c32
Q006318,wiki-zh/5284892#c33
Q006319,wiki-zh/5284892#c33
Q006320,wiki-zh/5284892#c33
Q006321,wiki-zh/5284892#c34
Q006322,wiki-zh/5284892#c34
Q006323,wiki-zh/5284892#c34
Q006324,wiki-zh/5284892#c34
Q006325,wiki-zh/5284892#c34
Q006326,wiki-zh/5284892#c35
Q006327,wiki-zh/5284892#c35
Q006328,wiki-zh/5284892#c35
Q006329,wiki-zh/5284892#c35
Q006330,wiki-zh/5284892#c36
Q006331,wiki-zh/5284892#c36
Q006332,wiki-zh/5284892#c36
Q006333,wiki-zh/5284892#c37
Q006334,wiki-zh/5284892#c37
Q006335,wiki-zh/5284892#c38
Q006336,wiki-zh/5284892#c38
Q006337,wiki-zh/5284892#c38
Q006338,wiki-zh/5284892#c39
Q006339,wiki-zh/5284892#c39
Q006340,wiki-zh/5284892#c40
Q006341,wiki-zh/5284892#c40
Q006342,wiki-zh/5594042#c0
Q006343,wiki-zh/5594042#c1
Q006344,wiki-zh/5594042#c2
Q006345,wiki-zh/5594042#c3
Q006346,wiki-zh/5594042#c4
Q006347,wiki-zh/5594042#c5
Q006348,wiki-zh/5594042#c6
Q006349,wiki-zh/5594042#c7
Q006350,wiki-zh/5594042#c8
Q006351,wiki-zh/5594042#c9
Q006352,wiki-zh/5594042#c10
Q006353,wiki-zh/5594042#c11
Q006354,wiki-zh/5594042#c11
Q006355,wiki-zh/5594042#c11
Q006356,wiki-zh/5594042#c12
Q006357,wiki-zh/5594042#c13
Q006358,wiki-zh/5594042#c14
Q006359,wiki-zh/5594042#c15
Q006360,wiki-zh/5594042#c16
Q006361,wiki-zh/5594042#c17
Q006362,wiki-zh/5594042#c18
Q006363,wiki-zh/5594042#c18
Q006364,wiki-zh/5594042#c19
Q006365,wiki-zh/5594042#c20
Q006366,wiki-zh/5594042#c11
Q006367,wiki-zh/5594042#c11
Q006368,wiki-zh/5594042#c11
Q006369,wiki-zh/5594042#c21
Q006370,wiki-zh/5594042#c21
Q006371,wiki-zh/5594042#c21
Q006372,wiki-zh/5594042#c22
Q006373,wiki-zh/5594042#c22
Q006374,wiki-zh/5594042#c22
Q006375,wiki-zh/5594042#c22
Q006376,wiki-zh/5594042#c22
Q006377,wiki-zh/5594042#c22
Q006378,wiki-zh/5594042#c22
Q006379,wiki-zh/5594042#c22
Q006380,wiki-zh/5594042#c22
Q006381,wiki-zh/5594042#c23
Q006382,wiki-zh/5594042#c23
Q006383,wiki-zh/5594042#c22
Q006384,wiki-zh/5594042#c22
Q006385,wiki-zh/5594042#c22
Q006386,wiki-zh/5594042#c22
Q006387,wiki-zh/5594042#c23
Q006388,wiki-zh/5594042#c23
Q006389,wiki-zh/5594042#c22
Q006390,wiki-zh/5594042#c22
Q006391,wiki-zh/5594042#c22
Q006392,wiki-zh/5594042#c23
Q006393,wiki-zh/5594042#c23
Q006394,wiki-zh/5594042#c23
Q006395,wiki-zh/5594042#c24
Q006396,wiki-zh/5594042#c24
Q006397,wiki-zh/5594042#c25
Q006398,wiki-zh/5594042#c25
Q006399,wiki-zh/5594042#c26
Q006400,wiki-zh/5594042#c27
Q006401,wiki-zh/5594042#c28
Q006402,wiki-zh/5594042#c29
Q006403,wiki-zh/5594042#c30
Q006404,wiki-zh/5594042#c30
Q006405,wiki-zh/5594042#c30
Q006406,wiki-zh/5594042#c30
Q006407,wiki-zh/5594042#c30
Q006408,wiki-zh/5594042#c30
Q006409,wiki-zh/5594042#c30
Q006410,wiki-zh/5594042#c30
Q006411,wiki-zh/5594042#c30
Q006412,wiki-zh/5594042#c31
Q006413,wiki-zh/5594042#c31
Q006414,wiki-zh/5594042#c32
Q006415,wiki-zh/5594042#c32
Q006416,wiki-zh/5594042#c33
Q006417,wiki-zh/5594042#c34
Q006418,wiki-zh/5594042#c35
Q006419,wiki-zh/5594042#c36
Q006420,wiki-zh/5594042#c37
Q006421,wiki-zh/5594042#c37
Q006422,wiki-zh/5594042#c37
Q006423,wiki-zh/5594042#c37
Q006424,wiki-zh/5594042#c37
Q006425,wiki-zh/5594042#c37
Q006426,wiki-zh/5594042#c37
Q006427,wiki-zh/5594042#c38
Q006428,wiki-zh/5594042#c38
Q006429,wiki-zh/5594042#c39
Q006430,wiki-zh/5594042#c39
Q006431,wiki-zh/5594042#c40
Q006432,wiki-zh/5594042#c41
Q006433,wiki-zh/5594042#c42
Q006434,wiki-zh/5594042#c43
Q006435,wiki-zh/5594042#c44
Q006436,wiki-zh/5594042#c44
Q006437,wiki-zh/5594042#c44
Q006438,wiki-zh/5594042#c44
Q006439,wiki-zh/5594042#c44
Q006440,wiki-zh/5594042#c45
Q006441,wiki-zh/5594042#c45
Q006442,wiki-zh/5594042#c46
Q006443,wiki-zh/5594042#c47
Q006444,wiki-zh/5594042#c48
Q006445,wiki-zh/5594042#c49
Q006446,wiki-zh/5594042#c50
Q006447,wiki-zh/5594042#c51
Q006448,wiki-zh/5594042#c51
Q006449,wiki-zh/5594042#c51
Q006450,wiki-zh/5594042#c51
Q006451,wiki-zh/5594042#c51
Q006452,wiki-zh/5594042#c51
Q006453,wiki-zh/5594042#c51
Q006454,wiki-zh/5594042#c51
Q006455,wiki-zh/5594042#c51
Q006456,wiki-zh/5594042#c51
Q006457,wiki-zh/5594042#c51
Q006458,wiki-zh/5594042#c51
Q006459,wiki-zh/5594042#c51
Q006460,wiki-zh/5594042#c51
Q006461,wiki-zh/5594042#c51
Q006462,wiki-zh/5594042#c51
Q006463,wiki-zh/5594042#c51
Q006464,wiki-zh/5594042#c51
Q006465,wiki-zh/5594042#c52
Q006466,wiki-zh/5594042#c52
Q006467,wiki-zh/5594042#c53
Q006468,wiki-zh/5594042#c54
Q006469,wiki-zh/5594042#c55
Q006470,wiki-zh/5594042#c56
Q006471,wiki-zh/5594042#c57
Q006472,wiki-zh/5594042#c58
Q006473,wiki-zh/5594042#c58
Q006474,wiki-zh/5594042#c58
Q006475,wiki-zh/5594042#c58
Q006476,wiki-zh/5594042#c58
Q006477,wiki-zh/5594042#c58
Q006478,wiki-zh/5594042#c58
Q006479,wiki-zh/5594042#c58
Q006480,wiki-zh/5594042#c58
Q006481,wiki-zh/5594042#c58
Q006482,wiki-zh/5594042#c58
Q006483,wiki-zh/5594042#c58
Q006484,wiki-zh/5594042#c58
Q006485,wiki-zh/5594042#c58
Q006486,wiki-zh/5594042#c58
Q006487,wiki-zh/5594042#c58
Q006488,wiki-zh/5594042#c58
Q006489,wiki-zh/5594042#c58
Q006490,wiki-zh/5594042#c58
Q006491,wiki-zh/5594042#c58
Q006492,wiki-zh/5594042#c58
Q006493,wiki-zh/5594042#c58
Q006494,wiki-zh/5594042#c58
Q006495,wiki-zh/5594042#c58
Q006496,wiki-zh/5594042#c58
Q006497,wiki-zh/5594042#c58
Q006498,wiki-zh/5594042#c58
Q006499,wiki-zh/5594042#c58
Q006500,wiki-zh/5594042#c58
Q006501,wiki-zh/5594042#c58
Q006502,wiki-zh/5594042#c58
Q006503,wiki-zh/5594042#c58
Q006504,wiki-zh/5594042#c58
Q006505,wiki-zh/5594042#c58
Q006506,wiki-zh/5594042#c58
Q006507,wiki-zh/5594042#c58
Q006508,wiki-zh/5594042#c58
Q006509,wiki-zh/5594042#c58
Q006510,wiki-zh/5594042#c58
Q006511,wiki-zh/5594042#c58
Q006512,wiki-zh/5594042#c58
Q006513,wiki-zh/5594042#c58
Q006514,wiki-zh/5594042#c58
Q006515,wiki-zh/5594042#c58
Q006516,wiki-zh/5594042#c58
Q006517,wiki-zh/5594042#c58
Q006518,wiki-zh/5594042#c58
Q006519,wiki-zh/5594042#c58
Q006520,wiki-zh/5594042#c58
Q006521,wiki-zh/5594042#c58
Q006522,wiki-zh/5594042#c58
Q006523,wiki-zh/5594042#c58
Q006524,wiki-zh/5594042#c58
Q006525,wiki-zh/5594042#c58
Q006526,wiki-zh/5594042#c58
Q006527,wiki-zh/5594042#c58
Q006528,wiki-zh/5594042#c58
Q006529,wiki-zh/5594042#c58
Q006530,wiki-zh/5594042#c58
Q006531,wiki-zh/5594042#c58
Q006532,wiki-zh/5594042#c58
Q006533,wiki-zh/5594042#c58
Q006534,wiki-zh/5594042#c58
Q006535,wiki-zh/5594042#c58
Q006536,wiki-zh/5594042#c58
Q006537,wiki-zh/5594042#c58
Q006538,wiki-zh/5594042#c58
Q006539,wiki-zh/5594042#c58
Q006540,wiki-zh/5594042#c58
Q006541,wiki-zh/5594042#c58
Q006542,wiki-zh/5594042#c58
Q006543,wiki-zh/5594042#c58
Q006544,wiki-zh/5594042#c58
Q006545,wiki-zh/5594042#c58
Q006546,wiki-zh/5594042#c58
Q006547,wiki-zh/5594042#c58
Q006548,wiki-zh/5594042#c58
Q006549,wiki-zh/5594042#c58
Q006550,wiki-zh/5594042#c58
Q006551,wiki-zh/5594042#c58
Q006552,wiki-zh/5594042#c58
Q006553,wiki-zh/5594042#c58
Q006554,wiki-zh/5594042#c58
Q006555,wiki-zh/5594042#c58
Q006556,wiki-zh/5594042#c58
Q006557,wiki-zh/5594042#c58
Q006558,wiki-zh/5594042#c58
Q006559,wiki-zh/5594042#c58
Q006560,wiki-zh/5594042#c58
Q006561,wiki-zh/5594042#c58
Q006562,wiki-zh/5594042#c58
Q006563,wiki-zh/5594042#c58
Q006564,wiki-zh/5594042#c58
Q006565,wiki-zh/5594042#c58
Q006566,wiki-zh/5594042#c58
Q006567,wiki-zh/5594042#c58
Q006568,wiki-zh/5594042#c59
Q006569,wiki-zh/5594042#c59
Q006570,wiki-zh/5594042#c60
Q006571,wiki-zh/5594042#c60
Q006572,wiki-zh/5594042#c61
Q006573,wiki-zh/5594042#c61
Q006574,wiki-zh/5594042#c61
Q006575,wiki-zh/5594042#c61
Q006576,wiki-zh/5594042#c61
Q006577,wiki-zh/5594042#c61
Q006578,wiki-zh/5594042#c61
Q006579,wiki-zh/5594042#c61
Q006580,wiki-zh/5594042#c61
Q006581,wiki-zh/5594042#c61
Q006582,wiki-zh/5594042#c61
Q006583,wiki-zh/5594042#c61
Q006584,wiki-zh/5594042#c61
Q006585,wiki-zh/574437#c0
Q006586,wiki-zh/574437#c1
Q006587,wiki-zh/574437#c1
Q006588,wiki-zh/574437#c2
Q006589,wiki-zh/574437#c2
Q006590,wiki-zh/574437#c3
Q006591,wiki-zh/574437#c3
Q006592,wiki-zh/574437#c3
Q006593,wiki-zh/574437#c4
Q006594,wiki-zh/574437#c4
Q006595,wiki-zh/574437#c5
Q006596,wiki-zh/574437#c6
Q006597,wiki-zh/574437#c6
Q006598,wiki-zh/574437#c7
Q006599,wiki-zh/574437#c7
Q006600,wiki-zh/574437#c8
Q006601,wiki-zh/574437#c8
Q006602,wiki-zh/574437#c9
Q006603,wiki-zh/574437#c9
Q006604,wiki-zh/574437#c10
Q006605,wiki-zh/574437#c11
Q006606,wiki-zh/574437#c11
Q006607,wiki-zh/574437#c12
Q006608,wiki-zh/574437#c13
Q006609,wiki-zh/574437#c14
Q006610,wiki-zh/574437#c14
Q006611,wiki-zh/574437#c15
Q006612,wiki-zh/574437#c16
Q006613,wiki-zh/574437#c16
Q006614,wiki-zh/574437#c17
Q006615,wiki-zh/574437#c18
Q006616,wiki-zh/574437#c18
Q006617,wiki-zh/574437#c19
Q006618,wiki-zh/574437#c20
Q006619,wiki-zh/574437#c20
Q006620,wiki-zh/574437#c21
Q006621,wiki-zh/574437#c21
Q006622,wiki-zh/574437#c22
Q006623,wiki-zh/574437#c23
Q006624,wiki-zh/574437#c23
Q006625,wiki-zh/574437#c19
Q006626,wiki-zh/574437#c23
Q006627,wiki-zh/574437#c24
Q006628,wiki-zh/574437#c24
Q006629,wiki-zh/574437#c24
Q006630,wiki-zh/574437#c25
Q006631,wiki-zh/574437#c25
Q006632,wiki-zh/574437#c26
Q006633,wiki-zh/574437#c24
Q006634,wiki-zh/574437#c27
Q006635,wiki-zh/574437#c27
Q006636,wiki-zh/574437#c28
Q006637,wiki-zh/574437#c28
Q006638,wiki-zh/574437#c28
Q006639,wiki-zh/574437#c29
Q006640,wiki-zh/574437#c29
Q006641,wiki-zh/574437#c29
Q006642,wiki-zh/574437#c29
Q006643,wiki-zh/574437#c29
Q006644,wiki-zh/574437#c30
Q006645,wiki-zh/574437#c31
Q006646,wiki-zh/574437#c31
Q006647,wiki-zh/574437#c32
Q006648,wiki-zh/574437#c33
Q006649,wiki-zh/574437#c33
Q006650,wiki-zh/574437#c34
Q006651,wiki-zh/574437#c34
Q006652,wiki-zh/574437#c34
Q006653,wiki-zh/574437#c34
Q006654,wiki-zh/574437#c34
Q006655,wiki-zh/574437#c35
Q006656,wiki-zh/574437#c35
Q006657,wiki-zh/574437#c34
Q006658,wiki-zh/574437#c34
Q006659,wiki-zh/574437#c34
Q006660,wiki-zh/574437#c34
Q006661,wiki-zh/574437#c34
Q006662,wiki-zh/574437#c34
Q006663,wiki-zh/574437#c34
Q006664,wiki-zh/574437#c34
Q006665,wiki-zh/574437#c34
Q006666,wiki-zh/574437#c34
Q006667,wiki-zh/574437#c34
Q006668,wiki-zh/574437#c34
Q006669,wiki-zh/574437#c34
Q006670,wiki-zh/574437#c34
Q006671,wiki-zh/574437#c34
Q006672,wiki-zh/574437#c34
Q006673,wiki-zh/574437#c34
Q006674,wiki-zh/574437#c34
Q006675,wiki-zh/574437#c34
Q006676,wiki-zh/574437#c34
Q006677,wiki-zh/574437#c36
Q006678,wiki-zh/574437#c36
Q006679,wiki-zh/574437#c37
Q006680,wiki-zh/574437#c38
Q006681,wiki-zh/574437#c38
Q006682,wiki-zh/574437#c38
Q006683,wiki-zh/574437#c38
Q006684,wiki-zh/574437#c38
Q006685,wiki-zh/574437#c38
Q006686,wiki-zh/574437#c38
Q006687,wiki-zh/574437#c38
Q006688,wiki-zh/574437#c38
Q006689,wiki-zh/574437#c38
Q006690,wiki-zh/574437#c38
Q006691,wiki-zh/574437#c38
Q006692,wiki-zh/574437#c38
Q006693,wiki-zh/574437#c38
Q006694,wiki-zh/574437#c38
Q006695,wiki-zh/574437#c38
Q006696,wiki-zh/574437#c38
Q006697,wiki-zh/574437#c38
Q006698,wiki-zh/574437#c38
Q006699,wiki-zh/574437#c38
Q006700,wiki-zh/574437#c38
Q006701,wiki-zh/574437#c39
Q006702,wiki-zh/574437#c38
Q006703,wiki-zh/574437#c38
Q006704,wiki-zh/574437#c38
Q006705,wiki-zh/574437#c38
Q006706,wiki-zh/574437#c38
Q006707,wiki-zh/574437#c38
Q006708,wiki-zh/574437#c38
Q006709,wiki-zh/574437#c38
Q006710,wiki-zh/574437#c38
Q006711,wiki-zh/574437#c40
Q006712,wiki-zh/574437#c40
Q006713,wiki-zh/574437#c41
Q006714,wiki-zh/574437#c41
Q006715,wiki-zh/574437#c38
Q006716,wiki-zh/574437#c38
Q006717,wiki-zh/574437#c38
Q006718,wiki-zh/574437#c38
Q006719,wiki-zh/574437#c38
Q006720,wiki-zh/574437#c38
Q006721,wiki-zh/574437#c38
Q006722,wiki-zh/574437#c38
Q006723,wiki-zh/574437#c38
Q006724,wiki-zh/574437#c38
Q006725,wiki-zh/574437#c38
Q006726,wiki-zh/574437#c38
Q006727,wiki-zh/574437#c38
Q006728,wiki-zh/574437#c38
Q006729,wiki-zh/574437#c38
Q006730,wiki-zh/574437#c38
Q006731,wiki-zh/574437#c38
Q006732,wiki-zh/574437#c38
Q006733,wiki-zh/574437#c38
Q006734,wiki-zh/574437#c38
Q006735,wiki-zh/574437#c38
Q006736,wiki-zh/574437#c38
Q006737,wiki-zh/574437#c38
Q006738,wiki-zh/574437#c38
Q006739,wiki-zh/574437#c38
Q006740,wiki-zh/574437#c38
Q006741,wiki-zh/574437#c38
Q006742,wiki-zh/574437#c38
Q006743,wiki-zh/574437#c38
Q006744,wiki-zh/574437#c38
Q006745,wiki-zh/574437#c38
Q006746,wiki-zh/574437#c38
Q006747,wiki-zh/574437#c38
Q006748,wiki-zh/574437#c38
Q006749,wiki-zh/574437#c38
Q006750,wiki-zh/574437#c38
Q006751,wiki-zh/574437#c38
Q006752,wiki-zh/574437#c38
Q006753,wiki-zh/574437#c38
Q006754,wiki-zh/574437#c38
Q006755,wiki-zh/574437#c38
Q006756,wiki-zh/574437#c38
Q006757,wiki-zh/574437#c38
Q006758,wiki-zh/574437#c38
Q006759,wiki-zh/574437#c38
Q006760,wiki-zh/574437#c38
Q006761,wiki-zh/574437#c38
Q006762,wiki-zh/574437#c38
Q006763,wiki-zh/574437#c38
Q006764,wiki-zh/574437#c38
Q006765,wiki-zh/574437#c38
Q006766,wiki-zh/574437#c38
Q006767,wiki-zh/574437#c38
Q006768,wiki-zh/574437#c38
Q006769,wiki-zh/574437#c42
Q006770,wiki-zh/574437#c42
Q006771,wiki-zh/574437#c43
Q006772,wiki-zh/574437#c44
Q006773,wiki-zh/574437#c44
Q006774,wiki-zh/574437#c44
Q006775,wiki-zh/574437#c44
Q006776,wiki-zh/574437#c44
Q006777,wiki-zh/574437#c44
Q006778,wiki-zh/574437#c44
Q006779,wiki-zh/574437#c44
Q006780,wiki-zh/574437#c44
Q006781,wiki-zh/574437#c44
Q006782,wiki-zh/574437#c44
Q006783,wiki-zh/574437#c44
Q006784,wiki-zh/574437#c44
Q006785,wiki-zh/574437#c44
Q006786,wiki-zh/574437#c44
Q006787,wiki-zh/574437#c44
Q006788,wiki-zh/574437#c45
Q006789,wiki-zh/574437#c45
Q006790,wiki-zh/574437#c45
Q006791,wiki-zh/574437#c45
Q006792,wiki-zh/574437#c45
Q006793,wiki-zh/574437#c45
Q006794,wiki-zh/574437#c45
Q006795,wiki-zh/574437#c45
Q006796,wiki-zh/574437#c45
Q006797,wiki-zh/574437#c24
Q006798,wiki-zh/574437#c24
Q006799,wiki-zh/574437#c24
Q006800,wiki-zh/574437#c24
Q006801,wiki-zh/574437#c24
Q006802,wiki-zh/574437#c24
Q006803,wiki-zh/574437#c24
Q006804,wiki-zh/574437#c24
Q006805,wiki-zh/574437#c46
Q006806,wiki-zh/574437#c46
Q006807,wiki-zh/574437#c46
Q006808,wiki-zh/574437#c46
Q006809,wiki-zh/574437#c46
Q006810,wiki-zh/574437#c46
Q006811,wiki-zh/574437#c46
Q006812,wiki-zh/574437#c46
Q006813,wiki-zh/574437#c47
Q006814,wiki-zh/574437#c47
Q006815,wiki-zh/574437#c47
Q006816,wiki-zh/574437#c47
Q006817,wiki-zh/574437#c48
Q006818,wiki-zh/574437#c48
Q006819,wiki-zh/574437#c48
Q006820,wiki-zh/574437#c48
Q006821,wiki-zh/574437#c48
Q006822,wiki-zh/574437#c49
Q006823,wiki-zh/574437#c49
Q006824,wiki-zh/574437#c49
Q006825,wiki-zh/574437#c50
Q006826,wiki-zh/574437#c50
Q006827,wiki-zh/574437#c51
Q006828,wiki-zh/574437#c51
Q006829,wiki-zh/574437#c51
Q006830,wiki-zh/574437#c51
Q006831,wiki-zh/574437#c51
Q006832,wiki-zh/574437#c51
Q006833,wiki-zh/574437#c51
Q006834,wiki-zh/574437#c51
Q006835,wiki-zh/574437#c51
Q006836,wiki-zh/574437#c52
Q006837,wiki-zh/574437#c52
Q006838,wiki-zh/574437#c52
Q006839,wiki-zh/574437#c53
Q006840,wiki-zh/574437#c53
Q006841,wiki-zh/574437#c54
Q006842,wiki-zh/574437#c53
Q006843,wiki-zh/574437#c53
Q006844,wiki-zh/574437#c53
Q006845,wiki-zh/574437#c53
Q006846,wiki-zh/574437#c53
Q006847,wiki-zh/574437#c53
Q006848,wiki-zh/574437#c53
Q006849,wiki-zh/574437#c53
Q006850,wiki-zh/574437#c53
Q006851,wiki-zh/574437#c53
Q006852,wiki-zh/574437#c55
Q006853,wiki-zh/574437#c55
Q006854,wiki-zh/574437#c56
Q006855,wiki-zh/574437#c55
Q006856,wiki-zh/574437#c55
Q006857,wiki-zh/574437#c55
Q006858,wiki-zh/574437#c55
Q006859,wiki-zh/574437#c55
Q006860,wiki-zh/574437#c55
Q006861,wiki-zh/574437#c55
Q006862,wiki-zh/574437#c55
Q006863,wiki-zh/574437#c55
Q006864,wiki-zh/574437#c55
Q006865,wiki-zh/574437#c55
Q006866,wiki-zh/574437#c55
Q006867,wiki-zh/574437#c55
Q006868,wiki-zh/574437#c55
Q006869,wiki-zh/574437#c55
Q006870,wiki-zh/574437#c55
Q006871,wiki-zh/574437#c55
Q006872,wiki-zh/574437#c55
Q006873,wiki-zh/574437#c55
Q006874,wiki-zh/606#c0
Q006875,wiki-zh/606#c1
Q006876,wiki-zh/606#c2
Q006877,wiki-zh/606#c3
Q006878,wiki-zh/606#c4
Q006879,wiki-zh/606#c4
Q006880,wiki-zh/606#c5
Q006881,wiki-zh/606#c5
Q006882,wiki-zh/606#c5
Q006883,wiki-zh/606#c5
Q006884,wiki-zh/606#c5
Q006885,wiki-zh/606#c5
Q006886,wiki-zh/606#c5
Q006887,wiki-zh/606#c6
Q006888,wiki-zh/606#c6
Q006889,wiki-zh/606#c6
Q006890,wiki-zh/606#c7
Q006891,wiki-zh/606#c7
Q006892,wiki-zh/606#c7
Q006893,wiki-zh/606#c7
Q006894,wiki-zh/606#c7
Q006895,wiki-zh/606#c7
Q006896,wiki-zh/606#c7
Q006897,wiki-zh/606#c7
Q006898,wiki-zh/606#c7
Q006899,wiki-zh/606#c7
Q006900,wiki-zh/606#c7
Q006901,wiki-zh/606#c7
Q006902,wiki-zh/606#c7
Q006903,wiki-zh/606#c7
Q006904,wiki-zh/606#c8
Q006905,wiki-zh/606#c8
Q006906,wiki-zh/606#c8
Q006907,wiki-zh/606#c8
Q006908,wiki-zh/606#c8
Q006909,wiki-zh/606#c8
Q006910,wiki-zh/606#c9
Q006911,wiki-zh/606#c9
Q006912,wiki-zh/606#c9
Q006913,wiki-zh/606#c10
Q006914,wiki-zh/606#c10
Q006915,wiki-zh/606#c10
Q006916,wiki-zh/606#c10
Q006917,wiki-zh/606#c10
Q006918,wiki-zh/606#c10
Q006919,wiki-zh/606#c11
Q006920,wiki-zh/606#c11
Q006921,wiki-zh/606#c11
Q006922,wiki-zh/606#c11
Q006923,wiki-zh/606#c12
Q006924,wiki-zh/606#c12
Q006925,wiki-zh/606#c13
Q006926,wiki-zh/606#c12
Q006927,wiki-zh/606#c12
Q006928,wiki-zh/606#c14
Q006929,wiki-zh/606#c14
Q006930,wiki-zh/606#c15
Q006931,wiki-zh/606#c15
Q006932,wiki-zh/606#c15
Q006933,wiki-zh/606#c16
Q006934,wiki-zh/606#c16
Q006935,wiki-zh/606#c17
Q006936,wiki-zh/606#c17
Q006937,wiki-zh/606#c16
Q006938,wiki-zh/606#c16
Q006939,wiki-zh/606#c16
Q006940,wiki-zh/606#c16
Q006941,wiki-zh/606#c16
Q006942,wiki-zh/606#c16
Q006943,wiki-zh/606#c17
Q006944,wiki-zh/606#c16
Q006945,wiki-zh/606#c16
Q006946,wiki-zh/606#c17
Q006947,wiki-zh/606#c17
Q006948,wiki-zh/606#c18
Q006949,wiki-zh/606#c18
Q006950,wiki-zh/606#c18
Q006951,wiki-zh/606#c18
Q006952,wiki-zh/606#c19
Q006953,wiki-zh/606#c19
Q006954,wiki-zh/606#c19
Q006955,wiki-zh/606#c19
Q006956,wiki-zh/606#c20
Q006957,wiki-zh/606#c20
Q006958,wiki-zh/606#c20
Q006959,wiki-zh/606#c20
Q006960,wiki-zh/606#c21
Q006961,wiki-zh/606#c21
Q006962,wiki-zh/606#c22
Q006963,wiki-zh/606#c22
Q006964,wiki-zh/606#c22
Q006965,wiki-zh/606#c23
Q006966,wiki-zh/606#c24
Q006967,wiki-zh/606#c25
Q006968,wiki-zh/606#c25
Q006969,wiki-zh/606#c26
Q006970,wiki-zh/606#c27
Q006971,wiki-zh/606#c27
Q006972,wiki-zh/606#c28
Q006973,wiki-zh/606#c28
Q006974,wiki-zh/606#c28
Q006975,wiki-zh/606#c29
Q006976,wiki-zh/606#c29
Q006977,wiki-zh/606#c29
Q006978,wiki-zh/606#c30
Q006979,wiki-zh/606#c30
Q006980,wiki-zh/606#c30
Q006981,wiki-zh/606#c30
Q006982,wiki-zh/606#c31
Q006983,wiki-zh/606#c31
Q006984,wiki-zh/606#c31
Q006985,wiki-zh/606#c32
Q006986,wiki-zh/606#c32
Q006987,wiki-zh/606#c31
Q006988,wiki-zh/606#c31
Q006989,wiki-zh/606#c33
Q006990,wiki-zh/606#c33
Q006991,wiki-zh/606#c34
Q006992,wiki-zh/606#c34
Q006993,wiki-zh/606#c35
Q006994,wiki-zh/606#c35
Q006995,wiki-zh/606#c36
Q006996,wiki-zh/606#c36
Q006997,wiki-zh/606#c37
Q006998,wiki-zh/606#c37
Q006999,wiki-zh/606#c37
Q007000,wiki-zh/606#c38
Q007001,wiki-zh/606#c38
Q007002,wiki-zh/606#c35
Q007003,wiki-zh/606#c39
Q007004,wiki-zh/606#c39
Q007005,wiki-zh/606#c40
Q007006,wiki-zh/606#c40
Q007007,wiki-zh/606#c40
Q007008,wiki-zh/606#c40
Q007009,wiki-zh/606#c41
Q007010,wiki-zh/606#c41
Q007011,wiki-zh/606#c40
Q007012,wiki-zh/606#c40
Q007013,wiki-zh/606#c40
Q007014,wiki-zh/606#c40
Q007015,wiki-zh/606#c40
Q007016,wiki-zh/606#c40
Q007017,wiki-zh/606#c42
Q007018,wiki-zh/606#c42
Q007019,wiki-zh/606#c43
Q007020,wiki-zh/606#c43
Q007021,wiki-zh/606#c43
Q007022,wiki-zh/606#c43
Q007023,wiki-zh/606#c42
Q007024,wiki-zh/606#c42
Q007025,wiki-zh/606#c44
Q007026,wiki-zh/606#c44
Q007027,wiki-zh/606#c42
Q007028,wiki-zh/606#c44
Q007029,wiki-zh/606#c44
Q007030,wiki-zh/606#c44
Q007031,wiki-zh/606#c44
Q007032,wiki-zh/606#c45
Q007033,wiki-zh/606#c45
Q007034,wiki-zh/606#c45
Q007035,wiki-zh/606#c45
Q007036,wiki-zh/606#c45
Q007037,wiki-zh/606#c45
Q007038,wiki-zh/606#c45
Q007039,wiki-zh/606#c45
Q007040,wiki-zh/606#c45
Q007041,wiki-zh/606#c45
Q007042,wiki-zh/606#c45
Q007043,wiki-zh/606#c45
Q007044,wiki-zh/606#c45
Q007045,wiki-zh/606#c46
Q007046,wiki-zh/606#c46
Q007047,wiki-zh/606#c45
Q007048,wiki-zh/606#c45
Q007049,wiki-zh/606#c45
Q007050,wiki-zh/606#c45
Q007051,wiki-zh/606#c47
Q007052,wiki-zh/606#c47
Q007053,wiki-zh/606#c47
Q007054,wiki-zh/606#c47
Q007055,wiki-zh/606#c47
Q007056,wiki-zh/606#c47
Q007057,wiki-zh/606#c47
Q007058,wiki-zh/606#c48
Q007059,wiki-zh/606#c48
Q007060,wiki-zh/606#c48
Q007061,wiki-zh/606#c48
Q007062,wiki-zh/606#c48
Q007063,wiki-zh/606#c49
Q007064,wiki-zh/606#c49
Q007065,wiki-zh/606#c49
Q007066,wiki-zh/606#c49
Q007067,wiki-zh/606#c11
Q007068,wiki-zh/606#c11
Q007069,wiki-zh/606#c50
Q007070,wiki-zh/606#c50
Q007071,wiki-zh/606#c50
Q007072,wiki-zh/606#c51
Q007073,wiki-zh/606#c51
Q007074,wiki-zh/606#c52
Q007075,wiki-zh/606#c52
Q007076,wiki-zh/606#c53
Q007077,wiki-zh/606#c53
Q007078,wiki-zh/606#c53
Q007079,wiki-zh/606#c53
Q007080,wiki-zh/606#c53
Q007081,wiki-zh/606#c53
Q007082,wiki-zh/606#c53
Q007083,wiki-zh/606#c53
Q007084,wiki-zh/606#c53
Q007085,wiki-zh/606#c53
Q007086,wiki-zh/606#c53
Q007087,wiki-zh/606#c53
Q007088,wiki-zh/606#c53
Q007089,wiki-zh/606#c54
Q007090,wiki-zh/606#c53
Q007091,wiki-zh/606#c53
Q007092,wiki-zh/606#c53
Q007093,wiki-zh/606#c53
Q007094,wiki-zh/606#c53
Q007095,wiki-zh/606#c53
Q007096,wiki-zh/606#c53
Q007097,wiki-zh/606#c53
Q007098,wiki-zh/606#c53
Q007099,wiki-zh/606#c53
Q007100,wiki-zh/606#c53
Q007101,wiki-zh/606#c53
Q007102,wiki-zh/606#c50
Q007103,wiki-zh/606#c50
Q007104,wiki-zh/606#c55
Q007105,wiki-zh/606#c56
Q007106,wiki-zh/606#c56
Q007107,wiki-zh/606#c57
Q007108,wiki-zh/606#c57
Q007109,wiki-zh/606#c58
Q007110,wiki-zh/606#c58
Q007111,wiki-zh/606#c59
Q007112,wiki-zh/606#c59
Q007113,wiki-zh/606#c60
Q007114,wiki-zh/606#c60
Q007115,wiki-zh/606#c61
Q007116,wiki-zh/606#c61
Q007117,wiki-zh/606#c61
Q007118,wiki-zh/606#c61
Q007119,wiki-zh/606#c61
Q007120,wiki-zh/606#c62
Q007121,wiki-zh/606#c62
Q007122,wiki-zh/606#c63
Q007123,wiki-zh/606#c63
Q007124,wiki-zh/606#c64
Q007125,wiki-zh/606#c64
Q007126,wiki-zh/606#c65
Q007127,wiki-zh/606#c65
Q007128,wiki-zh/606#c63
Q007129,wiki-zh/606#c63
Q007130,wiki-zh/606#c66
Q007131,wiki-zh/606#c66
Q007132,wiki-zh/606#c66
Q007133,wiki-zh/606#c67
Q007134,wiki-zh/606#c67
Q007135,wiki-zh/606#c68
Q007136,wiki-zh/606#c68
Q007137,wiki-zh/606#c69
Q007138,wiki-zh/606#c69
Q007139,wiki-zh/606#c69
Q007140,wiki-zh/606#c69
Q007141,wiki-zh/606#c69
Q007142,wiki-zh/606#c70
Q007143,wiki-zh/606#c70
Q007144,wiki-zh/606#c70
Q007145,wiki-zh/606#c71
Q007146,wiki-zh/606#c71
Q007147,wiki-zh/606#c72
Q007148,wiki-zh/606#c72
Q007149,wiki-zh/606#c72
Q007150,wiki-zh/606#c73
Q007151,wiki-zh/606#c73
Q007152,wiki-zh/606#c74
Q007153,wiki-zh/606#c74
Q007154,wiki-zh/606#c74
Q007155,wiki-zh/606#c74
Q007156,wiki-zh/606#c74
Q007157,wiki-zh/606#c74
Q007158,wiki-zh/606#c74
Q007159,wiki-zh/606#c74
Q007160,wiki-zh/606#c74
Q007161,wiki-zh/606#c74
Q007162,wiki-zh/606#c74
Q007163,wiki-zh/606#c74
Q007164,wiki-zh/606#c75
Q007165,wiki-zh/606#c75
Q007166,wiki-zh/606#c75
Q007167,wiki-zh/606#c75
Q007168,wiki-zh/606#c75
Q007169,wiki-zh/606#c75
Q007170,wiki-zh/606#c75
Q007171,wiki-zh/606#c75
Q007172,wiki-zh/606#c75
Q007173,wiki-zh/6088480#c0
Q007174,wiki-zh/6088480#c0
Q007175,wiki-zh/6088480#c0
Q007176,wiki-zh/6088480#c0
Q007177,wiki-zh/6088480#c1
Q007178,wiki-zh/6088480#c0
Q007179,wiki-zh/6088480#c2
Q007180,wiki-zh/6088480#c2
Q007181,wiki-zh/6088480#c0
Q007182,wiki-zh/6088480#c0
Q007183,wiki-zh/6088480#c0
Q007184,wiki-zh/6088480#c0
Q007185,wiki-zh/6088480#c0
Q007186,wiki-zh/6088480#c0
Q007187,wiki-zh/6088480#c0
Q007188,wiki-zh/6088480#c0
Q007189,wiki-zh/6088480#c0
Q007190,wiki-zh/6088480#c0
Q007191,wiki-zh/6088480#c0
Q007192,wiki-zh/6088480#c0
Q007193,wiki-zh/6088480#c0
Q007194,wiki-zh/6088480#c0
Q007195,wiki-zh/6088480#c0
Q007196,wiki-zh/6088480#c0
Q007197,wiki-zh/6088480#c0
Q007198,wiki-zh/6088480#c0
Q007199,wiki-zh/6088480#c0
Q007200,wiki-zh/6088480#c0
Q007201,wiki-zh/6088480#c0
Q007202,wiki-zh/6088480#c0
Q007203,wiki-zh/6088480#c0
Q007204,wiki-zh/6088480#c0
Q007205,wiki-zh/6088480#c0
Q007206,wiki-zh/6088480#c0
Q007207,wiki-zh/6088480#c0
Q007208,wiki-zh/6088480#c0
Q007209,wiki-zh/6088480#c0
Q007210,wiki-zh/6088480#c0
Q007211,wiki-zh/6088480#c0
Q007212,wiki-zh/6088480#c0
Q007213,wiki-zh/6088480#c0
Q007214,wiki-zh/6088480#c0
Q007215,wiki-zh/6088480#c0
Q007216,wiki-zh/6088480#c0
Q007217,wiki-zh/6088480#c0
Q007218,wiki-zh/6088480#c0
Q007219,wiki-zh/6088480#c0
Q007220,wiki-zh/6088480#c0
Q007221,wiki-zh/6088480#c0
Q007222,wiki-zh/6088480#c0
Q007223,wiki-zh/6088480#c0
Q007224,wiki-zh/6088480#c0
Q007225,wiki-zh/6088480#c0
Q007226,wiki-zh/6088480#c0
Q007227,wiki-zh/6088480#c0
Q007228,wiki-zh/6088480#c0
Q007229,wiki-zh/6088480#c0
Q007230,wiki-zh/6088480#c3
Q007231,wiki-zh/6088480#c3
Q007232,wiki-zh/6088480#c4
Q007233,wiki-zh/6088480#c4
Q007234,wiki-zh/6088480#c4
Q007235,wiki-zh/6088480#c4
Q007236,wiki-zh/6088480#c4
Q007237,wiki-zh/6088480#c4
Q007238,wiki-zh/6088480#c4
Q007239,wiki-zh/6088480#c4
Q007240,wiki-zh/6088480#c4
Q007241,wiki-zh/6088480#c5
Q007242,wiki-zh/6088480#c5
Q007243,wiki-zh/6088480#c5
Q007244,wiki-zh/6088480#c6
Q007245,wiki-zh/6088480#c7
Q007246,wiki-zh/6088480#c8
Q007247,wiki-zh/6088480#c8
Q007248,wiki-zh/6088480#c8
Q007249,wiki-zh/6088480#c8
Q007250,wiki-zh/6088480#c8
Q007251,wiki-zh/6088480#c8
Q007252,wiki-zh/6088480#c8
Q007253,wiki-zh/6088480#c8
Q007254,wiki-zh/6088480#c8
Q007255,wiki-zh/6088480#c8
Q007256,wiki-zh/6088480#c8
Q007257,wiki-zh/6088480#c8
Q007258,wiki-zh/6088480#c8
Q007259,wiki-zh/6088480#c8
Q007260,wiki-zh/6088480#c8
Q007261,wiki-zh/6088480#c8
Q007262,wiki-zh/6088480#c8
Q007263,wiki-zh/6088480#c8
Q007264,wiki-zh/6088480#c8
Q007265,wiki-zh/6088480#c8
Q007266,wiki-zh/6088480#c8
Q007267,wiki-zh/6088480#c8
Q007268,wiki-zh/6088480#c8
Q007269,wiki-zh/6088480#c8
Q007270,wiki-zh/6088480#c8
Q007271,wiki-zh/6088480#c8
Q007272,wiki-zh/6088480#c8
Q007273,wiki-zh/6088480#c8
Q007274,wiki-zh/6088480#c8
Q007275,wiki-zh/6088480#c8
Q007276,wiki-zh/6088480#c8
Q007277,wiki-zh/6088480#c8
Q007278,wiki-zh/6088480#c8
Q007279,wiki-zh/6088480#c8
Q007280,wiki-zh/6088480#c8
Q007281,wiki-zh/6088480#c8
Q007282,wiki-zh/6088480#c8
Q007283,wiki-zh/6088480#c8
Q007284,wiki-zh/6088480#c8
Q007285,wiki-zh/6088480#c8
Q007286,wiki-zh/6088480#c8
Q007287,wiki-zh/6088480#c8
Q007288,wiki-zh/6088480#c8
Q007289,wiki-zh/6088480#c8
Q007290,wiki-zh/6088480#c9
Q007291,wiki-zh/6088480#c10
Q007292,wiki-zh/6088480#c10
Q007293,wiki-zh/6088480#c8
Q007294,wiki-zh/6088480#c8
Q007295,wiki-zh/6088480#c8
Q007296,wiki-zh/6088480#c8
Q007297,wiki-zh/6088480#c8
Q007298,wiki-zh/6088480#c8
Q007299,wiki-zh/6088480#c8
Q007300,wiki-zh/6088480#c8
Q007301,wiki-zh/6088480#c8
Q007302,wiki-zh/6088480#c8
Q007303,wiki-zh/6088480#c8
Q007304,wiki-zh/6088480#c8
Q007305,wiki-zh/6088480#c8
Q007306,wiki-zh/6088480#c8
Q007307,wiki-zh/6088480#c8
Q007308,wiki-zh/6088480#c8
Q007309,wiki-zh/6088480#c11
Q007310,wiki-zh/6088480#c11
Q007311,wiki-zh/6088480#c12
Q007312,wiki-zh/6088480#c12
Q007313,wiki-zh/6088480#c13
Q007314,wiki-zh/6088480#c13
Q007315,wiki-zh/6088480#c14
Q007316,wiki-zh/6088480#c15
Q007317,wiki-zh/6088480#c13
Q007318,wiki-zh/6088480#c8
Q007319,wiki-zh/6088480#c8
Q007320,wiki-zh/6088480#c8
Q007321,wiki-zh/6088480#c16
Q007322,wiki-zh/6088480#c16
Q007323,wiki-zh/6088480#c16
Q007324,wiki-zh/6088480#c17
Q007325,wiki-zh/6088480#c8
Q007326,wiki-zh/6088480#c8
Q007327,wiki-zh/6088480#c16
Q007328,wiki-zh/6088480#c8
Q007329,wiki-zh/6088480#c16
Q007330,wiki-zh/6088480#c16
Q007331,wiki-zh/6088480#c16
Q007332,wiki-zh/6088480#c16
Q007333,wiki-zh/6088480#c18
Q007334,wiki-zh/6088480#c8
Q007335,wiki-zh/6088480#c8
Q007336,wiki-zh/6088480#c8
Q007337,wiki-zh/6088480#c19
Q007338,wiki-zh/6088480#c19
Q007339,wiki-zh/6088480#c19
Q007340,wiki-zh/6088480#c19
Q007341,wiki-zh/6088480#c19
Q007342,wiki-zh/6088480#c19
Q007343,wiki-zh/6088480#c19
Q007344,wiki-zh/6088480#c19
Q007345,wiki-zh/6088480#c19
Q007346,wiki-zh/6088480#c19
Q007347,wiki-zh/6088480#c19
Q007348,wiki-zh/6088480#c19
Q007349,wiki-zh/6088480#c19
Q007350,wiki-zh/6088480#c19
Q007351,wiki-zh/6088480#c19
Q007352,wiki-zh/6088480#c19
Q007353,wiki-zh/6088480#c19
Q007354,wiki-zh/6088480#c19
Q007355,wiki-zh/6088480#c19
Q007356,wiki-zh/6088480#c19
Q007357,wiki-zh/6088480#c19
Q007358,wiki-zh/6088480#c19
Q007359,wiki-zh/6088480#c19
Q007360,wiki-zh/6088480#c19
Q007361,wiki-zh/6088480#c19
Q007362,wiki-zh/6088480#c19
Q007363,wiki-zh/6088480#c19
Q007364,wiki-zh/6088480#c19
Q007365,wiki-zh/6088480#c19
Q007366,wiki-zh/6088480#c19
Q007367,wiki-zh/6088480#c19
Q007368,wiki-zh/6088480#c19
Q007369,wiki-zh/6088480#c19
Q007370,wiki-zh/6088480#c19
Q007371,wiki-zh/6088480#c19
Q007372,wiki-zh/6088480#c19
Q007373,wiki-zh/6088480#c20
Q007374,wiki-zh/6088480#c21
Q007375,wiki-zh/6088480#c22
Q007376,wiki-zh/6088480#c22
Q007377,wiki-zh/6088480#c23
Q007378,wiki-zh/6088480#c23
Q007379,wiki-zh/6098487#c0
Q007380,wiki-zh/6098487#c1
Q007381,wiki-zh/6098487#c1
Q007382,wiki-zh/6098487#c2
Q007383,wiki-zh/6098487#c2
Q007384,wiki-zh/6098487#c2
Q007385,wiki-zh/6098487#c3
Q007386,wiki-zh/6098487#c3
Q007387,wiki-zh/6098487#c4
Q007388,wiki-zh/6098487#c4
Q007389,wiki-zh/6098487#c4
Q007390,wiki-zh/6098487#c4
Q007391,wiki-zh/6098487#c4
Q007392,wiki-zh/6098487#c5
Q007393,wiki-zh/6098487#c5
Q007394,wiki-zh/6098487#c5
Q007395,wiki-zh/6098487#c5
Q007396,wiki-zh/6098487#c6
Q007397,wiki-zh/6098487#c6
Q007398,wiki-zh/6098487#c7
Q007399,wiki-zh/6098487#c7
Q007400,wiki-zh/6098487#c7
Q007401,wiki-zh/6098487#c7
Q007402,wiki-zh/6098487#c7
Q007403,wiki-zh/6098487#c7
Q007404,wiki-zh/6098487#c7
Q007405,wiki-zh/6098487#c8
Q007406,wiki-zh/6098487#c8
Q007407,wiki-zh/6098487#c8
Q007408,wiki-zh/6098487#c7
Q007409,wiki-zh/6098487#c8
Q007410,wiki-zh/6098487#c8
Q007411,wiki-zh/6098487#c8
Q007412,wiki-zh/6098487#c7
Q007413,wiki-zh/6098487#c8
Q007414,wiki-zh/6098487#c8
Q007415,wiki-zh/6098487#c8
Q007416,wiki-zh/6098487#c8
Q007417,wiki-zh/6098487#c8
Q007418,wiki-zh/6098487#c8
Q007419,wiki-zh/6098487#c8
Q007420,wiki-zh/6098487#c8
Q007421,wiki-zh/6098487#c8
Q007422,wiki-zh/6098487#c8
Q007423,wiki-zh/6098487#c8
Q007424,wiki-zh/6098487#c8
Q007425,wiki-zh/6098487#c8
Q007426,wiki-zh/6098487#c8
Q007427,wiki-zh/6098487#c8
Q007428,wiki-zh/6098487#c8
Q007429,wiki-zh/6098487#c8
Q007430,wiki-zh/6098487#c8
Q007431,wiki-zh/6098487#c8
Q007432,wiki-zh/6098487#c8
Q007433,wiki-zh/6098487#c8
Q007434,wiki-zh/6098487#c9
Q007435,wiki-zh/6098487#c9
Q007436,wiki-zh/6098487#c9
Q007437,wiki-zh/6098487#c9
Q007438,wiki-zh/6098487#c9
Q007439,wiki-zh/6098487#c9
Q007440,wiki-zh/6098487#c9
Q007441,wiki-zh/6098487#c9
Q007442,wiki-zh/6098487#c9
Q007443,wiki-zh/6098487#c9
Q007444,wiki-zh/6098487#c9
Q007445,wiki-zh/6098487#c9
Q007446,wiki-zh/6098487#c9
Q007447,wiki-zh/6098487#c9
Q007448,wiki-zh/6098487#c9
Q007449,wiki-zh/6098487#c9
Q007450,wiki-zh/6098487#c9
Q007451,wiki-zh/6098487#c9
Q007452,wiki-zh/6098487#c9
Q007453,wiki-zh/6098487#c9
Q007454,wiki-zh/6098487#c9
Q007455,wiki-zh/6098487#c9
Q007456,wiki-zh/6098487#c9
Q007457,wiki-zh/6098487#c9
Q007458,wiki-zh/6098487#c9
Q007459,wiki-zh/6098487#c9
Q007460,wiki-zh/6098487#c9
Q007461,wiki-zh/6098487#c9
Q007462,wiki-zh/6098487#c9
Q007463,wiki-zh/6098487#c9
Q007464,wiki-zh/6098487#c9
Q007465,wiki-zh/6098487#c10
Q007466,wiki-zh/6098487#c10
Q007467,wiki-zh/6098487#c10
Q007468,wiki-zh/6098487#c10
Q007469,wiki-zh/6098487#c10
Q007470,wiki-zh/6098487#c10
Q007471,wiki-zh/6098487#c10
Q007472,wiki-zh/6098487#c10
Q007473,wiki-zh/6098487#c10
Q007474,wiki-zh/6098487#c10
Q007475,wiki-zh/6098487#c11
Q007476,wiki-zh/6098487#c11
Q007477,wiki-zh/6098487#c10
Q007478,wiki-zh/6098487#c10
Q007479,wiki-zh/6098487#c10
Q007480,wiki-zh/6098487#c10
Q007481,wiki-zh/6098487#c10
Q007482,wiki-zh/6098487#c10
Q007483,wiki-zh/6098487#c10
Q007484,wiki-zh/6098487#c10
Q007485,wiki-zh/6098487#c10
Q007486,wiki-zh/6098487#c10
Q007487,wiki-zh/6098487#c12
Q007488,wiki-zh/6098487#c12
Q007489,wiki-zh/6098487#c12
Q007490,wiki-zh/6098487#c12
Q007491,wiki-zh/6098487#c12
Q007492,wiki-zh/6098487#c12
Q007493,wiki-zh/6098487#c12
Q007494,wiki-zh/6098487#c12
Q007495,wiki-zh/6098487#c12
Q007496,wiki-zh/6098487#c12
Q007497,wiki-zh/6098487#c12
Q007498,wiki-zh/6098487#c12
Q007499,wiki-zh/6098487#c12
Q007500,wiki-zh/6098487#c12
Q007501,wiki-zh/6098487#c12
Q007502,wiki-zh/6098487#c12
Q007503,wiki-zh/6098487#c12
Q007504,wiki-zh/6098487#c12
Q007505,wiki-zh/6098487#c12
Q007506,wiki-zh/6098487#c12
Q007507,wiki-zh/6098487#c12
Q007508,wiki-zh/6098487#c12
Q007509,wiki-zh/6098487#c12
Q007510,wiki-zh/6098487#c12
Q007511,wiki-zh/6098487#c12
Q007512,wiki-zh/6098487#c12
Q007513,wiki-zh/6098487#c12
Q007514,wiki-zh/6098487#c12
Q007515,wiki-zh/6098487#c12
Q007516,wiki-zh/6098487#c12
Q007517,wiki-zh/6098487#c12
Q007518,wiki-zh/6098487#c12
Q007519,wiki-zh/6098487#c12
Q007520,wiki-zh/6098487#c12
Q007521,wiki-zh/6098487#c12
Q007522,wiki-zh/6098487#c12
Q007523,wiki-zh/6098487#c12
Q007524,wiki-zh/6098487#c12
Q007525,wiki-zh/6098487#c13
Q007526,wiki-zh/6098487#c13
Q007527,wiki-zh/6098487#c12
Q007528,wiki-zh/6098487#c12
Q007529,wiki-zh/6098487#c12
Q007530,wiki-zh/6098487#c12
Q007531,wiki-zh/6098487#c12
Q007532,wiki-zh/6098487#c12
Q007533,wiki-zh/6098487#c12
Q007534,wiki-zh/6098487#c12
Q007535,wiki-zh/6098487#c14
Q007536,wiki-zh/6098487#c14
Q007537,wiki-zh/6098487#c15
Q007538,wiki-zh/6098487#c15
Q007539,wiki-zh/6098487#c15
Q007540,wiki-zh/6098487#c14
Q007541,wiki-zh/6098487#c15
Q007542,wiki-zh/6098487#c15
Q007543,wiki-zh/6098487#c15
Q007544,wiki-zh/6098487#c15
Q007545,wiki-zh/6098487#c15
Q007546,wiki-zh/6098487#c15
Q007547,wiki-zh/6098487#c15
Q007548,wiki-zh/6098487#c15
Q007549,wiki-zh/6098487#c15
Q007550,wiki-zh/6098487#c15
Q007551,wiki-zh/6098487#c15
Q007552,wiki-zh/6098487#c15
Q007553,wiki-zh/6098487#c15
Q007554,wiki-zh/6098487#c15
Q007555,wiki-zh/6098487#c15
Q007556,wiki-zh/6098487#c15
Q007557,wiki-zh/6098487#c15
Q007558,wiki-zh/6098487#c15
Q007559,wiki-zh/6098487#c15
Q007560,wiki-zh/6098487#c15
Q007561,wiki-zh/6098487#c15
Q007562,wiki-zh/6098487#c15
Q007563,wiki-zh/6098487#c15
Q007564,wiki-zh/6098487#c15
Q007565,wiki-zh/6098487#c15
Q007566,wiki-zh/6098487#c15
Q007567,wiki-zh/6098487#c15
Q007568,wiki-zh/6098487#c15
Q007569,wiki-zh/6098487#c15
Q007570,wiki-zh/6098487#c15
Q007571,wiki-zh/6098487#c15
Q007572,wiki-zh/6098487#c15
Q007573,wiki-zh/6098487#c15
Q007574,wiki-zh/6098487#c15
Q007575,wiki-zh/6098487#c15
Q007576,wiki-zh/6098487#c15
Q007577,wiki-zh/6098487#c15
Q007578,wiki-zh/6098487#c15
Q007579,wiki-zh/6098487#c15
Q007580,wiki-zh/6098487#c15
Q007581,wiki-zh/6098487#c15
Q007582,wiki-zh/6137987#c0
Q007583,wiki-zh/6137987#c0
Q007584,wiki-zh/6137987#c1
Q007585,wiki-zh/6137987#c1
Q007586,wiki-zh/6137987#c2
Q007587,wiki-zh/6137987#c2
Q007588,wiki-zh/6137987#c2
Q007589,wiki-zh/6137987#c2
Q007590,wiki-zh/6137987#c2
Q007591,wiki-zh/6137987#c2
Q007592,wiki-zh/6137987#c2
Q007593,wiki-zh/6137987#c2
Q007594,wiki-zh/6137987#c2
Q007595,wiki-zh/6137987#c2
Q007596,wiki-zh/6137987#c3
Q007597,wiki-zh/6137987#c3
Q007598,wiki-zh/6137987#c4
Q007599,wiki-zh/6137987#c5
Q007600,wiki-zh/6137987#c5
Q007601,wiki-zh/6137987#c5
Q007602,wiki-zh/6137987#c6
Q007603,wiki-zh/6137987#c6
Q007604,wiki-zh/6137987#c6
Q007605,wiki-zh/6137987#c6
Q007606,wiki-zh/6137987#c6
Q007607,wiki-zh/6137987#c7
Q007608,wiki-zh/6137987#c7
Q007609,wiki-zh/6137987#c7
Q007610,wiki-zh/6137987#c7
Q007611,wiki-zh/6137987#c7
Q007612,wiki-zh/6137987#c8
Q007613,wiki-zh/6137987#c8
Q007614,wiki-zh/6137987#c8
Q007615,wiki-zh/6137987#c9
Q007616,wiki-zh/6137987#c9
Q007617,wiki-zh/6137987#c9
Q007618,wiki-zh/6137987#c9
Q007619,wiki-zh/6137987#c9
Q007620,wiki-zh/6137987#c9
Q007621,wiki-zh/6137987#c10
Q007622,wiki-zh/6137987#c10
Q007623,wiki-zh/6137987#c11
Q007624,wiki-zh/6137987#c11
Q007625,wiki-zh/6137987#c11
Q007626,wiki-zh/6137987#c11
Q007627,wiki-zh/6137987#c11
Q007628,wiki-zh/6137987#c11
Q007629,wiki-zh/6137987#c12
Q007630,wiki-zh/6137987#c12
Q007631,wiki-zh/6137987#c12
Q007632,wiki-zh/6137987#c12
Q007633,wiki-zh/6137987#c13
Q007634,wiki-zh/6137987#c13
Q007635,wiki-zh/6137987#c13
Q007636,wiki-zh/6137987#c13
Q007637,wiki-zh/6137987#c14
Q007638,wiki-zh/6137987#c15
Q007639,wiki-zh/6137987#c15
Q007640,wiki-zh/6137987#c15
Q007641,wiki-zh/6137987#c15
Q007642,wiki-zh/6137987#c15
Q007643,wiki-zh/6137987#c15
Q007644,wiki-zh/6137987#c16
Q007645,wiki-zh/6137987#c16
Q007646,wiki-zh/6137987#c16
Q007647,wiki-zh/6137987#c16
Q007648,wiki-zh/6137987#c17
Q007649,wiki-zh/6137987#c17
Q007650,wiki-zh/6137987#c17
Q007651,wiki-zh/6137987#c17
Q007652,wiki-zh/6137987#c17
Q007653,wiki-zh/6137987#c17
Q007654,wiki-zh/6137987#c17
Q007655,wiki-zh/6137987#c17
Q007656,wiki-zh/6137987#c17
Q007657,wiki-zh/6137987#c17
Q007658,wiki-zh/6137987#c17
Q007659,wiki-zh/6137987#c17
Q007660,wiki-zh/6137987#c17
Q007661,wiki-zh/6137987#c17
Q007662,wiki-zh/6137987#c17
Q007663,wiki-zh/6137987#c18
Q007664,wiki-zh/6137987#c18
Q007665,wiki-zh/6137987#c18
Q007666,wiki-zh/6137987#c18
Q007667,wiki-zh/6137987#c19
Q007668,wiki-zh/6137987#c19
Q007669,wiki-zh/6137987#c18
Q007670,wiki-zh/6137987#c20
Q007671,wiki-zh/6137987#c20
Q007672,wiki-zh/6137987#c21
Q007673,wiki-zh/6137987#c21
Q007674,wiki-zh/6137987#c21
Q007675,wiki-zh/6137987#c21
Q007676,wiki-zh/6137987#c21
Q007677,wiki-zh/6137987#c21
Q007678,wiki-zh/6137987#c21
Q007679,wiki-zh/6137987#c21
Q007680,wiki-zh/6137987#c21
Q007681,wiki-zh/6137987#c21
Q007682,wiki-zh/6137987#c21
Q007683,wiki-zh/6137987#c21
Q007684,wiki-zh/6137987#c21
Q007685,wiki-zh/6137987#c22
Q007686,wiki-zh/6137987#c22
Q007687,wiki-zh/6137987#c22
Q007688,wiki-zh/6137987#c23
Q007689,wiki-zh/6137987#c23
Q007690,wiki-zh/6137987#c23
Q007691,wiki-zh/6137987#c23
Q007692,wiki-zh/6137987#c24
Q007693,wiki-zh/6137987#c24
Q007694,wiki-zh/6137987#c24
Q007695,wiki-zh/6137987#c24
Q007696,wiki-zh/6137987#c24
Q007697,wiki-zh/6137987#c24
Q007698,wiki-zh/6137987#c24
Q007699,wiki-zh/6137987#c24
Q007700,wiki-zh/6137987#c24
Q007701,wiki-zh/6137987#c24
Q007702,wiki-zh/6137987#c24
Q007703,wiki-zh/6137987#c24
Q007704,wiki-zh/6137987#c24
Q007705,wiki-zh/6137987#c24
Q007706,wiki-zh/6137987#c24
Q007707,wiki-zh/6137987#c24
Q007708,wiki-zh/6137987#c24
Q007709,wiki-zh/6137987#c25
Q007710,wiki-zh/6137987#c25
Q007711,wiki-zh/6137987#c25
Q007712,wiki-zh/6137987#c25
Q007713,wiki-zh/6137987#c26
Q007714,wiki-zh/6137987#c26
Q007715,wiki-zh/6137987#c27
Q007716,wiki-zh/6137987#c27
Q007717,wiki-zh/6137987#c27
Q007718,wiki-zh/6137987#c27
Q007719,wiki-zh/6137987#c28
Q007720,wiki-zh/6137987#c28
Q007721,wiki-zh/6137987#c28
Q007722,wiki-zh/6137987#c28
Q007723,wiki-zh/6137987#c28
Q007724,wiki-zh/6137987#c28
Q007725,wiki-zh/6137987#c28
Q007726,wiki-zh/6137987#c28
Q007727,wiki-zh/6137987#c29
Q007728,wiki-zh/6137987#c29
Q007729,wiki-zh/6137987#c29
Q007730,wiki-zh/6137987#c29
Q007731,wiki-zh/6137987#c29
Q007732,wiki-zh/6137987#c29
Q007733,wiki-zh/6137987#c29
Q007734,wiki-zh/6137987#c29
Q007735,wiki-zh/6137987#c29
Q007736,wiki-zh/6137987#c29
Q007737,wiki-zh/6137987#c29
Q007738,wiki-zh/6137987#c29
Q007739,wiki-zh/6137987#c29
Q007740,wiki-zh/6137987#c29
Q007741,wiki-zh/6137987#c29
Q007742,wiki-zh/6137987#c30
Q007743,wiki-zh/6137987#c30
Q007744,wiki-zh/6137987#c30
Q007745,wiki-zh/6137987#c31
Q007746,wiki-zh/6137987#c31
Q007747,wiki-zh/6137987#c31
Q007748,wiki-zh/6137987#c31
Q007749,wiki-zh/6137987#c31
Q007750,wiki-zh/6137987#c31
Q007751,wiki-zh/6137987#c31
Q007752,wiki-zh/6137987#c31
Q007753,wiki-zh/6137987#c31
Q007754,wiki-zh/6137987#c31
Q007755,wiki-zh/6137987#c31
Q007756,wiki-zh/6137987#c31
Q007757,wiki-zh/6137987#c31
Q007758,wiki-zh/6137987#c31
Q007759,wiki-zh/6137987#c32
Q007760,wiki-zh/6137987#c32
Q007761,wiki-zh/6137987#c33
Q007762,wiki-zh/6137987#c33
Q007763,wiki-zh/6137987#c31
Q007764,wiki-zh/6137987#c33
Q007765,wiki-zh/6137987#c33
Q007766,wiki-zh/6137987#c33
Q007767,wiki-zh/6137987#c33
Q007768,wiki-zh/6137987#c33
Q007769,wiki-zh/6137987#c33
Q007770,wiki-zh/6137987#c33
Q007771,wiki-zh/6137987#c33
Q007772,wiki-zh/6137987#c33
Q007773,wiki-zh/6137987#c33
Q007774,wiki-zh/669254#c0
Q007775,wiki-zh/669254#c0
Q007776,wiki-zh/669254#c1
Q007777,wiki-zh/669254#c1
Q007778,wiki-zh/669254#c1
Q007779,wiki-zh/669254#c1
Q007780,wiki-zh/669254#c1
Q007781,wiki-zh/669254#c1
Q007782,wiki-zh/669254#c1
Q007783,wiki-zh/669254#c1
Q007784,wiki-zh/669254#c1
Q007785,wiki-zh/669254#c1
Q007786,wiki-zh/669254#c1
Q007787,wiki-zh/669254#c1
Q007788,wiki-zh/669254#c1
Q007789,wiki-zh/669254#c1
Q007790,wiki-zh/669254#c1
Q007791,wiki-zh/669254#c1
Q007792,wiki-zh/669254#c1
Q007793,wiki-zh/669254#c2
Q007794,wiki-zh/669254#c2
Q007795,wiki-zh/669254#c2
Q007796,wiki-zh/669254#c2
Q007797,wiki-zh/669254#c3
Q007798,wiki-zh/669254#c3
Q007799,wiki-zh/669254#c2
Q007800,wiki-zh/669254#c3
Q007801,wiki-zh/669254#c3
Q007802,wiki-zh/669254#c3
Q007803,wiki-zh/669254#c4
Q007804,wiki-zh/669254#c4
Q007805,wiki-zh/669254#c4
Q007806,wiki-zh/669254#c5
Q007807,wiki-zh/669254#c5
Q007808,wiki-zh/669254#c4
Q007809,wiki-zh/669254#c3
Q007810,wiki-zh/669254#c5
Q007811,wiki-zh/669254#c6
Q007812,wiki-zh/669254#c6
Q007813,wiki-zh/669254#c7
Q007814,wiki-zh/669254#c7
Q007815,wiki-zh/669254#c8
Q007816,wiki-zh/669254#c8
Q007817,wiki-zh/669254#c9
Q007818,wiki-zh/669254#c9
Q007819,wiki-zh/669254#c5
Q007820,wiki-zh/669254#c5
Q007821,wiki-zh/669254#c8
Q007822,wiki-zh/669254#c8
Q007823,wiki-zh/669254#c4
Q007824,wiki-zh/669254#c10
Q007825,wiki-zh/669254#c10
Q007826,wiki-zh/669254#c10
Q007827,wiki-zh/669254#c10
Q007828,wiki-zh/669254#c10
Q007829,wiki-zh/669254#c10
Q007830,wiki-zh/669254#c10
Q007831,wiki-zh/669254#c10
Q007832,wiki-zh/669254#c10
Q007833,wiki-zh/669254#c10
Q007834,wiki-zh/669254#c10
Q007835,wiki-zh/669254#c10
Q007836,wiki-zh/669254#c6
Q007837,wiki-zh/669254#c10
Q007838,wiki-zh/669254#c6
Q007839,wiki-zh/669254#c6
Q007840,wiki-zh/669254#c6
Q007841,wiki-zh/669254#c6
Q007842,wiki-zh/669254#c6
Q007843,wiki-zh/669254#c11
Q007844,wiki-zh/669254#c11
Q007845,wiki-zh/669254#c11
Q007846,wiki-zh/669254#c11
Q007847,wiki-zh/669254#c11
Q007848,wiki-zh/669254#c11
Q007849,wiki-zh/669254#c11
Q007850,wiki-zh/669254#c11
Q007851,wiki-zh/669254#c11
Q007852,wiki-zh/669254#c11
Q007853,wiki-zh/669254#c11
Q007854,wiki-zh/669254#c11
Q007855,wiki-zh/669254#c11
Q007856,wiki-zh/669254#c11
Q007857,wiki-zh/669254#c11
Q007858,wiki-zh/669254#c11
Q007859,wiki-zh/669254#c12
Q007860,wiki-zh/669254#c12
Q007861,wiki-zh/669254#c12
Q007862,wiki-zh/669254#c12
Q007863,wiki-zh/669254#c12
Q007864,wiki-zh/669254#c12
Q007865,wiki-zh/669254#c12
Q007866,wiki-zh/669254#c12
Q007867,wiki-zh/669254#c13
Q007868,wiki-zh/669254#c13
Q007869,wiki-zh/669254#c14
Q007870,wiki-zh/669254#c14
Q007871,wiki-zh/669254#c15
Q007872,wiki-zh/669254#c15
Q007873,wiki-zh/669254#c12
Q007874,wiki-zh/669254#c12
Q007875,wiki-zh/669254#c12
Q007876,wiki-zh/669254#c12
Q007877,wiki-zh/669254#c12
Q007878,wiki-zh/669254#c12
Q007879,wiki-zh/669254#c12
Q007880,wiki-zh/669254#c16
Q007881,wiki-zh/669254#c17
Q007882,wiki-zh/669254#c17
Q007883,wiki-zh/669254#c17
Q007884,wiki-zh/669254#c17
Q007885,wiki-zh/669254#c18
Q007886,wiki-zh/669254#c18
Q007887,wiki-zh/669254#c18
Q007888,wiki-zh/669254#c17
Q007889,wiki-zh/669254#c19
Q007890,wiki-zh/669254#c19
Q007891,wiki-zh/669254#c20
Q007892,wiki-zh/669254#c20
Q007893,wiki-zh/669254#c20
Q007894,wiki-zh/669254#c21
Q007895,wiki-zh/669254#c21
Q007896,wiki-zh/669254#c22
Q007897,wiki-zh/669254#c22
Q007898,wiki-zh/669254#c23
Q007899,wiki-zh/669254#c23
Q007900,wiki-zh/669254#c23
Q007901,wiki-zh/669254#c24
Q007902,wiki-zh/669254#c24
Q007903,wiki-zh/669254#c25
Q007904,wiki-zh/669254#c25
Q007905,wiki-zh/669254#c17
Q007906,wiki-zh/669254#c17
Q007907,wiki-zh/669254#c17
Q007908,wiki-zh/669254#c17
Q007909,wiki-zh/669254#c17
Q007910,wiki-zh/669254#c26
Q007911,wiki-zh/669254#c26
Q007912,wiki-zh/669254#c26
Q007913,wiki-zh/669254#c27
Q007914,wiki-zh/669254#c27
Q007915,wiki-zh/669254#c27
Q007916,wiki-zh/669254#c27
Q007917,wiki-zh/669254#c28
Q007918,wiki-zh/669254#c28
Q007919,wiki-zh/669254#c28
Q007920,wiki-zh/669254#c28
Q007921,wiki-zh/669254#c29
Q007922,wiki-zh/669254#c17
Q007923,wiki-zh/669254#c17
Q007924,wiki-zh/669254#c28
Q007925,wiki-zh/669254#c28
Q007926,wiki-zh/669254#c28
Q007927,wiki-zh/669254#c28
Q007928,wiki-zh/669254#c4
Q007929,wiki-zh/669254#c30
Q007930,wiki-zh/669254#c30
Q007931,wiki-zh/669254#c30
Q007932,wiki-zh/669254#c30
Q007933,wiki-zh/669254#c30
Q007934,wiki-zh/669254#c30
Q007935,wiki-zh/669254#c30
Q007936,wiki-zh/669254#c30
Q007937,wiki-zh/669254#c30
Q007938,wiki-zh/669254#c30
Q007939,wiki-zh/669254#c31
Q007940,wiki-zh/669254#c31
Q007941,wiki-zh/669254#c32
Q007942,wiki-zh/669254#c32
Q007943,wiki-zh/669254#c33
Q007944,wiki-zh/669254#c33
Q007945,wiki-zh/669254#c34
Q007946,wiki-zh/669254#c34
Q007947,wiki-zh/669254#c34
Q007948,wiki-zh/669254#c35
Q007949,wiki-zh/669254#c35
Q007950,wiki-zh/669254#c36
Q007951,wiki-zh/669254#c36
Q007952,wiki-zh/669254#c37
Q007953,wiki-zh/669254#c38
Q007954,wiki-zh/669254#c39
Q007955,wiki-zh/669254#c39
Q007956,wiki-zh/669254#c40
Q007957,wiki-zh/669254#c40
Q007958,wiki-zh/669254#c41
Q007959,wiki-zh/669254#c41
Q007960,wiki-zh/669254#c42
Q007961,wiki-zh/669254#c42
Q007962,wiki-zh/669254#c43
Q007963,wiki-zh/669254#c43
Q007964,wiki-zh/669254#c43
Q007965,wiki-zh/669254#c43
Q007966,wiki-zh/669254#c44
Q007967,wiki-zh/669254#c44
Q007968,wiki-zh/669254#c45
Q007969,wiki-zh/669254#c45
Q007970,wiki-zh/669254#c46
Q007971,wiki-zh/669254#c47
Q007972,wiki-zh/669254#c48
Q007973,wiki-zh/669254#c49
Q007974,wiki-zh/669254#c49
Q007975,wiki-zh/669254#c50
Q007976,wiki-zh/669254#c50
Q007977,wiki-zh/669254#c51
Q007978,wiki-zh/669254#c51
Q007979,wiki-zh/669254#c52
Q007980,wiki-zh/669254#c52
Q007981,wiki-zh/669254#c52
Q007982,wiki-zh/669254#c51
Q007983,wiki-zh/669254#c51
Q007984,wiki-zh/669254#c53
Q007985,wiki-zh/669254#c53
Q007986,wiki-zh/669254#c53
Q007987,wiki-zh/669254#c51
Q007988,wiki-zh/669254#c51
Q007989,wiki-zh/669254#c51
Q007990,wiki-zh/669254#c51
Q007991,wiki-zh/669254#c51
Q007992,wiki-zh/669254#c51
Q007993,wiki-zh/669254#c51
Q007994,wiki-zh/669254#c53
Q007995,wiki-zh/669254#c53
Q007996,wiki-zh/669254#c53
Q007997,wiki-zh/669254#c53
Q007998,wiki-zh/669254#c53
Q007999,wiki-zh/669254#c53
Q008000,wiki-zh/669254#c53
Q008001,wiki-zh/669254#c53
Q008002,wiki-zh/669254#c54
Q008003,wiki-zh/669254#c54
Q008004,wiki-zh/669254#c55
Q008005,wiki-zh/669254#c55
Q008006,wiki-zh/669254#c56
Q008007,wiki-zh/669254#c57
Q008008,wiki-zh/669254#c57
Q008009,wiki-zh/669254#c57
Q008010,wiki-zh/669254#c58
Q008011,wiki-zh/669254#c58
Q008012,wiki-zh/669254#c59
Q008013,wiki-zh/669254#c60
Q008014,wiki-zh/669254#c60
Q008015,wiki-zh/681476#c0
Q008016,wiki-zh/681476#c1
Q008017,wiki-zh/681476#c1
Q008018,wiki-zh/681476#c1
Q008019,wiki-zh/681476#c1
Q008020,wiki-zh/681476#c1
Q008021,wiki-zh/681476#c1
Q008022,wiki-zh/681476#c1
Q008023,wiki-zh/681476#c2
Q008024,wiki-zh/681476#c2
Q008025,wiki-zh/681476#c2
Q008026,wiki-zh/681476#c3
Q008027,wiki-zh/681476#c3
Q008028,wiki-zh/681476#c4
Q008029,wiki-zh/681476#c4
Q008030,wiki-zh/681476#c4
Q008031,wiki-zh/681476#c5
Q008032,wiki-zh/681476#c5
Q008033,wiki-zh/681476#c5
Q008034,wiki-zh/681476#c5
Q008035,wiki-zh/681476#c5
Q008036,wiki-zh/681476#c5
Q008037,wiki-zh/681476#c6
Q008038,wiki-zh/681476#c6
Q008039,wiki-zh/681476#c7
Q008040,wiki-zh/681476#c7
Q008041,wiki-zh/681476#c8
Q008042,wiki-zh/681476#c8
Q008043,wiki-zh/681476#c9
Q008044,wiki-zh/681476#c9
Q008045,wiki-zh/681476#c6
Q008046,wiki-zh/681476#c9
Q008047,wiki-zh/681476#c9
Q008048,wiki-zh/681476#c9
Q008049,wiki-zh/681476#c10
Q008050,wiki-zh/681476#c10
Q008051,wiki-zh/681476#c11
Q008052,wiki-zh/681476#c11
Q008053,wiki-zh/681476#c12
Q008054,wiki-zh/681476#c12
Q008055,wiki-zh/681476#c12
Q008056,wiki-zh/681476#c12
Q008057,wiki-zh/681476#c13
Q008058,wiki-zh/681476#c13
Q008059,wiki-zh/681476#c13
Q008060,wiki-zh/681476#c13
Q008061,wiki-zh/681476#c14
Q008062,wiki-zh/681476#c14
Q008063,wiki-zh/681476#c14
Q008064,wiki-zh/681476#c14
Q008065,wiki-zh/681476#c14
Q008066,wiki-zh/681476#c14
Q008067,wiki-zh/681476#c14
Q008068,wiki-zh/681476#c14
Q008069,wiki-zh/681476#c14
Q008070,wiki-zh/681476#c5
Q008071,wiki-zh/681476#c15
Q008072,wiki-zh/681476#c15
Q008073,wiki-zh/681476#c15
Q008074,wiki-zh/681476#c16
Q008075,wiki-zh/681476#c16
Q008076,wiki-zh/681476#c16
Q008077,wiki-zh/681476#c16
Q008078,wiki-zh/681476#c5
Q008079,wiki-zh/681476#c5
Q008080,wiki-zh/681476#c17
Q008081,wiki-zh/681476#c17
Q008082,wiki-zh/681476#c18
Q008083,wiki-zh/681476#c18
Q008084,wiki-zh/681476#c16
Q008085,wiki-zh/681476#c16
Q008086,wiki-zh/681476#c16
Q008087,wiki-zh/681476#c16
Q008088,wiki-zh/681476#c16
Q008089,wiki-zh/681476#c19
Q008090,wiki-zh/681476#c19
Q008091,wiki-zh/681476#c20
Q008092,wiki-zh/681476#c20
Q008093,wiki-zh/681476#c21
Q008094,wiki-zh/681476#c21
Q008095,wiki-zh/681476#c22
Q008096,wiki-zh/681476#c22
Q008097,wiki-zh/681476#c21
Q008098,wiki-zh/681476#c21
Q008099,wiki-zh/681476#c21
Q008100,wiki-zh/681476#c21
Q008101,wiki-zh/681476#c21
Q008102,wiki-zh/681476#c22
Q008103,wiki-zh/681476#c22
Q008104,wiki-zh/681476#c23
Q008105,wiki-zh/681476#c23
Q008106,wiki-zh/681476#c23
Q008107,wiki-zh/681476#c23
Q008108,wiki-zh/681476#c23
Q008109,wiki-zh/681476#c24
Q008110,wiki-zh/681476#c24
Q008111,wiki-zh/681476#c25
Q008112,wiki-zh/681476#c26
Q008113,wiki-zh/681476#c26
Q008114,wiki-zh/681476#c27
Q008115,wiki-zh/681476#c27
Q008116,wiki-zh/681476#c28
Q008117,wiki-zh/681476#c28
Q008118,wiki-zh/681476#c29
Q008119,wiki-zh/681476#c29
Q008120,wiki-zh/681476#c30
Q008121,wiki-zh/681476#c30
Q008122,wiki-zh/681476#c30
Q008123,wiki-zh/681476#c31
Q008124,wiki-zh/681476#c31
Q008125,wiki-zh/681476#c31
Q008126,wiki-zh/681476#c31
Q008127,wiki-zh/681476#c31
Q008128,wiki-zh/681476#c32
Q008129,wiki-zh/681476#c32
Q008130,wiki-zh/681476#c32
Q008131,wiki-zh/681476#c32
Q008132,wiki-zh/681476#c32
Q008133,wiki-zh/681476#c33
Q008134,wiki-zh/681476#c34
Q008135,wiki-zh/681476#c34
Q008136,wiki-zh/681476#c34
Q008137,wiki-zh/681476#c34
Q008138,wiki-zh/681476#c35
Q008139,wiki-zh/681476#c35
Q008140,wiki-zh/681476#c35
Q008141,wiki-zh/681476#c35
Q008142,wiki-zh/681476#c36
Q008143,wiki-zh/681476#c36
Q008144,wiki-zh/681476#c36
Q008145,wiki-zh/681476#c35
Q008146,wiki-zh/681476#c36
Q008147,wiki-zh/681476#c36
Q008148,wiki-zh/681476#c37
Q008149,wiki-zh/681476#c37
Q008150,wiki-zh/681476#c38
Q008151,wiki-zh/681476#c38
Q008152,wiki-zh/681476#c39
Q008153,wiki-zh/681476#c39
Q008154,wiki-zh/681476#c39
Q008155,wiki-zh/681476#c40
Q008156,wiki-zh/681476#c40
Q008157,wiki-zh/681476#c40
Q008158,wiki-zh/681476#c31
Q008159,wiki-zh/681476#c41
Q008160,wiki-zh/681476#c42
Q008161,wiki-zh/681476#c42
Q008162,wiki-zh/681476#c42
Q008163,wiki-zh/681476#c42
Q008164,wiki-zh/681476#c42
Q008165,wiki-zh/681476#c42
Q008166,wiki-zh/681476#c43
Q008167,wiki-zh/681476#c43
Q008168,wiki-zh/681476#c44
Q008169,wiki-zh/681476#c44
Q008170,wiki-zh/681476#c45
Q008171,wiki-zh/681476#c45
Q008172,wiki-zh/681476#c45
Q008173,wiki-zh/681476#c46
Q008174,wiki-zh/681476#c46
Q008175,wiki-zh/681476#c45
Q008176,wiki-zh/681476#c47
Q008177,wiki-zh/681476#c47
Q008178,wiki-zh/681476#c48
Q008179,wiki-zh/681476#c48
Q008180,wiki-zh/681476#c48
Q008181,wiki-zh/681476#c49
Q008182,wiki-zh/681476#c49
Q008183,wiki-zh/681476#c49
Q008184,wiki-zh/681476#c49
Q008185,wiki-zh/681476#c49
Q008186,wiki-zh/681476#c49
Q008187,wiki-zh/681476#c49
Q008188,wiki-zh/681476#c49
Q008189,wiki-zh/681476#c49
Q008190,wiki-zh/681476#c49
Q008191,wiki-zh/681476#c49
Q008192,wiki-zh/681476#c49
Q008193,wiki-zh/681476#c50
Q008194,wiki-zh/681476#c50
Q008195,wiki-zh/681476#c51
Q008196,wiki-zh/681476#c51
Q008197,wiki-zh/681476#c51
Q008198,wiki-zh/681476#c36
Q008199,wiki-zh/681476#c51
Q008200,wiki-zh/681476#c51
Q008201,wiki-zh/681476#c52
Q008202,wiki-zh/681476#c52
Q008203,wiki-zh/681476#c52
Q008204,wiki-zh/681476#c52
Q008205,wiki-zh/681476#c52
Q008206,wiki-zh/681476#c53
Q008207,wiki-zh/681476#c52
Q008208,wiki-zh/681476#c54
Q008209,wiki-zh/681476#c54
Q008210,wiki-zh/681476#c55
Q008211,wiki-zh/681476#c55
Q008212,wiki-zh/681476#c56
Q008213,wiki-zh/681476#c56
Q008214,wiki-zh/681476#c56
Q008215,wiki-zh/681476#c52
Q008216,wiki-zh/681476#c57
Q008217,wiki-zh/681476#c57
Q008218,wiki-zh/681476#c57
Q008219,wiki-zh/681476#c58
Q008220,wiki-zh/681476#c58
Q008221,wiki-zh/681476#c59
Q008222,wiki-zh/681476#c59
Q008223,wiki-zh/681476#c59
Q008224,wiki-zh/681476#c59
Q008225,wiki-zh/681476#c59
Q008226,wiki-zh/681476#c59
Q008227,wiki-zh/681476#c60
Q008228,wiki-zh/681476#c60
Q008229,wiki-zh/681476#c60
Q008230,wiki-zh/681476#c60
Q008231,wiki-zh/681476#c60
Q008232,wiki-zh/681476#c60
Q008233,wiki-zh/681476#c61
Q008234,wiki-zh/681476#c61
Q008235,wiki-zh/681476#c60
Q008236,wiki-zh/681476#c60
Q008237,wiki-zh/681476#c48
Q008238,wiki-zh/681476#c62
Q008239,wiki-zh/681476#c62
Q008240,wiki-zh/681476#c62
Q008241,wiki-zh/681476#c62
Q008242,wiki-zh/681476#c62
Q008243,wiki-zh/681476#c62
Q008244,wiki-zh/681476#c51
Q008245,wiki-zh/681476#c63
Q008246,wiki-zh/681476#c64
Q008247,wiki-zh/681476#c60
Q008248,wiki-zh/681476#c60
Q008249,wiki-zh/681476#c65
Q008250,wiki-zh/681476#c65
Q008251,wiki-zh/681476#c65
Q008252,wiki-zh/681476#c66
Q008253,wiki-zh/681476#c66
Q008254,wiki-zh/681476#c67
Q008255,wiki-zh/681476#c67
Q008256,wiki-zh/681476#c67
Q008257,wiki-zh/681476#c67
Q008258,wiki-zh/681476#c67
Q008259,wiki-zh/681476#c67
Q008260,wiki-zh/681476#c67
Q008261,wiki-zh/681476#c67
Q008262,wiki-zh/681476#c67
Q008263,wiki-zh/681476#c67
Q008264,wiki-zh/681476#c67
Q008265,wiki-zh/681476#c67
Q008266,wiki-zh/681476#c67
Q008267,wiki-zh/681476#c67
Q008268,wiki-zh/681476#c67
Q008269,wiki-zh/681476#c67
Q008270,wiki-zh/681476#c68
Q008271,wiki-zh/681476#c68
Q008272,wiki-zh/681476#c48
Q008273,wiki-zh/681476#c69
Q008274,wiki-zh/681476#c69
Q008275,wiki-zh/681476#c69
Q008276,wiki-zh/681476#c69
Q008277,wiki-zh/681476#c69
Q008278,wiki-zh/681476#c70
Q008279,wiki-zh/681476#c70
Q008280,wiki-zh/681476#c69
Q008281,wiki-zh/681476#c69
Q008282,wiki-zh/681476#c70
Q008283,wiki-zh/681476#c70
Q008284,wiki-zh/681476#c71
Q008285,wiki-zh/681476#c70
Q008286,wiki-zh/681476#c72
Q008287,wiki-zh/681476#c72
Q008288,wiki-zh/681476#c72
Q008289,wiki-zh/681476#c73
Q008290,wiki-zh/681476#c73
Q008291,wiki-zh/681476#c73
Q008292,wiki-zh/700516#c0
Q008293,wiki-zh/700516#c1
Q008294,wiki-zh/700516#c2
Q008295,wiki-zh/700516#c2
Q008296,wiki-zh/700516#c2
Q008297,wiki-zh/700516#c2
Q008298,wiki-zh/700516#c2
Q008299,wiki-zh/700516#c2
Q008300,wiki-zh/700516#c2
Q008301,wiki-zh/700516#c2
Q008302,wiki-zh/700516#c2
Q008303,wiki-zh/700516#c2
Q008304,wiki-zh/700516#c3
Q008305,wiki-zh/700516#c3
Q008306,wiki-zh/700516#c3
Q008307,wiki-zh/700516#c3
Q008308,wiki-zh/700516#c3
Q008309,wiki-zh/700516#c3
Q008310,wiki-zh/700516#c3
Q008311,wiki-zh/700516#c4
Q008312,wiki-zh/700516#c4
Q008313,wiki-zh/700516#c4
Q008314,wiki-zh/700516#c4
Q008315,wiki-zh/700516#c4
Q008316,wiki-zh/700516#c4
Q008317,wiki-zh/700516#c4
Q008318,wiki-zh/700516#c5
Q008319,wiki-zh/700516#c5
Q008320,wiki-zh/700516#c5
Q008321,wiki-zh/700516#c6
Q008322,wiki-zh/700516#c6
Q008323,wiki-zh/700516#c6
Q008324,wiki-zh/700516#c6
Q008325,wiki-zh/700516#c6
Q008326,wiki-zh/700516#c6
Q008327,wiki-zh/700516#c7
Q008328,wiki-zh/700516#c7
Q008329,wiki-zh/700516#c8
Q008330,wiki-zh/700516#c8
Q008331,wiki-zh/700516#c8
Q008332,wiki-zh/700516#c8
Q008333,wiki-zh/700516#c8
Q008334,wiki-zh/700516#c8
Q008335,wiki-zh/700516#c8
Q008336,wiki-zh/700516#c9
Q008337,wiki-zh/700516#c9
Q008338,wiki-zh/700516#c9
Q008339,wiki-zh/700516#c9
Q008340,wiki-zh/700516#c9
Q008341,wiki-zh/700516#c9
Q008342,wiki-zh/700516#c9
Q008343,wiki-zh/700516#c9
Q008344,wiki-zh/700516#c10
Q008345,wiki-zh/700516#c10
Q008346,wiki-zh/700516#c10
Q008347,wiki-zh/700516#c10
Q008348,wiki-zh/700516#c10
Q008349,wiki-zh/700516#c10
Q008350,wiki-zh/700516#c10
Q008351,wiki-zh/700516#c11
Q008352,wiki-zh/700516#c11
Q008353,wiki-zh/700516#c11
Q008354,wiki-zh/700516#c12
Q008355,wiki-zh/700516#c12
Q008356,wiki-zh/700516#c12
Q008357,wiki-zh/700516#c13
Q008358,wiki-zh/700516#c13
Q008359,wiki-zh/700516#c13
Q008360,wiki-zh/700516#c13
Q008361,wiki-zh/700516#c13
Q008362,wiki-zh/700516#c13
Q008363,wiki-zh/700516#c14
Q008364,wiki-zh/700516#c14
Q008365,wiki-zh/700516#c14
Q008366,wiki-zh/700516#c15
Q008367,wiki-zh/700516#c15
Q008368,wiki-zh/700516#c15
Q008369,wiki-zh/700516#c15
Q008370,wiki-zh/700516#c16
Q008371,wiki-zh/700516#c16
Q008372,wiki-zh/700516#c17
Q008373,wiki-zh/700516#c17
Q008374,wiki-zh/700516#c17
Q008375,wiki-zh/700516#c17
Q008376,wiki-zh/700516#c17
Q008377,wiki-zh/700516#c17
Q008378,wiki-zh/700516#c17
Q008379,wiki-zh/700516#c18
Q008380,wiki-zh/700516#c18
Q008381,wiki-zh/700516#c18
Q008382,wiki-zh/700516#c19
Q008383,wiki-zh/700516#c19
Q008384,wiki-zh/700516#c19
Q008385,wiki-zh/700516#c19
Q008386,wiki-zh/700516#c19
Q008387,wiki-zh/700516#c19
Q008388,wiki-zh/700516#c19
Q008389,wiki-zh/700516#c19
Q008390,wiki-zh/700516#c19
Q008391,wiki-zh/700516#c19
Q008392,wiki-zh/700516#c19
Q008393,wiki-zh/700516#c19
Q008394,wiki-zh/700516#c19
Q008395,wiki-zh/700516#c19
Q008396,wiki-zh/700516#c20
Q008397,wiki-zh/700516#c20
Q008398,wiki-zh/700516#c19
Q008399,wiki-zh/700516#c19
Q008400,wiki-zh/700516#c19
Q008401,wiki-zh/700516#c19
Q008402,wiki-zh/700516#c19
Q008403,wiki-zh/700516#c19
Q008404,wiki-zh/700516#c21
Q008405,wiki-zh/700516#c21
Q008406,wiki-zh/700516#c21
Q008407,wiki-zh/700516#c21
Q008408,wiki-zh/700516#c19
Q008409,wiki-zh/700516#c19
Q008410,wiki-zh/700516#c21
Q008411,wiki-zh/700516#c22
Q008412,wiki-zh/700516#c22
Q008413,wiki-zh/700516#c22
Q008414,wiki-zh/700516#c22
Q008415,wiki-zh/700516#c22
Q008416,wiki-zh/700516#c22
Q008417,wiki-zh/700516#c23
Q008418,wiki-zh/700516#c24
Q008419,wiki-zh/700516#c24
Q008420,wiki-zh/700516#c24
Q008421,wiki-zh/700516#c24
Q008422,wiki-zh/700516#c24
Q008423,wiki-zh/700516#c24
Q008424,wiki-zh/700516#c24
Q008425,wiki-zh/700516#c24
Q008426,wiki-zh/700516#c24
Q008427,wiki-zh/700516#c24
Q008428,wiki-zh/700516#c24
Q008429,wiki-zh/700516#c24
Q008430,wiki-zh/700516#c24
Q008431,wiki-zh/700516#c25
Q008432,wiki-zh/700516#c25
Q008433,wiki-zh/700516#c25
Q008434,wiki-zh/700516#c25
Q008435,wiki-zh/700516#c25
Q008436,wiki-zh/700516#c25
Q008437,wiki-zh/700516#c25
Q008438,wiki-zh/700516#c26
Q008439,wiki-zh/700516#c26
Q008440,wiki-zh/700516#c27
Q008441,wiki-zh/700516#c27
Q008442,wiki-zh/700516#c28
Q008443,wiki-zh/700516#c29
Q008444,wiki-zh/700516#c29
Q008445,wiki-zh/700516#c30
Q008446,wiki-zh/700516#c30
Q008447,wiki-zh/700516#c30
Q008448,wiki-zh/700516#c30
Q008449,wiki-zh/700516#c30
Q008450,wiki-zh/700516#c30
Q008451,wiki-zh/700516#c30
Q008452,wiki-zh/700516#c30
Q008453,wiki-zh/700516#c30
Q008454,wiki-zh/700516#c30
Q008455,wiki-zh/700516#c30
Q008456,wiki-zh/700516#c31
Q008457,wiki-zh/700516#c31
Q008458,wiki-zh/700516#c32
Q008459,wiki-zh/700516#c32
Q008460,wiki-zh/700516#c33
Q008461,wiki-zh/700516#c33
Q008462,wiki-zh/700516#c34
Q008463,wiki-zh/700516#c34
Q008464,wiki-zh/700516#c34
Q008465,wiki-zh/700516#c34
Q008466,wiki-zh/700516#c34
Q008467,wiki-zh/700516#c34
Q008468,wiki-zh/700516#c35
Q008469,wiki-zh/700516#c35
Q008470,wiki-zh/72132#c0
Q008471,wiki-zh/72132#c1
Q008472,wiki-zh/72132#c1
Q008473,wiki-zh/72132#c2
Q008474,wiki-zh/72132#c2
Q008475,wiki-zh/72132#c2
Q008476,wiki-zh/72132#c3
Q008477,wiki-zh/72132#c3
Q008478,wiki-zh/72132#c4
Q008479,wiki-zh/72132#c4
Q008480,wiki-zh/72132#c5
Q008481,wiki-zh/72132#c5
Q008482,wiki-zh/72132#c6
Q008483,wiki-zh/72132#c7
Q008484,wiki-zh/72132#c7
Q008485,wiki-zh/72132#c7
Q008486,wiki-zh/72132#c8
Q008487,wiki-zh/72132#c9
Q008488,wiki-zh/72132#c10
Q008489,wiki-zh/72132#c11
Q008490,wiki-zh/72132#c12
Q008491,wiki-zh/72132#c13
Q008492,wiki-zh/72132#c14
Q008493,wiki-zh/72132#c15
Q008494,wiki-zh/72132#c16
Q008495,wiki-zh/72132#c17
Q008496,wiki-zh/72132#c18
Q008497,wiki-zh/72132#c19
Q008498,wiki-zh/72132#c20
Q008499,wiki-zh/72132#c21
Q008500,wiki-zh/72132#c22
Q008501,wiki-zh/72132#c23
Q008502,wiki-zh/72132#c24
Q008503,wiki-zh/72132#c25
Q008504,wiki-zh/72132#c26
Q008505,wiki-zh/72132#c27
Q008506,wiki-zh/72132#c28
Q008507,wiki-zh/72132#c29
Q008508,wiki-zh/72132#c30
Q008509,wiki-zh/72132#c31
Q008510,wiki-zh/72132#c32
Q008511,wiki-zh/72132#c33
Q008512,wiki-zh/72132#c34
Q008513,wiki-zh/72132#c35
Q008514,wiki-zh/72132#c36
Q008515,wiki-zh/72132#c37
Q008516,wiki-zh/72132#c38
Q008517,wiki-zh/72132#c39
Q008518,wiki-zh/72132#c40
Q008519,wiki-zh/72132#c41
Q008520,wiki-zh/72132#c42
Q008521,wiki-zh/72132#c43
Q008522,wiki-zh/72132#c44
Q008523,wiki-zh/72132#c45
Q008524,wiki-zh/72132#c46
Q008525,wiki-zh/72132#c47
Q008526,wiki-zh/72132#c48
Q008527,wiki-zh/72132#c49
Q008528,wiki-zh/72132#c50
Q008529,wiki-zh/72132#c51
Q008530,wiki-zh/72132#c52
Q008531,wiki-zh/72132#c53
Q008532,wiki-zh/72132#c54
Q008533,wiki-zh/72132#c55
Q008534,wiki-zh/72132#c56
Q008535,wiki-zh/72132#c57
Q008536,wiki-zh/72132#c58
Q008537,wiki-zh/72132#c59
Q008538,wiki-zh/72132#c60
Q008539,wiki-zh/72132#c61
Q008540,wiki-zh/72132#c62
Q008541,wiki-zh/72132#c63
Q008542,wiki-zh/72132#c64
Q008543,wiki-zh/72132#c65
Q008544,wiki-zh/72132#c66
Q008545,wiki-zh/72132#c66
Q008546,wiki-zh/72132#c67
Q008547,wiki-zh/72132#c68
Q008548,wiki-zh/72132#c69
Q008549,wiki-zh/72132#c70
Q008550,wiki-zh/72132#c71
Q008551,wiki-zh/72132#c72
Q008552,wiki-zh/72132#c73
Q008553,wiki-zh/72132#c74
Q008554,wiki-zh/72132#c75
Q008555,wiki-zh/72132#c75
Q008556,wiki-zh/72132#c76
Q008557,wiki-zh/72132#c77
Q008558,wiki-zh/72132#c77
Q008559,wiki-zh/72132#c78
Q008560,wiki-zh/72132#c78
Q008561,wiki-zh/72132#c79
Q008562,wiki-zh/72132#c80
Q008563,wiki-zh/72132#c81
Q008564,wiki-zh/72132#c81
Q008565,wiki-zh/72132#c81
Q008566,wiki-zh/72132#c81
Q008567,wiki-zh/72132#c81
Q008568,wiki-zh/72132#c82
Q008569,wiki-zh/72132#c82
Q008570,wiki-zh/72132#c83
Q008571,wiki-zh/72132#c83
Q008572,wiki-zh/72132#c83
Q008573,wiki-zh/72132#c84
Q008574,wiki-zh/72132#c84
Q008575,wiki-zh/72132#c84
Q008576,wiki-zh/72132#c84
Q008577,wiki-zh/72132#c84
Q008578,wiki-zh/72132#c85
Q008579,wiki-zh/72132#c85
Q008580,wiki-zh/72132#c85
Q008581,wiki-zh/72132#c81
Q008582,wiki-zh/72132#c81
Q008583,wiki-zh/72132#c86
Q008584,wiki-zh/72132#c86
Q008585,wiki-zh/72132#c87
Q008586,wiki-zh/72132#c87
Q008587,wiki-zh/72132#c88
Q008588,wiki-zh/72132#c88
Q008589,wiki-zh/72132#c89
Q008590,wiki-zh/72132#c89
Q008591,wiki-zh/72132#c90
Q008592,wiki-zh/72132#c90
Q008593,wiki-zh/72132#c90
Q008594,wiki-zh/72132#c90
Q008595,wiki-zh/72132#c90
Q008596,wiki-zh/72132#c91
Q008597,wiki-zh/72132#c91
Q008598,wiki-zh/72132#c92
Q008599,wiki-zh/72132#c93
Q008600,wiki-zh/72132#c93
Q008601,wiki-zh/72132#c94
Q008602,wiki-zh/72132#c94
Q008603,wiki-zh/72132#c88
Q008604,wiki-zh/72132#c95
Q008605,wiki-zh/72132#c95
Q008606,wiki-zh/72132#c96
Q008607,wiki-zh/72132#c96
Q008608,wiki-zh/72132#c96
Q008609,wiki-zh/72132#c96
Q008610,wiki-zh/72132#c97
Q008611,wiki-zh/72132#c78
Q008612,wiki-zh/72132#c85
Q008613,wiki-zh/72132#c98
Q008614,wiki-zh/72132#c98
Q008615,wiki-zh/72132#c90
Q008616,wiki-zh/72132#c99
Q008617,wiki-zh/72132#c99
Q008618,wiki-zh/72132#c100
Q008619,wiki-zh/72132#c100
Q008620,wiki-zh/72132#c100
Q008621,wiki-zh/72132#c100
Q008622,wiki-zh/72132#c101
Q008623,wiki-zh/72132#c102
Q008624,wiki-zh/72132#c102
Q008625,wiki-zh/72132#c103
Q008626,wiki-zh/72132#c103
Q008627,wiki-zh/72132#c103
Q008628,wiki-zh/72132#c98
Q008629,wiki-zh/72132#c103
Q008630,wiki-zh/72132#c104
Q008631,wiki-zh/72132#c104
Q008632,wiki-zh/72132#c103
Q008633,wiki-zh/72132#c77
Q008634,wiki-zh/72132#c104
Q008635,wiki-zh/72132#c105
Q008636,wiki-zh/72132#c105
Q008637,wiki-zh/72132#c106
Q008638,wiki-zh/72132#c106
Q008639,wiki-zh/72132#c106
Q008640,wiki-zh/72132#c106
Q008641,wiki-zh/72132#c107
Q008642,wiki-zh/72132#c107
Q008643,wiki-zh/72132#c107
Q008644,wiki-zh/72132#c107
Q008645,wiki-zh/72132#c107
Q008646,wiki-zh/72132#c107
Q008647,wiki-zh/72132#c107
Q008648,wiki-zh/72132#c107
Q008649,wiki-zh/72132#c108
Q008650,wiki-zh/72132#c108
Q008651,wiki-zh/72132#c108
Q008652,wiki-zh/72132#c107
Q008653,wiki-zh/72132#c81
Q008654,wiki-zh/72132#c109
Q008655,wiki-zh/72132#c109
Q008656,wiki-zh/72132#c109
Q008657,wiki-zh/72132#c109
Q008658,wiki-zh/72132#c109
Q008659,wiki-zh/72132#c110
Q008660,wiki-zh/72132#c110
Q008661,wiki-zh/72132#c110
Q008662,wiki-zh/72132#c111
Q008663,wiki-zh/72132#c111
Q008664,wiki-zh/72132#c112
Q008665,wiki-zh/72132#c112
Q008666,wiki-zh/72132#c112
Q008667,wiki-zh/72132#c113
Q008668,wiki-zh/72132#c113
Q008669,wiki-zh/72132#c113
Q008670,wiki-zh/72132#c113
Q008671,wiki-zh/72132#c114
Q008672,wiki-zh/72132#c114
Q008673,wiki-zh/72132#c115
Q008674,wiki-zh/72132#c115
Q008675,wiki-zh/72132#c115
Q008676,wiki-zh/72132#c116
Q008677,wiki-zh/72132#c116
Q008678,wiki-zh/72132#c116
Q008679,wiki-zh/72132#c117
Q008680,wiki-zh/72132#c117
Q008681,wiki-zh/72132#c117
Q008682,wiki-zh/72132#c118
Q008683,wiki-zh/72132#c118
Q008684,wiki-zh/72132#c118
Q008685,wiki-zh/72132#c119
Q008686,wiki-zh/72132#c119
Q008687,wiki-zh/72132#c119
Q008688,wiki-zh/72132#c119
Q008689,wiki-zh/72132#c120
Q008690,wiki-zh/72132#c120
Q008691,wiki-zh/72132#c120
Q008692,wiki-zh/72132#c121
Q008693,wiki-zh/72132#c121
Q008694,wiki-zh/72132#c122
Q008695,wiki-zh/72132#c122
Q008696,wiki-zh/72132#c122
Q008697,wiki-zh/72132#c123
Q008698,wiki-zh/72132#c123
Q008699,wiki-zh/72132#c123
Q008700,wiki-zh/72132#c124
Q008701,wiki-zh/72132#c124
Q008702,wiki-zh/72132#c124
Q008703,wiki-zh/72132#c125
Q008704,wiki-zh/72132#c125
Q008705,wiki-zh/72132#c125
Q008706,wiki-zh/72132#c124
Q008707,wiki-zh/72132#c126
Q008708,wiki-zh/72132#c126
Q008709,wiki-zh/72132#c127
Q008710,wiki-zh/72132#c127
Q008711,wiki-zh/72132#c127
Q008712,wiki-zh/72132#c127
Q008713,wiki-zh/72132#c128
Q008714,wiki-zh/72132#c128
Q008715,wiki-zh/72132#c128
Q008716,wiki-zh/72132#c129
Q008717,wiki-zh/72132#c129
Q008718,wiki-zh/72132#c129
Q008719,wiki-zh/72132#c130
Q008720,wiki-zh/72132#c130
Q008721,wiki-zh/72132#c130
Q008722,wiki-zh/72132#c131
Q008723,wiki-zh/72132#c131
Q008724,wiki-zh/72881#c0
Q008725,wiki-zh/72881#c1
Q008726,wiki-zh/72881#c2
Q008727,wiki-zh/72881#c3
Q008728,wiki-zh/72881#c3
Q008729,wiki-zh/72881#c4
Q008730,wiki-zh/72881#c4
Q008731,wiki-zh/72881#c4
Q008732,wiki-zh/72881#c5
Q008733,wiki-zh/72881#c5
Q008734,wiki-zh/72881#c5
Q008735,wiki-zh/72881#c5
Q008736,wiki-zh/72881#c5
Q008737,wiki-zh/72881#c5
Q008738,wiki-zh/72881#c5
Q008739,wiki-zh/72881#c5
Q008740,wiki-zh/72881#c5
Q008741,wiki-zh/72881#c5
Q008742,wiki-zh/72881#c5
Q008743,wiki-zh/72881#c6
Q008744,wiki-zh/72881#c6
Q008745,wiki-zh/72881#c7
Q008746,wiki-zh/72881#c7
Q008747,wiki-zh/72881#c7
Q008748,wiki-zh/72881#c8
Q008749,wiki-zh/72881#c9
Q008750,wiki-zh/72881#c9
Q008751,wiki-zh/72881#c9
Q008752,wiki-zh/72881#c9
Q008753,wiki-zh/72881#c9
Q008754,wiki-zh/72881#c5
Q008755,wiki-zh/72881#c10
Q008756,wiki-zh/72881#c10
Q008757,wiki-zh/72881#c11
Q008758,wiki-zh/72881#c11
Q008759,wiki-zh/72881#c11
Q008760,wiki-zh/72881#c12
Q008761,wiki-zh/72881#c12
Q008762,wiki-zh/72881#c12
Q008763,wiki-zh/72881#c12
Q008764,wiki-zh/72881#c12
Q008765,wiki-zh/72881#c12
Q008766,wiki-zh/72881#c12
Q008767,wiki-zh/72881#c13
Q008768,wiki-zh/72881#c13
Q008769,wiki-zh/72881#c14
Q008770,wiki-zh/72881#c14
Q008771,wiki-zh/72881#c15
Q008772,wiki-zh/72881#c15
Q008773,wiki-zh/72881#c16
Q008774,wiki-zh/72881#c16
Q008775,wiki-zh/72881#c17
Q008776,wiki-zh/72881#c18
Q008777,wiki-zh/72881#c18
Q008778,wiki-zh/72881#c19
Q008779,wiki-zh/72881#c19
Q008780,wiki-zh/72881#c20
Q008781,wiki-zh/72881#c20
Q008782,wiki-zh/72881#c20
Q008783,wiki-zh/72881#c21
Q008784,wiki-zh/72881#c21
Q008785,wiki-zh/72881#c21
Q008786,wiki-zh/72881#c22
Q008787,wiki-zh/72881#c22
Q008788,wiki-zh/72881#c22
Q008789,wiki-zh/72881#c23
Q008790,wiki-zh/72881#c23
Q008791,wiki-zh/72881#c22
Q008792,wiki-zh/72881#c22
Q008793,wiki-zh/72881#c22
Q008794,wiki-zh/72881#c24
Q008795,wiki-zh/72881#c24
Q008796,wiki-zh/72881#c25
Q008797,wiki-zh/72881#c25
Q008798,wiki-zh/72881#c25
Q008799,wiki-zh/72881#c25
Q008800,wiki-zh/72881#c25
Q008801,wiki-zh/72881#c26
Q008802,wiki-zh/72881#c26
Q008803,wiki-zh/72881#c12
Q008804,wiki-zh/72881#c26
Q008805,wiki-zh/72881#c27
Q008806,wiki-zh/72881#c27
Q008807,wiki-zh/72881#c27
Q008808,wiki-zh/72881#c28
Q008809,wiki-zh/72881#c28
Q008810,wiki-zh/72881#c29
Q008811,wiki-zh/72881#c29
Q008812,wiki-zh/72881#c30
Q008813,wiki-zh/72881#c30
Q008814,wiki-zh/72881#c31
Q008815,wiki-zh/72881#c30
Q008816,wiki-zh/72881#c32
Q008817,wiki-zh/72881#c32
Q008818,wiki-zh/72881#c32
Q008819,wiki-zh/72881#c32
Q008820,wiki-zh/72881#c32
Q008821,wiki-zh/72881#c33
Q008822,wiki-zh/72881#c33
Q008823,wiki-zh/72881#c34
Q008824,wiki-zh/72881#c34
Q008825,wiki-zh/72881#c35
Q008826,wiki-zh/72881#c36
Q008827,wiki-zh/72881#c36
Q008828,wiki-zh/72881#c5
Q008829,wiki-zh/72881#c5
Q008830,wiki-zh/72881#c6
Q008831,wiki-zh/72881#c37
Q008832,wiki-zh/72881#c38
Q008833,wiki-zh/72881#c39
Q008834,wiki-zh/72881#c5
Q008835,wiki-zh/72881#c12
Q008836,wiki-zh/72881#c40
Q008837,wiki-zh/72881#c40
Q008838,wiki-zh/72881#c40
Q008839,wiki-zh/72881#c40
Q008840,wiki-zh/72881#c40
Q008841,wiki-zh/72881#c40
Q008842,wiki-zh/72881#c40
Q008843,wiki-zh/72881#c40
Q008844,wiki-zh/72881#c40
Q008845,wiki-zh/72881#c40
Q008846,wiki-zh/72881#c41
Q008847,wiki-zh/72881#c41
Q008848,wiki-zh/72881#c41
Q008849,wiki-zh/72881#c41
Q008850,wiki-zh/72881#c41
Q008851,wiki-zh/72881#c42
Q008852,wiki-zh/72881#c42
Q008853,wiki-zh/72881#c41
Q008854,wiki-zh/72881#c42
Q008855,wiki-zh/72881#c42
Q008856,wiki-zh/72881#c43
Q008857,wiki-zh/72881#c41
Q008858,wiki-zh/72881#c44
Q008859,wiki-zh/72881#c45
Q008860,wiki-zh/72881#c45
Q008861,wiki-zh/72881#c45
Q008862,wiki-zh/72881#c45
Q008863,wiki-zh/72881#c45
Q008864,wiki-zh/72881#c46
Q008865,wiki-zh/72881#c46
Q008866,wiki-zh/72881#c47
Q008867,wiki-zh/72881#c47
Q008868,wiki-zh/72881#c48
Q008869,wiki-zh/72881#c48
Q008870,wiki-zh/72881#c48
Q008871,wiki-zh/72881#c49
Q008872,wiki-zh/72881#c50
Q008873,wiki-zh/72881#c51
Q008874,wiki-zh/72881#c52
Q008875,wiki-zh/730588#c0
Q008876,wiki-zh/730588#c1
Q008877,wiki-zh/730588#c2
Q008878,wiki-zh/730588#c3
Q008879,wiki-zh/730588#c4
Q008880,wiki-zh/730588#c5
Q008881,wiki-zh/730588#c6
Q008882,wiki-zh/730588#c6
Q008883,wiki-zh/730588#c7
Q008884,wiki-zh/730588#c7
Q008885,wiki-zh/730588#c7
Q008886,wiki-zh/730588#c7
Q008887,wiki-zh/730588#c7
Q008888,wiki-zh/730588#c7
Q008889,wiki-zh/730588#c7
Q008890,wiki-zh/730588#c7
Q008891,wiki-zh/730588#c7
Q008892,wiki-zh/730588#c7
Q008893,wiki-zh/730588#c7
Q008894,wiki-zh/730588#c7
Q008895,wiki-zh/730588#c7
Q008896,wiki-zh/730588#c7
Q008897,wiki-zh/730588#c7
Q008898,wiki-zh/730588#c7
Q008899,wiki-zh/730588#c7
Q008900,wiki-zh/730588#c8
Q008901,wiki-zh/730588#c8
Q008902,wiki-zh/730588#c8
Q008903,wiki-zh/730588#c8
Q008904,wiki-zh/730588#c9
Q008905,wiki-zh/730588#c9
Q008906,wiki-zh/730588#c10
Q008907,wiki-zh/730588#c10
Q008908,wiki-zh/730588#c10
Q008909,wiki-zh/730588#c10
Q008910,wiki-zh/730588#c10
Q008911,wiki-zh/730588#c10
Q008912,wiki-zh/730588#c10
Q008913,wiki-zh/730588#c10
Q008914,wiki-zh/730588#c10
Q008915,wiki-zh/730588#c10
Q008916,wiki-zh/730588#c10
Q008917,wiki-zh/730588#c10
Q008918,wiki-zh/730588#c10
Q008919,wiki-zh/730588#c10
Q008920,wiki-zh/730588#c10
Q008921,wiki-zh/730588#c10
Q008922,wiki-zh/730588#c10
Q008923,wiki-zh/730588#c10
Q008924,wiki-zh/730588#c10
Q008925,wiki-zh/730588#c10
Q008926,wiki-zh/730588#c10
Q008927,wiki-zh/730588#c10
Q008928,wiki-zh/730588#c10
Q008929,wiki-zh/730588#c10
Q008930,wiki-zh/730588#c10
Q008931,wiki-zh/730588#c10
Q008932,wiki-zh/730588#c10
Q008933,wiki-zh/730588#c10
Q008934,wiki-zh/730588#c10
Q008935,wiki-zh/730588#c10
Q008936,wiki-zh/730588#c10
Q008937,wiki-zh/730588#c10
Q008938,wiki-zh/730588#c10
Q008939,wiki-zh/730588#c10
Q008940,wiki-zh/730588#c10
Q008941,wiki-zh/730588#c10
Q008942,wiki-zh/730588#c10
Q008943,wiki-zh/730588#c10
Q008944,wiki-zh/730588#c10
Q008945,wiki-zh/730588#c10
Q008946,wiki-zh/730588#c11
Q008947,wiki-zh/730588#c12
Q008948,wiki-zh/730588#c13
Q008949,wiki-zh/730588#c14
Q008950,wiki-zh/730588#c15
Q008951,wiki-zh/730588#c15
Q008952,wiki-zh/730588#c15
Q008953,wiki-zh/730588#c15
Q008954,wiki-zh/730588#c15
Q008955,wiki-zh/730588#c15
Q008956,wiki-zh/730588#c14
Q008957,wiki-zh/730588#c10
Q008958,wiki-zh/730588#c16
Q008959,wiki-zh/730588#c17
Q008960,wiki-zh/730588#c17
Q008961,wiki-zh/730588#c18
Q008962,wiki-zh/730588#c18
Q008963,wiki-zh/730588#c19
Q008964,wiki-zh/730588#c19
Q008965,wiki-zh/730588#c19
Q008966,wiki-zh/730588#c19
Q008967,wiki-zh/730588#c15
Q008968,wiki-zh/730588#c19
Q008969,wiki-zh/730588#c19
Q008970,wiki-zh/730588#c19
Q008971,wiki-zh/730588#c19
Q008972,wiki-zh/730588#c20
Q008973,wiki-zh/730588#c20
Q008974,wiki-zh/730588#c20
Q008975,wiki-zh/730588#c21
Q008976,wiki-zh/730588#c21
Q008977,wiki-zh/730588#c21
Q008978,wiki-zh/730588#c22
Q008979,wiki-zh/730588#c23
Q008980,wiki-zh/730588#c24
Q008981,wiki-zh/730588#c24
Q008982,wiki-zh/730588#c24
Q008983,wiki-zh/730588#c24
Q008984,wiki-zh/730588#c24
Q008985,wiki-zh/730588#c24
Q008986,wiki-zh/730588#c24
Q008987,wiki-zh/730588#c24
Q008988,wiki-zh/730588#c24
Q008989,wiki-zh/730588#c24
Q008990,wiki-zh/730588#c24
Q008991,wiki-zh/730588#c24
Q008992,wiki-zh/730588#c24
Q008993,wiki-zh/730588#c25
Q008994,wiki-zh/730588#c25
Q008995,wiki-zh/730588#c26
Q008996,wiki-zh/730588#c27
Q008997,wiki-zh/730588#c27
Q008998,wiki-zh/730588#c28
Q008999,wiki-zh/730588#c29
Q009000,wiki-zh/730588#c30
Q009001,wiki-zh/730588#c31
Q009002,wiki-zh/730588#c32
Q009003,wiki-zh/730588#c33
Q009004,wiki-zh/730588#c34
Q009005,wiki-zh/730588#c35
Q009006,wiki-zh/730588#c35
Q009007,wiki-zh/730588#c35
Q009008,wiki-zh/730588#c35
Q009009,wiki-zh/730588#c35
Q009010,wiki-zh/730588#c35
Q009011,wiki-zh/730588#c36
Q009012,wiki-zh/730588#c36
Q009013,wiki-zh/730588#c35
Q009014,wiki-zh/730588#c35
Q009015,wiki-zh/730588#c35
Q009016,wiki-zh/730588#c35
Q009017,wiki-zh/730588#c35
Q009018,wiki-zh/730588#c35
Q009019,wiki-zh/730588#c35
Q009020,wiki-zh/730588#c35
Q009021,wiki-zh/730588#c35
Q009022,wiki-zh/730588#c35
Q009023,wiki-zh/730588#c35
Q009024,wiki-zh/730588#c35
Q009025,wiki-zh/730588#c37
Q009026,wiki-zh/730588#c37
Q009027,wiki-zh/730588#c35
Q009028,wiki-zh/730588#c35
Q009029,wiki-zh/730588#c37
Q009030,wiki-zh/730588#c37
Q009031,wiki-zh/730588#c37
Q009032,wiki-zh/730588#c37
Q009033,wiki-zh/730588#c38
Q009034,wiki-zh/730588#c38
Q009035,wiki-zh/730588#c38
Q009036,wiki-zh/730588#c38
Q009037,wiki-zh/730588#c38
Q009038,wiki-zh/730588#c38
Q009039,wiki-zh/730588#c38
Q009040,wiki-zh/730588#c38
Q009041,wiki-zh/730588#c38
Q009042,wiki-zh/730588#c38
Q009043,wiki-zh/730588#c38
Q009044,wiki-zh/730588#c38
Q009045,wiki-zh/730588#c38
Q009046,wiki-zh/730588#c38
Q009047,wiki-zh/730588#c38
Q009048,wiki-zh/730588#c38
Q009049,wiki-zh/730588#c38
Q009050,wiki-zh/730588#c38
Q009051,wiki-zh/730588#c39
Q009052,wiki-zh/730588#c39
Q009053,wiki-zh/730588#c40
Q009054,wiki-zh/730588#c40
Q009055,wiki-zh/730588#c40
Q009056,wiki-zh/730588#c40
Q009057,wiki-zh/730588#c40
Q009058,wiki-zh/730588#c40
Q009059,wiki-zh/730588#c40
Q009060,wiki-zh/730588#c40
Q009061,wiki-zh/730588#c40
Q009062,wiki-zh/730588#c40
Q009063,wiki-zh/730588#c40
Q009064,wiki-zh/730588#c40
Q009065,wiki-zh/730588#c40
Q009066,wiki-zh/730588#c40
Q009067,wiki-zh/730588#c40
Q009068,wiki-zh/730588#c40
Q009069,wiki-zh/730588#c41
Q009070,wiki-zh/730588#c42
Q009071,wiki-zh/730588#c42
Q009072,wiki-zh/730588#c43
Q009073,wiki-zh/730588#c43
Q009074,wiki-zh/730588#c44
Q009075,wiki-zh/730588#c44
Q009076,wiki-zh/730588#c44
Q009077,wiki-zh/730588#c44
Q009078,wiki-zh/730588#c44
Q009079,wiki-zh/730588#c44
Q009080,wiki-zh/730588#c44
Q009081,wiki-zh/730588#c44
Q009082,wiki-zh/730588#c44
Q009083,wiki-zh/730588#c44
Q009084,wiki-zh/730588#c44
Q009085,wiki-zh/730588#c44
Q009086,wiki-zh/730588#c44
Q009087,wiki-zh/730588#c44
Q009088,wiki-zh/730588#c45
Q009089,wiki-zh/730588#c45
Q009090,wiki-zh/730588#c44
Q009091,wiki-zh/730588#c44
Q009092,wiki-zh/730588#c44
Q009093,wiki-zh/730588#c46
Q009094,wiki-zh/730588#c46
Q009095,wiki-zh/730588#c44
Q009096,wiki-zh/730588#c44
Q009097,wiki-zh/730588#c44
Q009098,wiki-zh/730588#c47
Q009099,wiki-zh/730588#c47
Q009100,wiki-zh/730588#c44
Q009101,wiki-zh/730588#c44
Q009102,wiki-zh/730588#c44
Q009103,wiki-zh/730588#c44
Q009104,wiki-zh/730588#c44
Q009105,wiki-zh/730588#c44
Q009106,wiki-zh/730588#c44
Q009107,wiki-zh/730588#c44
Q009108,wiki-zh/730588#c44
Q009109,wiki-zh/730588#c44
Q009110,wiki-zh/730588#c44
Q009111,wiki-zh/730588#c44
Q009112,wiki-zh/730588#c44
Q009113,wiki-zh/730588#c48
Q009114,wiki-zh/730588#c48
Q009115,wiki-zh/730588#c48
Q009116,wiki-zh/730588#c48
Q009117,wiki-zh/730588#c48
Q009118,wiki-zh/730588#c48
Q009119,wiki-zh/730588#c48
Q009120,wiki-zh/730588#c48
Q009121,wiki-zh/730588#c48
Q009122,wiki-zh/730588#c48
Q009123,wiki-zh/730588#c48
Q009124,wiki-zh/730588#c48
Q009125,wiki-zh/730588#c48
Q009126,wiki-zh/730588#c48
Q009127,wiki-zh/730588#c48
Q009128,wiki-zh/730588#c48
Q009129,wiki-zh/730588#c48
Q009130,wiki-zh/730588#c48
Q009131,wiki-zh/730588#c48
Q009132,wiki-zh/730588#c48
Q009133,wiki-zh/730588#c48
Q009134,wiki-zh/730588#c48
Q009135,wiki-zh/730588#c49
Q009136,wiki-zh/730588#c49
Q009137,wiki-zh/730588#c49
Q009138,wiki-zh/730588#c49
Q009139,wiki-zh/730588#c49
Q009140,wiki-zh/730588#c49
Q009141,wiki-zh/730588#c49
Q009142,wiki-zh/730588#c49
Q009143,wiki-zh/730588#c49
Q009144,wiki-zh/730588#c49
Q009145,wiki-zh/730588#c49
Q009146,wiki-zh/730588#c49
Q009147,wiki-zh/730588#c49
Q009148,wiki-zh/730588#c49
Q009149,wiki-zh/730588#c49
Q009150,wiki-zh/730588#c49
Q009151,wiki-zh/730588#c49
Q009152,wiki-zh/730588#c49
Q009153,wiki-zh/730588#c49
Q009154,wiki-zh/730588#c49
Q009155,wiki-zh/730588#c49
Q009156,wiki-zh/730588#c49
Q009157,wiki-zh/730588#c49
Q009158,wiki-zh/730588#c49
Q009159,wiki-zh/730588#c49
Q009160,wiki-zh/730588#c49
Q009161,wiki-zh/730588#c50
Q009162,wiki-zh/730588#c50
Q009163,wiki-zh/730588#c51
Q009164,wiki-zh/730588#c52
Q009165,wiki-zh/730588#c53
Q009166,wiki-zh/730588#c54
Q009167,wiki-zh/730588#c54
Q009168,wiki-zh/730588#c55
Q009169,wiki-zh/730588#c56
Q009170,wiki-zh/730588#c57
Q009171,wiki-zh/730588#c57
Q009172,wiki-zh/730588#c58
Q009173,wiki-zh/730588#c58
Q009174,wiki-zh/730588#c58
Q009175,wiki-zh/736469#c0
Q009176,wiki-zh/736469#c0
Q009177,wiki-zh/736469#c1
Q009178,wiki-zh/736469#c1
Q009179,wiki-zh/736469#c2
Q009180,wiki-zh/736469#c2
Q009181,wiki-zh/736469#c2
Q009182,wiki-zh/736469#c3
Q009183,wiki-zh/736469#c3
Q009184,wiki-zh/736469#c4
Q009185,wiki-zh/736469#c4
Q009186,wiki-zh/736469#c4
Q009187,wiki-zh/736469#c3
Q009188,wiki-zh/736469#c5
Q009189,wiki-zh/736469#c5
Q009190,wiki-zh/736469#c2
Q009191,wiki-zh/736469#c4
Q009192,wiki-zh/736469#c4
Q009193,wiki-zh/736469#c6
Q009194,wiki-zh/736469#c6
Q009195,wiki-zh/736469#c7
Q009196,wiki-zh/736469#c7
Q009197,wiki-zh/736469#c8
Q009198,wiki-zh/736469#c8
Q009199,wiki-zh/736469#c9
Q009200,wiki-zh/736469#c9
Q009201,wiki-zh/736469#c9
Q009202,wiki-zh/736469#c10
Q009203,wiki-zh/736469#c10
Q009204,wiki-zh/736469#c10
Q009205,wiki-zh/736469#c10
Q009206,wiki-zh/736469#c11
Q009207,wiki-zh/736469#c11
Q009208,wiki-zh/736469#c11
Q009209,wiki-zh/736469#c11
Q009210,wiki-zh/736469#c11
Q009211,wiki-zh/736469#c11
Q009212,wiki-zh/736469#c11
Q009213,wiki-zh/736469#c11
Q009214,wiki-zh/736469#c11
Q009215,wiki-zh/736469#c11
Q009216,wiki-zh/736469#c11
Q009217,wiki-zh/736469#c11
Q009218,wiki-zh/736469#c11
Q009219,wiki-zh/736469#c11
Q009220,wiki-zh/736469#c11
Q009221,wiki-zh/736469#c11
Q009222,wiki-zh/736469#c12
Q009223,wiki-zh/736469#c12
Q009224,wiki-zh/736469#c12
Q009225,wiki-zh/736469#c12
Q009226,wiki-zh/736469#c13
Q009227,wiki-zh/736469#c13
Q009228,wiki-zh/736469#c13
Q009229,wiki-zh/736469#c13
Q009230,wiki-zh/736469#c13
Q009231,wiki-zh/736469#c13
Q009232,wiki-zh/736469#c13
Q009233,wiki-zh/736469#c14
Q009234,wiki-zh/736469#c14
Q009235,wiki-zh/736469#c15
Q009236,wiki-zh/736469#c15
Q009237,wiki-zh/736469#c15
Q009238,wiki-zh/736469#c15
Q009239,wiki-zh/736469#c16
Q009240,wiki-zh/736469#c16
Q009241,wiki-zh/736469#c16
Q009242,wiki-zh/736469#c16
Q009243,wiki-zh/736469#c16
Q009244,wiki-zh/736469#c16
Q009245,wiki-zh/736469#c16
Q009246,wiki-zh/736469#c17
Q009247,wiki-zh/736469#c17
Q009248,wiki-zh/736469#c16
Q009249,wiki-zh/736469#c16
Q009250,wiki-zh/736469#c16
Q009251,wiki-zh/736469#c16
Q009252,wiki-zh/736469#c16
Q009253,wiki-zh/736469#c16
Q009254,wiki-zh/736469#c16
Q009255,wiki-zh/736469#c16
Q009256,wiki-zh/736469#c16
Q009257,wiki-zh/736469#c16
Q009258,wiki-zh/736469#c18
Q009259,wiki-zh/736469#c18
Q009260,wiki-zh/736469#c18
Q009261,wiki-zh/736469#c18
Q009262,wiki-zh/736469#c18
Q009263,wiki-zh/736469#c18
Q009264,wiki-zh/736469#c18
Q009265,wiki-zh/736469#c18
Q009266,wiki-zh/736469#c19
Q009267,wiki-zh/736469#c19
Q009268,wiki-zh/736469#c19
Q009269,wiki-zh/736469#c19
Q009270,wiki-zh/736469#c19
Q009271,wiki-zh/736469#c19
Q009272,wiki-zh/736469#c19
Q009273,wiki-zh/736469#c19
Q009274,wiki-zh/736469#c19
Q009275,wiki-zh/736469#c20
Q009276,wiki-zh/736469#c20
Q009277,wiki-zh/736469#c21
Q009278,wiki-zh/736469#c21
Q009279,wiki-zh/736469#c21
Q009280,wiki-zh/736469#c22
Q009281,wiki-zh/736469#c22
Q009282,wiki-zh/736469#c23
Q009283,wiki-zh/736469#c23
Q009284,wiki-zh/736469#c23
Q009285,wiki-zh/736469#c23
Q009286,wiki-zh/736469#c24
Q009287,wiki-zh/736469#c24
Q009288,wiki-zh/736469#c25
Q009289,wiki-zh/736469#c25
Q009290,wiki-zh/736469#c26
Q009291,wiki-zh/736469#c26
Q009292,wiki-zh/736469#c26
Q009293,wiki-zh/736469#c26
Q009294,wiki-zh/736469#c26
Q009295,wiki-zh/736469#c26
Q009296,wiki-zh/736469#c26
Q009297,wiki-zh/736469#c26
Q009298,wiki-zh/736469#c26
Q009299,wiki-zh/736469#c26
Q009300,wiki-zh/736469#c26
Q009301,wiki-zh/736469#c26
Q009302,wiki-zh/736469#c26
Q009303,wiki-zh/736469#c26
Q009304,wiki-zh/736469#c26
Q009305,wiki-zh/736469#c26
Q009306,wiki-zh/736469#c26
Q009307,wiki-zh/736469#c26
Q009308,wiki-zh/736469#c27
Q009309,wiki-zh/736469#c27
Q009310,wiki-zh/736469#c26
Q009311,wiki-zh/736469#c26
Q009312,wiki-zh/736469#c26
Q009313,wiki-zh/736469#c26
Q009314,wiki-zh/736469#c26
Q009315,wiki-zh/736469#c26
Q009316,wiki-zh/736469#c26
Q009317,wiki-zh/736469#c26
Q009318,wiki-zh/736469#c26
Q009319,wiki-zh/736469#c27
Q009320,wiki-zh/736469#c28
Q009321,wiki-zh/736469#c28
Q009322,wiki-zh/736469#c28
Q009323,wiki-zh/736469#c28
Q009324,wiki-zh/736469#c28
Q009325,wiki-zh/736469#c28
Q009326,wiki-zh/736469#c28
Q009327,wiki-zh/736469#c28
Q009328,wiki-zh/736469#c28
Q009329,wiki-zh/736469#c28
Q009330,wiki-zh/736469#c29
Q009331,wiki-zh/736469#c29
Q009332,wiki-zh/736469#c29
Q009333,wiki-zh/736469#c30
Q009334,wiki-zh/736469#c30
Q009335,wiki-zh/736469#c30
Q009336,wiki-zh/736469#c30
Q009337,wiki-zh/736469#c30
Q009338,wiki-zh/736469#c30
Q009339,wiki-zh/736469#c30
Q009340,wiki-zh/736469#c30
Q009341,wiki-zh/736469#c30
Q009342,wiki-zh/736469#c30
Q009343,wiki-zh/736469#c30
Q009344,wiki-zh/736469#c30
Q009345,wiki-zh/736469#c30
Q009346,wiki-zh/736469#c31
Q009347,wiki-zh/736469#c31
Q009348,wiki-zh/736469#c31
Q009349,wiki-zh/736469#c31
Q009350,wiki-zh/736469#c31
Q009351,wiki-zh/736469#c31
Q009352,wiki-zh/736469#c31
Q009353,wiki-zh/736469#c31
Q009354,wiki-zh/736469#c31
Q009355,wiki-zh/736469#c31
Q009356,wiki-zh/736469#c32
Q009357,wiki-zh/736469#c32
Q009358,wiki-zh/736469#c33
Q009359,wiki-zh/736469#c33
Q009360,wiki-zh/736469#c34
Q009361,wiki-zh/736469#c34
Q009362,wiki-zh/736469#c35
Q009363,wiki-zh/736469#c35
Q009364,wiki-zh/736469#c36
Q009365,wiki-zh/736469#c36
Q009366,wiki-zh/736469#c37
Q009367,wiki-zh/736469#c37
Q009368,wiki-zh/736469#c38
Q009369,wiki-zh/736469#c38
Q009370,wiki-zh/736469#c38
Q009371,wiki-zh/736469#c38
Q009372,wiki-zh/736469#c38
Q009373,wiki-zh/736469#c39
Q009374,wiki-zh/736469#c39
Q009375,wiki-zh/736469#c40
Q009376,wiki-zh/736469#c40
Q009377,wiki-zh/88142#c0
Q009378,wiki-zh/88142#c0
Q009379,wiki-zh/88142#c1
Q009380,wiki-zh/88142#c1
Q009381,wiki-zh/88142#c1
Q009382,wiki-zh/88142#c1
Q009383,wiki-zh/88142#c1
Q009384,wiki-zh/88142#c1
Q009385,wiki-zh/88142#c1
Q009386,wiki-zh/88142#c1
Q009387,wiki-zh/88142#c1
Q009388,wiki-zh/88142#c1
Q009389,wiki-zh/88142#c1
Q009390,wiki-zh/88142#c1
Q009391,wiki-zh/88142#c1
Q009392,wiki-zh/88142#c1
Q009393,wiki-zh/88142#c1
Q009394,wiki-zh/88142#c1
Q009395,wiki-zh/88142#c1
Q009396,wiki-zh/88142#c1
Q009397,wiki-zh/88142#c2
Q009398,wiki-zh/88142#c2
Q009399,wiki-zh/88142#c3
Q009400,wiki-zh/88142#c2
Q009401,wiki-zh/88142#c3
Q009402,wiki-zh/88142#c2
Q009403,wiki-zh/88142#c4
Q009404,wiki-zh/88142#c4
Q009405,wiki-zh/88142#c4
Q009406,wiki-zh/88142#c4
Q009407,wiki-zh/88142#c4
Q009408,wiki-zh/88142#c4
Q009409,wiki-zh/88142#c4
Q009410,wiki-zh/88142#c4
Q009411,wiki-zh/88142#c5
Q009412,wiki-zh/88142#c5
Q009413,wiki-zh/88142#c5
Q009414,wiki-zh/88142#c5
Q009415,wiki-zh/88142#c5
Q009416,wiki-zh/88142#c5
Q009417,wiki-zh/88142#c5
Q009418,wiki-zh/88142#c5
Q009419,wiki-zh/88142#c5
Q009420,wiki-zh/88142#c5
Q009421,wiki-zh/88142#c6
Q009422,wiki-zh/88142#c6
Q009423,wiki-zh/88142#c7
Q009424,wiki-zh/88142#c7
Q009425,wiki-zh/88142#c7
Q009426,wiki-zh/88142#c8
Q009427,wiki-zh/88142#c8
Q009428,wiki-zh/88142#c8
Q009429,wiki-zh/88142#c8
Q009430,wiki-zh/88142#c8
Q009431,wiki-zh/88142#c8
Q009432,wiki-zh/88142#c8
Q009433,wiki-zh/88142#c8
Q009434,wiki-zh/88142#c8
Q009435,wiki-zh/88142#c8
Q009436,wiki-zh/88142#c8
Q009437,wiki-zh/88142#c8
Q009438,wiki-zh/88142#c9
Q009439,wiki-zh/88142#c9
Q009440,wiki-zh/88142#c8
Q009441,wiki-zh/88142#c8
Q009442,wiki-zh/88142#c10
Q009443,wiki-zh/88142#c10
Q009444,wiki-zh/88142#c11
Q009445,wiki-zh/88142#c11
Q009446,wiki-zh/88142#c11
Q009447,wiki-zh/88142#c11
Q009448,wiki-zh/88142#c11
Q009449,wiki-zh/88142#c11
Q009450,wiki-zh/88142#c11
Q009451,wiki-zh/88142#c11
Q009452,wiki-zh/88142#c12
Q009453,wiki-zh/88142#c12
Q009454,wiki-zh/88142#c13
Q009455,wiki-zh/88142#c13
Q009456,wiki-zh/88142#c13
Q009457,wiki-zh/88142#c13
Q009458,wiki-zh/88142#c13
Q009459,wiki-zh/88142#c13
Q009460,wiki-zh/88142#c14
Q009461,wiki-zh/88142#c14
Q009462,wiki-zh/88142#c14
Q009463,wiki-zh/88142#c14
Q009464,wiki-zh/88142#c14
Q009465,wiki-zh/88142#c14
Q009466,wiki-zh/88142#c14
Q009467,wiki-zh/88142#c14
Q009468,wiki-zh/88142#c14
Q009469,wiki-zh/88142#c14
Q009470,wiki-zh/88142#c14
Q009471,wiki-zh/88142#c11
Q009472,wiki-zh/88142#c14
Q009473,wiki-zh/88142#c14
Q009474,wiki-zh/88142#c14
Q009475,wiki-zh/88142#c15
Q009476,wiki-zh/88142#c15
Q009477,wiki-zh/88142#c16
Q009478,wiki-zh/88142#c16
Q009479,wiki-zh/88142#c16
Q009480,wiki-zh/88142#c16
Q009481,wiki-zh/88142#c17
Q009482,wiki-zh/88142#c17
Q009483,wiki-zh/88142#c18
Q009484,wiki-zh/88142#c18
Q009485,wiki-zh/88142#c18
Q009486,wiki-zh/88142#c18
Q009487,wiki-zh/88142#c18
Q009488,wiki-zh/88142#c19
Q009489,wiki-zh/88142#c19
Q009490,wiki-zh/88142#c19
Q009491,wiki-zh/88142#c19
Q009492,wiki-zh/88142#c20
Q009493,wiki-zh/88142#c20
Q009494,wiki-zh/88142#c20
Q009495,wiki-zh/88142#c20
Q009496,wiki-zh/88142#c20
Q009497,wiki-zh/88142#c20
Q009498,wiki-zh/88142#c20
Q009499,wiki-zh/88142#c20
Q009500,wiki-zh/88142#c21
Q009501,wiki-zh/88142#c21
Q009502,wiki-zh/88142#c21
Q009503,wiki-zh/88142#c21
Q009504,wiki-zh/88142#c21
Q009505,wiki-zh/88142#c21
Q009506,wiki-zh/88142#c21
Q009507,wiki-zh/88142#c21
Q009508,wiki-zh/88142#c22
Q009509,wiki-zh/88142#c22
Q009510,wiki-zh/88142#c22
Q009511,wiki-zh/88142#c22
Q009512,wiki-zh/88142#c22
Q009513,wiki-zh/88142#c22
Q009514,wiki-zh/88142#c22
Q009515,wiki-zh/88142#c22
Q009516,wiki-zh/88142#c22
Q009517,wiki-zh/88142#c22
Q009518,wiki-zh/88142#c22
Q009519,wiki-zh/88142#c22
Q009520,wiki-zh/88142#c22
Q009521,wiki-zh/88142#c22
Q009522,wiki-zh/88142#c22
Q009523,wiki-zh/88142#c22
Q009524,wiki-zh/88142#c22
Q009525,wiki-zh/88142#c22
Q009526,wiki-zh/88142#c22
Q009527,wiki-zh/88142#c22
Q009528,wiki-zh/88142#c22
Q009529,wiki-zh/88142#c22
Q009530,wiki-zh/88142#c22
Q009531,wiki-zh/88142#c22
Q009532,wiki-zh/88142#c23
Q009533,wiki-zh/88142#c23
Q009534,wiki-zh/88142#c24
Q009535,wiki-zh/88142#c24
Q009536,wiki-zh/88142#c22
Q009537,wiki-zh/88142#c22
Q009538,wiki-zh/88142#c22
Q009539,wiki-zh/88142#c22
Q009540,wiki-zh/88142#c22
Q009541,wiki-zh/88142#c22
Q009542,wiki-zh/88142#c22
Q009543,wiki-zh/88142#c22
Q009544,wiki-zh/88142#c22
Q009545,wiki-zh/88142#c25
Q009546,wiki-zh/88142#c25
Q009547,wiki-zh/88142#c25
Q009548,wiki-zh/88142#c25
Q009549,wiki-zh/88142#c26
Q009550,wiki-zh/88142#c27
Q009551,wiki-zh/88142#c27
Q009552,wiki-zh/891976#c0
Q009553,wiki-zh/891976#c1
Q009554,wiki-zh/891976#c1
Q009555,wiki-zh/891976#c2
Q009556,wiki-zh/891976#c2
Q009557,wiki-zh/891976#c2
Q009558,wiki-zh/891976#c2
Q009559,wiki-zh/891976#c2
Q009560,wiki-zh/891976#c3
Q009561,wiki-zh/891976#c3
Q009562,wiki-zh/891976#c3
Q009563,wiki-zh/891976#c3
Q009564,wiki-zh/891976#c4
Q009565,wiki-zh/891976#c4
Q009566,wiki-zh/891976#c5
Q009567,wiki-zh/891976#c5
Q009568,wiki-zh/891976#c5
Q009569,wiki-zh/891976#c1
Q009570,wiki-zh/891976#c5
Q009571,wiki-zh/891976#c1
Q009572,wiki-zh/891976#c6
Q009573,wiki-zh/891976#c6
Q009574,wiki-zh/891976#c6
Q009575,wiki-zh/891976#c6
Q009576,wiki-zh/891976#c1
Q009577,wiki-zh/891976#c7
Q009578,wiki-zh/891976#c7
Q009579,wiki-zh/891976#c7
Q009580,wiki-zh/891976#c7
Q009581,wiki-zh/891976#c7
Q009582,wiki-zh/891976#c8
Q009583,wiki-zh/891976#c8
Q009584,wiki-zh/891976#c9
Q009585,wiki-zh/891976#c9
Q009586,wiki-zh/891976#c9
Q009587,wiki-zh/891976#c9
Q009588,wiki-zh/891976#c9
Q009589,wiki-zh/891976#c9
Q009590,wiki-zh/891976#c9
Q009591,wiki-zh/891976#c9
Q009592,wiki-zh/891976#c9
Q009593,wiki-zh/891976#c9
Q009594,wiki-zh/891976#c10
Q009595,wiki-zh/891976#c10
Q009596,wiki-zh/891976#c10
Q009597,wiki-zh/891976#c10
Q009598,wiki-zh/891976#c10
Q009599,wiki-zh/891976#c10
Q009600,wiki-zh/891976#c10
Q009601,wiki-zh/891976#c10
Q009602,wiki-zh/891976#c10
Q009603,wiki-zh/891976#c10
Q009604,wiki-zh/891976#c10
Q009605,wiki-zh/891976#c11
Q009606,wiki-zh/891976#c11
Q009607,wiki-zh/891976#c12
Q009608,wiki-zh/891976#c12
Q009609,wiki-zh/891976#c12
Q009610,wiki-zh/891976#c12
Q009611,wiki-zh/891976#c13
Q009612,wiki-zh/891976#c13
Q009613,wiki-zh/891976#c13
Q009614,wiki-zh/891976#c13
Q009615,wiki-zh/891976#c13
Q009616,wiki-zh/891976#c13
Q009617,wiki-zh/891976#c14
Q009618,wiki-zh/891976#c14
Q009619,wiki-zh/891976#c14
Q009620,wiki-zh/891976#c14
Q009621,wiki-zh/891976#c14
Q009622,wiki-zh/891976#c15
Q009623,wiki-zh/891976#c15
Q009624,wiki-zh/891976#c14
Q009625,wiki-zh/891976#c15
Q009626,wiki-zh/891976#c15
Q009627,wiki-zh/891976#c15
Q009628,wiki-zh/891976#c15
Q009629,wiki-zh/891976#c15
Q009630,wiki-zh/891976#c15
Q009631,wiki-zh/891976#c16
Q009632,wiki-zh/891976#c16
Q009633,wiki-zh/891976#c17
Q009634,wiki-zh/891976#c17
Q009635,wiki-zh/891976#c17
Q009636,wiki-zh/891976#c17
Q009637,wiki-zh/891976#c17
Q009638,wiki-zh/891976#c18
Q009639,wiki-zh/891976#c18
Q009640,wiki-zh/891976#c18
Q009641,wiki-zh/891976#c18
Q009642,wiki-zh/891976#c18
Q009643,wiki-zh/891976#c19
Q009644,wiki-zh/891976#c19
Q009645,wiki-zh/891976#c20
Q009646,wiki-zh/891976#c20
Q009647,wiki-zh/891976#c20
Q009648,wiki-zh/891976#c20
Q009649,wiki-zh/891976#c21
Q009650,wiki-zh/891976#c21
Q009651,wiki-zh/891976#c21
Q009652,wiki-zh/891976#c21
Q009653,wiki-zh/891976#c21
Q009654,wiki-zh/891976#c21
Q009655,wiki-zh/891976#c21
Q009656,wiki-zh/891976#c21
Q009657,wiki-zh/891976#c21
Q009658,wiki-zh/891976#c21
Q009659,wiki-zh/891976#c21
Q009660,wiki-zh/891976#c22
Q009661,wiki-zh/891976#c22
Q009662,wiki-zh/891976#c21
Q009663,wiki-zh/891976#c21
Q009664,wiki-zh/891976#c23
Q009665,wiki-zh/891976#c23
Q009666,wiki-zh/891976#c24
Q009667,wiki-zh/891976#c24
Q009668,wiki-zh/891976#c25
Q009669,wiki-zh/891976#c25
Q009670,wiki-zh/891976#c25
Q009671,wiki-zh/891976#c25
Q009672,wiki-zh/891976#c25
Q009673,wiki-zh/891976#c26
Q009674,wiki-zh/891976#c26
Q009675,wiki-zh/891976#c27
Q009676,wiki-zh/891976#c27
Q009677,wiki-zh/891976#c27
Q009678,wiki-zh/891976#c27
Q009679,wiki-zh/891976#c27
Q009680,wiki-zh/891976#c27
Q009681,wiki-zh/891976#c27
Q009682,wiki-zh/891976#c27
Q009683,wiki-zh/891976#c27
Q009684,wiki-zh/891976#c27
Q009685,wiki-zh/891976#c27
Q009686,wiki-zh/891976#c27
Q009687,wiki-zh/891976#c27
Q009688,wiki-zh/891976#c27
Q009689,wiki-zh/891976#c27
Q009690,wiki-zh/891976#c27
Q009691,wiki-zh/891976#c27
Q009692,wiki-zh/891976#c27
Q009693,wiki-zh/891976#c27
Q009694,wiki-zh/891976#c27
Q009695,wiki-zh/891976#c27
Q009696,wiki-zh/891976#c28
Q009697,wiki-zh/891976#c28
Q009698,wiki-zh/891976#c28
Q009699,wiki-zh/891976#c28
Q009700,wiki-zh/891976#c28
Q009701,wiki-zh/891976#c28
Q009702,wiki-zh/891976#c28
Q009703,wiki-zh/891976#c29
Q009704,wiki-zh/891976#c29
Q009705,wiki-zh/891976#c29
Q009706,wiki-zh/891976#c30
Q009707,wiki-zh/891976#c30
Q009708,wiki-zh/891976#c30
Q009709,wiki-zh/891976#c30
Q009710,wiki-zh/891976#c30
Q009711,wiki-zh/891976#c30
Q009712,wiki-zh/891976#c30
Q009713,wiki-zh/891976#c30
Q009714,wiki-zh/891976#c30
Q009715,wiki-zh/891976#c30
Q009716,wiki-zh/891976#c30
Q009717,wiki-zh/891976#c30
Q009718,wiki-zh/891976#c30
Q009719,wiki-zh/891976#c30
Q009720,wiki-zh/891976#c30
Q009721,wiki-zh/891976#c30
Q009722,wiki-zh/891976#c30
Q009723,wiki-zh/891976#c30
Q009724,wiki-zh/891976#c30
Q009725,wiki-zh/891976#c31
Q009726,wiki-zh/891976#c31
Q009727,wiki-zh/891976#c32
Q009728,wiki-zh/891976#c32
Q009729,wiki-zh/891976#c33
Q009730,wiki-zh/891976#c34
Q009731,wiki-zh/891976#c34
Q009732,wiki-zh/891976#c35
Q009733,wiki-zh/891976#c35
Q009734,wiki-zh/891976#c36
Q009735,wiki-zh/891976#c36
Q009736,wiki-zh/891976#c37
Q009737,wiki-zh/891976#c37
Q009738,wiki-zh/891976#c38
Q009739,wiki-zh/891976#c38
Q009740,wiki-zh/899004#c0
Q009741,wiki-zh/899004#c0
Q009742,wiki-zh/899004#c1
Q009743,wiki-zh/899004#c2
Q009744,wiki-zh/899004#c3
Q009745,wiki-zh/899004#c3
Q009746,wiki-zh/899004#c4
Q009747,wiki-zh/899004#c4
Q009748,wiki-zh/899004#c5
Q009749,wiki-zh/899004#c6
Q009750,wiki-zh/899004#c7
Q009751,wiki-zh/899004#c7
Q009752,wiki-zh/899004#c7
Q009753,wiki-zh/899004#c7
Q009754,wiki-zh/899004#c7
Q009755,wiki-zh/899004#c8
Q009756,wiki-zh/899004#c8
Q009757,wiki-zh/899004#c9
Q009758,wiki-zh/899004#c9
Q009759,wiki-zh/899004#c10
Q009760,wiki-zh/899004#c10
Q009761,wiki-zh/899004#c11
Q009762,wiki-zh/899004#c11
Q009763,wiki-zh/899004#c12
Q009764,wiki-zh/899004#c13
Q009765,wiki-zh/899004#c13
Q009766,wiki-zh/899004#c14
Q009767,wiki-zh/899004#c15
Q009768,wiki-zh/899004#c15
Q009769,wiki-zh/899004#c16
Q009770,wiki-zh/899004#c16
Q009771,wiki-zh/899004#c17
Q009772,wiki-zh/899004#c17
Q009773,wiki-zh/899004#c16
Q009774,wiki-zh/899004#c18
Q009775,wiki-zh/899004#c18
Q009776,wiki-zh/899004#c18
Q009777,wiki-zh/899004#c19
Q009778,wiki-zh/899004#c19
Q009779,wiki-zh/899004#c20
Q009780,wiki-zh/899004#c20
Q009781,wiki-zh/899004#c20
Q009782,wiki-zh/899004#c20
Q009783,wiki-zh/899004#c21
Q009784,wiki-zh/899004#c21
Q009785,wiki-zh/899004#c22
Q009786,wiki-zh/899004#c22
Q009787,wiki-zh/899004#c22
Q009788,wiki-zh/899004#c22
Q009789,wiki-zh/899004#c22
Q009790,wiki-zh/899004#c22
Q009791,wiki-zh/899004#c22
Q009792,wiki-zh/899004#c23
Q009793,wiki-zh/899004#c22
Q009794,wiki-zh/899004#c22
Q009795,wiki-zh/899004#c22
Q009796,wiki-zh/899004#c22
Q009797,wiki-zh/899004#c22
Q009798,wiki-zh/899004#c22
Q009799,wiki-zh/899004#c22
Q009800,wiki-zh/899004#c22
Q009801,wiki-zh/899004#c22
Q009802,wiki-zh/899004#c22
Q009803,wiki-zh/899004#c22
Q009804,wiki-zh/899004#c22
Q009805,wiki-zh/899004#c22
Q009806,wiki-zh/899004#c22
Q009807,wiki-zh/899004#c22
Q009808,wiki-zh/899004#c22
Q009809,wiki-zh/899004#c22
Q009810,wiki-zh/899004#c22
Q009811,wiki-zh/899004#c22
Q009812,wiki-zh/899004#c24
Q009813,wiki-zh/899004#c24
Q009814,wiki-zh/899004#c24
Q009815,wiki-zh/899004#c24
Q009816,wiki-zh/899004#c24
Q009817,wiki-zh/899004#c24
Q009818,wiki-zh/899004#c24
Q009819,wiki-zh/899004#c24
Q009820,wiki-zh/899004#c24
Q009821,wiki-zh/899004#c24
Q009822,wiki-zh/899004#c24
Q009823,wiki-zh/899004#c25
Q009824,wiki-zh/899004#c26
Q009825,wiki-zh/899004#c26
Q009826,wiki-zh/899004#c26
Q009827,wiki-zh/899004#c26
Q009828,wiki-zh/899004#c26
Q009829,wiki-zh/899004#c26
Q009830,wiki-zh/899004#c26
Q009831,wiki-zh/899004#c26
Q009832,wiki-zh/899004#c26
Q009833,wiki-zh/899004#c26
Q009834,wiki-zh/899004#c26
Q009835,wiki-zh/899004#c26
Q009836,wiki-zh/899004#c26
Q009837,wiki-zh/899004#c26
Q009838,wiki-zh/899004#c27
Q009839,wiki-zh/899004#c27
Q009840,wiki-zh/899004#c27
Q009841,wiki-zh/899004#c27
Q009842,wiki-zh/899004#c27
Q009843,wiki-zh/899004#c27
Q009844,wiki-zh/899004#c27
Q009845,wiki-zh/899004#c27
Q009846,wiki-zh/899004#c27
Q009847,wiki-zh/899004#c28
Q009848,wiki-zh/899004#c28
Q009849,wiki-zh/899004#c29
Q009850,wiki-zh/899004#c30
Q009851,wiki-zh/899004#c31
Q009852,wiki-zh/899004#c32
Q009853,wiki-zh/899004#c33
Q009854,wiki-zh/899004#c34
Q009855,wiki-zh/899004#c34
Q009856,wiki-zh/899004#c35
Q009857,wiki-zh/899004#c36
Q009858,wiki-zh/899004#c37
Q009859,wiki-zh/899004#c38
Q009860,wiki-zh/899004#c38
Q009861,wiki-zh/899004#c39
Q009862,wiki-zh/899004#c34
Q009863,wiki-zh/899004#c34
Q009864,wiki-zh/899004#c34
Q009865,wiki-zh/899004#c34
Q009866,wiki-zh/899004#c34
Q009867,wiki-zh/899004#c34
Q009868,wiki-zh/899004#c34
Q009869,wiki-zh/899004#c40
Q009870,wiki-zh/899004#c40
Q009871,wiki-zh/899004#c41
Q009872,wiki-zh/899004#c41
Q009873,wiki-zh/899004#c41
Q009874,wiki-zh/899004#c41
Q009875,wiki-zh/899004#c42
Q009876,wiki-zh/899004#c42
Q009877,wiki-zh/899004#c42
Q009878,wiki-zh/899004#c42
Q009879,wiki-zh/899004#c42
Q009880,wiki-zh/899004#c42
Q009881,wiki-zh/899004#c42
Q009882,wiki-zh/899004#c42
Q009883,wiki-zh/899004#c43
Q009884,wiki-zh/899004#c43
Q009885,wiki-zh/899004#c43
Q009886,wiki-zh/899004#c43
Q009887,wiki-zh/899004#c43
Q009888,wiki-zh/899004#c43
Q009889,wiki-zh/899004#c43
Q009890,wiki-zh/899004#c43
Q009891,wiki-zh/899004#c43
Q009892,wiki-zh/899004#c43
Q009893,wiki-zh/899004#c43
Q009894,wiki-zh/899004#c43
Q009895,wiki-zh/899004#c43
Q009896,wiki-zh/899004#c44
Q009897,wiki-zh/899004#c44
Q009898,wiki-zh/899004#c45
Q009899,wiki-zh/899004#c45
Q009900,wiki-zh/899004#c46
Q009901,wiki-zh/899004#c47
Q009902,wiki-zh/899004#c48
Q009903,wiki-zh/899004#c48
Q009904,wiki-zh/899004#c48
Q009905,wiki-zh/899004#c48
Q009906,wiki-zh/899004#c48
Q009907,wiki-zh/899004#c45
Q009908,wiki-zh/899004#c45
Q009909,wiki-zh/899004#c45
Q009910,wiki-zh/899004#c48
Q009911,wiki-zh/899004#c49
Q009912,wiki-zh/899004#c49
Q009913,wiki-zh/899004#c50
Q009914,wiki-zh/899004#c50
Q009915,wiki-zh/899004#c50
Q009916,wiki-zh/899004#c51
Q009917,wiki-zh/899004#c51
Q009918,wiki-zh/899004#c51
Q009919,wiki-zh/899004#c51
Q009920,wiki-zh/899004#c51
Q009921,wiki-zh/899004#c51
